source_id,address,price,beds,type,status,url
"47L3wUS4YiR","45 Meeting Ln, Hicksville, NY 11801","1549000","5","Single Family Residence","Active","https://onekeymls.com/home-details/45-meeting-ln-hicksville-ny-11801/47L3wUS4YiR"
"8KnM0NppiE9","16 Violet Ave, Hicksville, NY 11801","1698000","5","Single Family Residence","Active","https://onekeymls.com/home-details/16-violet-ave-hicksville-ny-11801/8KnM0NppiE9"
"4PWFZPF0Xo6","35 Meeting Ln, Hicksville, NY 11801","699500","4","Single Family Residence","Active","https://onekeymls.com/home-details/35-meeting-ln-hicksville-ny-11801/4PWFZPF0Xo6"
"6vYYhsWyyD7","82 Lantern Rd, Hicksville, NY 11801","759000","4","Single Family Residence","Active","https://onekeymls.com/home-details/82-lantern-rd-hicksville-ny-11801/6vYYhsWyyD7"
"lPIMJelUqqR","14 Larch St, Hicksville, NY 11801","789000","3","Single Family Residence","Active","https://onekeymls.com/home-details/14-larch-st-hicksville-ny-11801/lPIMJelUqqR"
"G0qZKw9Tp7","12 Hilton Ct, Hicksville, NY 11801","848888","4","Single Family Residence","Active","https://onekeymls.com/home-details/12-hilton-ct-hicksville-ny-11801/G0qZKw9Tp7"
"lqX6OyrB8il","75 Linden Blvd, Hicksville, NY 11801","850000","3","Single Family Residence","Active","https://onekeymls.com/home-details/75-linden-blvd-hicksville-ny-11801/lqX6OyrB8il"
"7Wlj43dYWjD","62 Wellesley Ln, Hicksville, NY 11801","799999","4","Single Family Residence","Active","https://onekeymls.com/home-details/62-wellesley-ln-hicksville-ny-11801/7Wlj43dYWjD"
"jTVxCFvAhMc","12 Link Ln, Hicksville, NY 11801","865000","5","Single Family Residence","Active","https://onekeymls.com/home-details/12-link-ln-hicksville-ny-11801/jTVxCFvAhMc"
"aJJRarcKzWL","27 Grape Ln, Hicksville, NY 11801","1688000","5","Single Family Residence","Active","https://onekeymls.com/home-details/27-grape-ln-hicksville-ny-11801/aJJRarcKzWL"
"71uJB6Hn1Hn","4 Balsam Dr, Hicksville, NY 11801","1098888","4","Single Family Residence","Active","https://onekeymls.com/home-details/4-balsam-dr-hicksville-ny-11801/71uJB6Hn1Hn"
"eXonlujUz8x","7 Edward Ave, Hicksville, NY 11801","829000","4","Single Family Residence","Active","https://onekeymls.com/home-details/7-edward-ave-hicksville-ny-11801/eXonlujUz8x"
"83OGP0Vgt6j","26 Berry Ln, Hicksville, NY 11801","809999","4","Single Family Residence","Active","https://onekeymls.com/home-details/26-berry-ln-hicksville-ny-11801/83OGP0Vgt6j"
"f9M9eSGFdjm","118 W Cherry St, Hicksville, NY 11801","1628000","5","Single Family Residence","Active","https://onekeymls.com/home-details/118-w-cherry-st-hicksville-ny-11801/f9M9eSGFdjm"
"2xvPZjTsjd9","11 Verbena Ct, Hicksville, NY 11801","989999","3","Single Family Residence","Active","https://onekeymls.com/home-details/11-verbena-ct-hicksville-ny-11801/2xvPZjTsjd9"
"gDpBsGxxhef","20 Howard St, Hicksville, NY 11801","899000","4","Single Family Residence","Active","https://onekeymls.com/home-details/20-howard-st-hicksville-ny-11801/gDpBsGxxhef"
"ji3BPM7T4iF","14 Westmoreland Rd, Hicksville, NY 11801","859000","3","Single Family Residence","Active","https://onekeymls.com/home-details/14-westmoreland-rd-hicksville-ny-11801/ji3BPM7T4iF"
"iIWtsM2YNnj","89 West Ave, Hicksville, NY 11801","1729999","5","Single Family Residence","Active","https://onekeymls.com/home-details/89-west-ave-hicksville-ny-11801/iIWtsM2YNnj"
"8g5AcOIZbIz","30 Andover Ln, Hicksville, NY 11801","1040888","4","Single Family Residence","Active","https://onekeymls.com/home-details/30-andover-ln-hicksville-ny-11801/8g5AcOIZbIz"
"6wOeSiU3cKL","15 Farm Ln, Hicksville, NY 11801","888000","4","Single Family Residence","Active","https://onekeymls.com/home-details/15-farm-ln-hicksville-ny-11801/6wOeSiU3cKL"
"hEO38gGnSuO","71 6th St, Hicksville, NY 11801","775000","3","Single Family Residence","Active","https://onekeymls.com/home-details/71-6th-st-hicksville-ny-11801/hEO38gGnSuO"
"lPsEML1rt7g","10 York St, Hicksville, NY 11801","899999","4","Single Family Residence","Active","https://onekeymls.com/home-details/10-york-st-hicksville-ny-11801/lPsEML1rt7g"
"7XrsxFvLCcU","2 Briggs St, Hicksville, NY 11801","839000","4","Single Family Residence","Active","https://onekeymls.com/home-details/2-briggs-st-hicksville-ny-11801/7XrsxFvLCcU"
"9h2jSwiVDwD","31 Libby Ave, Hicksville, NY 11801","1348888","5","Single Family Residence","Active","https://onekeymls.com/home-details/31-libby-ave-hicksville-ny-11801/9h2jSwiVDwD"
"apsXBJernZG","7 Crown St, Hicksville, NY 11801","779000","3","Single Family Residence","Active","https://onekeymls.com/home-details/7-crown-st-hicksville-ny-11801/apsXBJernZG"
"dx3cAdbtBvY","21 Linden Blvd, Hicksville, NY 11801","999000","6","Single Family Residence","Pending","https://onekeymls.com/home-details/21-linden-blvd-hicksville-ny-11801/dx3cAdbtBvY"
"anSv9w5mWhd","42 Crescent St, Hicksville, NY 11801","769999","3","Single Family Residence","Pending","https://onekeymls.com/home-details/42-crescent-st-hicksville-ny-11801/anSv9w5mWhd"
"aGk4BA7MWJX","107 Nevada St, Hicksville, NY 11801","718500","3","Single Family Residence","Pending","https://onekeymls.com/home-details/107-nevada-st-hicksville-ny-11801/aGk4BA7MWJX"
"l39HCuU0F05","48 Flower St, Hicksville, NY 11801","869000","4","Single Family Residence","Active","https://onekeymls.com/home-details/48-flower-st-hicksville-ny-11801/l39HCuU0F05"
"5RArCOKufiU","13 Gerald Ave, Hicksville, NY 11801","699999","4","Single Family Residence","Pending","https://onekeymls.com/home-details/13-gerald-ave-hicksville-ny-11801/5RArCOKufiU"
"f0hmeACNtQO","382 Old Country Rd, Mineola, NY 11501","919000","4","Single Family Residence","Active","https://onekeymls.com/home-details/382-old-country-rd-mineola-ny-11501/f0hmeACNtQO"
"aDctt2x6kLt","425 Marcellus Rd, Mineola, NY 11501","885000","4","Single Family Residence","Active","https://onekeymls.com/home-details/425-marcellus-rd-mineola-ny-11501/aDctt2x6kLt"
"bMEtfzpRhxu","190 Albertson Pl, Mineola, NY 11501","819999","3","Single Family Residence","Active","https://onekeymls.com/home-details/190-albertson-pl-mineola-ny-11501/bMEtfzpRhxu"
"6WgCBE8qOsg","494 Sally Rd, Mineola, NY 11501","749999","3","Single Family Residence","Active","https://onekeymls.com/home-details/494-sally-rd-mineola-ny-11501/6WgCBE8qOsg"
"lQGZWlGYwie","100 Clinton Ave Unit 4N, Mineola, NY 11501","335000","1","Stock Cooperative","Coming Soon","https://onekeymls.com/home-details/100-clinton-ave-unit-4n-mineola-ny-11501/lQGZWlGYwie"
"iqn2NlboKfL","469 Andrews Rd, Mineola, NY 11501","1725000","5","Single Family Residence","Pending","https://onekeymls.com/home-details/469-andrews-rd-mineola-ny-11501/iqn2NlboKfL"
"9piWMzgb6pA","101 Clinton Ave Unit 3H, Mineola, NY 11501","290000","1","Stock Cooperative","Active","https://onekeymls.com/home-details/101-clinton-ave-unit-3h-mineola-ny-11501/9piWMzgb6pA"
"kwgJr1RUDyT","3 Birchwood Ct Unit 5G, Mineola, NY 11501","349000","1","Stock Cooperative","Active","https://onekeymls.com/home-details/3-birchwood-ct-unit-5g-mineola-ny-11501/kwgJr1RUDyT"
"664tZJw0EFx","177 Jerome Ave, Mineola, NY 11501","889000","3","Single Family Residence","Coming Soon","https://onekeymls.com/home-details/177-jerome-ave-mineola-ny-11501/664tZJw0EFx"
"6PCGUGar52Y","88 Windsor Ave, Mineola, NY 11501","2600000","","Industrial","Pending","https://onekeymls.com/home-details/88-windsor-ave-mineola-ny-11501/6PCGUGar52Y"
"Qi7n8DMSOs","4 Birchwood Ct Unit 1O, Mineola, NY 11501","335000","1","Stock Cooperative","Active","https://onekeymls.com/home-details/4-birchwood-ct-unit-1o-mineola-ny-11501/Qi7n8DMSOs"
"l54ncBURA71","465 Washington Pl, Mineola, NY 11501","849000","4","Single Family Residence","Active","https://onekeymls.com/home-details/465-washington-pl-mineola-ny-11501/l54ncBURA71"
"cqVtvcOz5Ua","2 Birchwood Ct Unit 1C, Mineola, NY 11501","365000","1","Stock Cooperative","Active","https://onekeymls.com/home-details/2-birchwood-ct-unit-1c-mineola-ny-11501/cqVtvcOz5Ua"
"kdsiardcTBw","220 Pomander Rd, Mineola, NY 11501","1780000","5","Single Family Residence","Active","https://onekeymls.com/home-details/220-pomander-rd-mineola-ny-11501/kdsiardcTBw"
"1wLkYUntbPj","149 Arlington St, Mineola, NY 11501","849000","3","Single Family Residence","Active","https://onekeymls.com/home-details/149-arlington-st-mineola-ny-11501/1wLkYUntbPj"
"hOL8Hw375tP","110 Barwick Blvd, Mineola, NY 11501","799990","4","Single Family Residence","Active","https://onekeymls.com/home-details/110-barwick-blvd-mineola-ny-11501/hOL8Hw375tP"
"gjjoSbSvBw0","120 Horton Hwy Unit C2, Mineola, NY 11501","190000","0","Stock Cooperative","Active","https://onekeymls.com/home-details/120-horton-hwy-unit-c2-mineola-ny-11501/gjjoSbSvBw0"
"8dZltnEQkHv","98 Albertson Pl, Mineola, NY 11501","749000","3","Single Family Residence","Active","https://onekeymls.com/home-details/98-albertson-pl-mineola-ny-11501/8dZltnEQkHv"
"9rI1DBhiWli","175 Latham Rd, Mineola, NY 11501","899000","5","Single Family Residence","Active","https://onekeymls.com/home-details/175-latham-rd-mineola-ny-11501/9rI1DBhiWli"
"gJYIXV4MQNL","73 Liberty Ave, Mineola, NY 11501","759000","4","Single Family Residence","Active","https://onekeymls.com/home-details/73-liberty-ave-mineola-ny-11501/gJYIXV4MQNL"
"3nG4uugmhJa","101 Clinton Ave Unit 1L, Mineola, NY 11501","489000","2","Stock Cooperative","Pending","https://onekeymls.com/home-details/101-clinton-ave-unit-1l-mineola-ny-11501/3nG4uugmhJa"
"1jDYSlvULR0","374 Andrews Rd, Mineola, NY 11501","949000","3","Single Family Residence","Pending","https://onekeymls.com/home-details/374-andrews-rd-mineola-ny-11501/1jDYSlvULR0"
"iIcV1HPpJfh","267 Hill St, Mineola, NY 11501","949000","5","Single Family Residence","Pending","https://onekeymls.com/home-details/267-hill-st-mineola-ny-11501/iIcV1HPpJfh"
"ejNHdSZfRIQ","6 Birchwood Ct Unit 4B, Mineola, NY 11501","325000","1","Stock Cooperative","Active","https://onekeymls.com/home-details/6-birchwood-ct-unit-4b-mineola-ny-11501/ejNHdSZfRIQ"
"7bwnRn0QNle","43 Westbury Ave, Mineola, NY 11501","1569000","5","Single Family Residence","Active","https://onekeymls.com/home-details/43-westbury-ave-mineola-ny-11501/7bwnRn0QNle"
"2ngDGWCURgE","448 Lewis Pl, Mineola, NY 11501","849999","4","Single Family Residence","Active","https://onekeymls.com/home-details/448-lewis-pl-mineola-ny-11501/2ngDGWCURgE"
"gqd6MLscc77","64 Cottage Pl, Mineola, NY 11501","1398000","4","Single Family Residence","Active","https://onekeymls.com/home-details/64-cottage-pl-mineola-ny-11501/gqd6MLscc77"
"fswe3Mcjhu5","3 Birchwood Ct Unit 1A, Mineola, NY 11501","249000","0","Stock Cooperative","Active","https://onekeymls.com/home-details/3-birchwood-ct-unit-1a-mineola-ny-11501/fswe3Mcjhu5"
"c1RPa2QXgf2","306 Latham Rd, Mineola, NY 11501","925000","3","Single Family Residence","Pending","https://onekeymls.com/home-details/306-latham-rd-mineola-ny-11501/c1RPa2QXgf2"
"hUTOp6LpFrt","100 Lincoln Ave Unit 3D, Mineola, NY 11501","369000","1","Stock Cooperative","Active","https://onekeymls.com/home-details/100-lincoln-ave-unit-3d-mineola-ny-11501/hUTOp6LpFrt"
"hk3qvgKtWW2","411 New Hyde Park Rd, New Hyde Park, NY 11040","999000","5","Manufactured Home","Active","https://onekeymls.com/home-details/411-new-hyde-park-rd-new-hyde-park-ny-11040/hk3qvgKtWW2"
"lG6CUX4tnyB","105 Moore St, New Hyde Park, NY 11040","1450000","5","Single Family Residence","Active","https://onekeymls.com/home-details/105-moore-st-new-hyde-park-ny-11040/lG6CUX4tnyB"
"jGYT2eI8deB","54 Camden Pl, New Hyde Park, NY 11040","1139000","3","Single Family Residence","Active","https://onekeymls.com/home-details/54-camden-pl-new-hyde-park-ny-11040/jGYT2eI8deB"
"lGupMuvvOkf","42 Celler Avenue, New Hyde Park, NY 11040","1649000","4","Single Family Residence","Active","https://onekeymls.com/home-details/42-celler-avenue-new-hyde-park-ny-11040/lGupMuvvOkf"
"9YvwyOR46wZ","529 7th Ave, New Hyde Park, NY 11040","1159000","6","Manufactured Home","Active","https://onekeymls.com/home-details/529-7th-ave-new-hyde-park-ny-11040/9YvwyOR46wZ"
"hHiKyFTFacD","47 Sperry Ct, New Hyde Park, NY 11040","1149000","4","Single Family Residence","Active","https://onekeymls.com/home-details/47-sperry-ct-new-hyde-park-ny-11040/hHiKyFTFacD"
"33czhAT3o9w","108 Marcus Ave, New Hyde Park, NY 11040","999999","3","Single Family Residence","Active","https://onekeymls.com/home-details/108-marcus-ave-new-hyde-park-ny-11040/33czhAT3o9w"
"iFmy0kKLvOM","710 Premier Blvd, New Hyde Park, NY 11040","899999","4","Single Family Residence","Active","https://onekeymls.com/home-details/710-premier-blvd-new-hyde-park-ny-11040/iFmy0kKLvOM"
"ao8i8v9hEva","102 Strattford Rd, New Hyde Park, NY 11040","1150000","4","Single Family Residence","Active","https://onekeymls.com/home-details/102-strattford-rd-new-hyde-park-ny-11040/ao8i8v9hEva"
"5EArZrLae8g","35 79th Ave, New Hyde Park, NY 11040","939000","3","Single Family Residence","Active","https://onekeymls.com/home-details/35-79th-ave-new-hyde-park-ny-11040/5EArZrLae8g"
"5RdjMMa4BmM","8275 Langdale St Unit 103A, New Hyde Park, NY 11040","409999","2","Stock Cooperative","Active","https://onekeymls.com/home-details/8275-langdale-st-unit-103a-new-hyde-park-ny-11040/5RdjMMa4BmM"
"aLQJ09b52ql","214 Park Ave, New Hyde Park, NY 11040","980000","4","Single Family Residence","Active","https://onekeymls.com/home-details/214-park-ave-new-hyde-park-ny-11040/aLQJ09b52ql"
"jyUBX9nykIq","159 South Dr, Manhasset Hills, NY 11040","1690000","4","Single Family Residence","Active","https://onekeymls.com/home-details/159-south-dr-manhasset-hills-ny-11040/jyUBX9nykIq"
"4aRMgGq5Hf6","1517 Falmouth Ave, New Hyde Park, NY 11040","898000","4","Single Family Residence","Active","https://onekeymls.com/home-details/1517-falmouth-ave-new-hyde-park-ny-11040/4aRMgGq5Hf6"
"b3OI31vOOcG","1902 Jericho Tpke, New Hyde Park, NY 11040","550000","","Business","Active","https://onekeymls.com/home-details/1902-jericho-tpke-new-hyde-park-ny-11040/b3OI31vOOcG"
"kbuSA6IDQiV","35 Rose Ln, New Hyde Park, NY 11040","1029000","4","Single Family Residence","Pending","https://onekeymls.com/home-details/35-rose-ln-new-hyde-park-ny-11040/kbuSA6IDQiV"
"asvGrsh8ahG","102 Kate Dr, New Hyde Park, NY 11040","1675000","4","Single Family Residence","Active","https://onekeymls.com/home-details/102-kate-dr-new-hyde-park-ny-11040/asvGrsh8ahG"
"kOAGeGdRskL","7 Dunhill Rd, Manhasset Hills, NY 11040","1898000","4","Single Family Residence","Active","https://onekeymls.com/home-details/7-dunhill-rd-manhasset-hills-ny-11040/kOAGeGdRskL"
"681HRgmQRjV","26919 81st Ave, New Hyde Park, NY 11040","874999","2","Single Family Residence","Coming Soon","https://onekeymls.com/home-details/26919-81st-ave-new-hyde-park-ny-11040/681HRgmQRjV"
"8nWYrUlnltx","2 Aster Dr, New Hyde Park, NY 11040","1148000","5","Single Family Residence","Pending","https://onekeymls.com/home-details/2-aster-dr-new-hyde-park-ny-11040/8nWYrUlnltx"
"7OWTfXGJIWZ","26 Knolls Dr, Manhasset Hills, NY 11040","1699999","4","Single Family Residence","Pending","https://onekeymls.com/home-details/26-knolls-dr-manhasset-hills-ny-11040/7OWTfXGJIWZ"
"4hjfacq1jak","627 10th Ave, New Hyde Park, NY 11040","869999","5","Single Family Residence","Pending","https://onekeymls.com/home-details/627-10th-ave-new-hyde-park-ny-11040/4hjfacq1jak"
"eMxkhtXYv6n","120 N 10th St, New Hyde Park, NY 11040","949000","5","Single Family Residence","Active","https://onekeymls.com/home-details/120-n-10th-st-new-hyde-park-ny-11040/eMxkhtXYv6n"
"eylR0bC9LrV","505 Leonard Blvd, New Hyde Park, NY 11040","748000","3","Single Family Residence","Pending","https://onekeymls.com/home-details/505-leonard-blvd-new-hyde-park-ny-11040/eylR0bC9LrV"
"bEmyRlq4iSn","12 Park Ave, New Hyde Park, NY 11040","748000","5","Single Family Residence","Pending","https://onekeymls.com/home-details/12-park-ave-new-hyde-park-ny-11040/bEmyRlq4iSn"
"37RleST6eAP","83 Stephan Marc Ln, New Hyde Park, NY 11040","999999","4","Single Family Residence","Active","https://onekeymls.com/home-details/83-stephan-marc-ln-new-hyde-park-ny-11040/37RleST6eAP"
"kBysCYKNl4Z","415 Leonard Blvd, New Hyde Park, NY 11040","949000","2","Single Family Residence","Active","https://onekeymls.com/home-details/415-leonard-blvd-new-hyde-park-ny-11040/kBysCYKNl4Z"
"8qcMCTqVsNq","14 N 4th St, New Hyde Park, NY 11040","899000","3","Single Family Residence","Active","https://onekeymls.com/home-details/14-n-4th-st-new-hyde-park-ny-11040/8qcMCTqVsNq"
"7syhHHIPWEW","2 Foxhurst Ct, Manhasset Hills, NY 11040","1768000","4","Single Family Residence","Active","https://onekeymls.com/home-details/2-foxhurst-ct-manhasset-hills-ny-11040/7syhHHIPWEW"
"dngZ9vKAPMl","547 N 11th St, New Hyde Park, NY 11040","950000","4","Duplex","Pending","https://onekeymls.com/home-details/547-n-11th-st-new-hyde-park-ny-11040/dngZ9vKAPMl"
"2Mwr89Ru4Ka","1822 Kent St, Westbury, NY 11590","1087000","3","Single Family Residence","Active","https://onekeymls.com/home-details/1822-kent-st-westbury-ny-11590/2Mwr89Ru4Ka"
"2bq8K0JM92r","11 Parkwood Rd, Westbury, NY 11590","800000","4","Single Family Residence","Active","https://onekeymls.com/home-details/11-parkwood-rd-westbury-ny-11590/2bq8K0JM92r"
"fJGJeGzN0A3","2020 Valentines Rd, Westbury, NY 11590","1498888","5","Single Family Residence","Active","https://onekeymls.com/home-details/2020-valentines-rd-westbury-ny-11590/fJGJeGzN0A3"
"ekaIGw2DOTl","177 Drexel Ave, Westbury, NY 11590","899000","4","Single Family Residence","Active","https://onekeymls.com/home-details/177-drexel-ave-westbury-ny-11590/ekaIGw2DOTl"
"7wS8eI3vtYX","1931 Stratford Dr, Westbury, NY 11590","2939000","6","Single Family Residence","Active","https://onekeymls.com/home-details/1931-stratford-dr-westbury-ny-11590/7wS8eI3vtYX"
"etgZBL0eiT9","32 W Cabot Ln, Westbury, NY 11590","835000","5","Single Family Residence","Active","https://onekeymls.com/home-details/32-w-cabot-ln-westbury-ny-11590/etgZBL0eiT9"
"4zpwXdamBd3","44 Bruce Ln, Westbury, NY 11590","1199000","4","Single Family Residence","Active","https://onekeymls.com/home-details/44-bruce-ln-westbury-ny-11590/4zpwXdamBd3"
"glYQkd3X8Mr","43 W Cabot Ln, Westbury, NY 11590","1799999","5","Single Family Residence","Active","https://onekeymls.com/home-details/43-w-cabot-ln-westbury-ny-11590/glYQkd3X8Mr"
"b0Gokijz3ze","916 Park Ave, Westbury, NY 11590","715000","3","Single Family Residence","Active","https://onekeymls.com/home-details/916-park-ave-westbury-ny-11590/b0Gokijz3ze"
"8K9tgeqA4mK","158 Wilson Ave, Westbury, NY 11590","1049000","4","Single Family Residence","Active","https://onekeymls.com/home-details/158-wilson-ave-westbury-ny-11590/8K9tgeqA4mK"
"eY1yfT3Y8eI","242 Maple Ave Unit 319, Westbury, NY 11590","489000","1","Condominium","Active","https://onekeymls.com/home-details/242-maple-ave-unit-319-westbury-ny-11590/eY1yfT3Y8eI"
"6yNjGPPVU2v","20 Flagstone Ln, Westbury, NY 11590","785000","6","Single Family Residence","Active","https://onekeymls.com/home-details/20-flagstone-ln-westbury-ny-11590/6yNjGPPVU2v"
"9vFzdkjoQMB","608 Carman Ave Unit C2, Westbury, NY 11590","674000","2","Condominium","Pending","https://onekeymls.com/home-details/608-carman-ave-unit-c2-westbury-ny-11590/9vFzdkjoQMB"
"3HOMRnUEMOw","72 Cypress Lane, Westbury, NY 11590","1699990","5","Single Family Residence","Active","https://onekeymls.com/home-details/72-cypress-lane-westbury-ny-11590/3HOMRnUEMOw"
"g4VOm5ba9LK","146 Longwood Ave, Westbury, NY 11590","1199000","4","Single Family Residence","Coming Soon","https://onekeymls.com/home-details/146-longwood-ave-westbury-ny-11590/g4VOm5ba9LK"
"4EjkpaRHKda","30 Hedge Ln, Westbury, NY 11590","1820000","5","Single Family Residence","Active","https://onekeymls.com/home-details/30-hedge-ln-westbury-ny-11590/4EjkpaRHKda"
"iBlkatSjxHN","161 Friends Ln, Westbury, NY 11590","899999","4","Single Family Residence","Pending","https://onekeymls.com/home-details/161-friends-ln-westbury-ny-11590/iBlkatSjxHN"
"l0H4h28Gfez","200 Saint Bridgets Lane, Westbury, NY 11590","895000","4","Single Family Residence","Pending","https://onekeymls.com/home-details/200-saint-bridgets-lane-westbury-ny-11590/l0H4h28Gfez"
"akWLF8EfWh5","343 Sylvan Ln, Westbury, NY 11590","899000","4","Single Family Residence","Active","https://onekeymls.com/home-details/343-sylvan-ln-westbury-ny-11590/akWLF8EfWh5"
"ajOadeE4V9J","97 Broadmoor Ln, Westbury, NY 11590","1149999","3","Single Family Residence","Active","https://onekeymls.com/home-details/97-broadmoor-ln-westbury-ny-11590/ajOadeE4V9J"
"4eryDfxKA6n","453 Dartmouth St, Westbury, NY 11590","775000","4","Single Family Residence","Pending","https://onekeymls.com/home-details/453-dartmouth-st-westbury-ny-11590/4eryDfxKA6n"
"9KVLJAtYiHh","900 Salisbury Park Dr, Westbury, NY 11590","2788888","5","Single Family Residence","Active","https://onekeymls.com/home-details/900-salisbury-park-dr-westbury-ny-11590/9KVLJAtYiHh"
"5P9fZZsMtqS","1037 Broadway, Westbury, NY 11590","575000","4","Single Family Residence","Pending","https://onekeymls.com/home-details/1037-broadway-westbury-ny-11590/5P9fZZsMtqS"
"lt3CipCFjdG","25 Cobalt Ln, Westbury, NY 11590","949000","4","Single Family Residence","Pending","https://onekeymls.com/home-details/25-cobalt-ln-westbury-ny-11590/lt3CipCFjdG"
"htBwqccU088","858 Oliver Ave, Westbury, NY 11590","699000","5","Single Family Residence","Active","https://onekeymls.com/home-details/858-oliver-ave-westbury-ny-11590/htBwqccU088"
"2zfiXZiLlWs","182 Friends Ln, Westbury, NY 11590","1798888","5","Single Family Residence","Active","https://onekeymls.com/home-details/182-friends-ln-westbury-ny-11590/2zfiXZiLlWs"
"l18wTdKWN9U","12 Patience Ln, Westbury, NY 11590","1699000","5","Single Family Residence","Active","https://onekeymls.com/home-details/12-patience-ln-westbury-ny-11590/l18wTdKWN9U"
"a7ZHmyvJHQ8","348 Trotting Ln, Westbury, NY 11590","889000","2","Condominium","Active","https://onekeymls.com/home-details/348-trotting-ln-westbury-ny-11590/a7ZHmyvJHQ8"
"3neerw7Fb0h","175 Maple Ave Unit 2M, Westbury, NY 11590","620000","2","Condominium","Active","https://onekeymls.com/home-details/175-maple-ave-unit-2m-westbury-ny-11590/3neerw7Fb0h"
"esgd2zBCC7V","365 Sheridan St, Westbury, NY 11590","600000","4","Single Family Residence","Active","https://onekeymls.com/home-details/365-sheridan-st-westbury-ny-11590/esgd2zBCC7V"
"3XABzS56Ct1","50 Commander Ave, Garden City, NY 11530","1149000","4","Single Family Residence","Active","https://onekeymls.com/home-details/50-commander-ave-garden-city-ny-11530/3XABzS56Ct1"
"3wRflOqQQZo","191 Brixton Rd S, Garden City, NY 11530","1159000","4","Single Family Residence","Active","https://onekeymls.com/home-details/191-brixton-rd-s-garden-city-ny-11530/3wRflOqQQZo"
"a33mrQ6wKeV","108 Tanners Pond Rd, Garden City, NY 11530","2899000","6","Single Family Residence","Active","https://onekeymls.com/home-details/108-tanners-pond-rd-garden-city-ny-11530/a33mrQ6wKeV"
"jJLLtLurCYY","11 1st Pl, Garden City, NY 11530","1059000","3","Single Family Residence","Active","https://onekeymls.com/home-details/11-1st-pl-garden-city-ny-11530/jJLLtLurCYY"
"18fHN8uAsNw","466 Croyden Rd, Garden City South, NY 11530","898000","4","Single Family Residence","Coming Soon","https://onekeymls.com/home-details/466-croyden-rd-garden-city-south-ny-11530/18fHN8uAsNw"
"oOvUj5gp9H","60 Kenwood Rd, Garden City, NY 11530","2250000","4","Single Family Residence","Pending","https://onekeymls.com/home-details/60-kenwood-rd-garden-city-ny-11530/oOvUj5gp9H"
"3LizdxTzYfY","78 Poplar St, Garden City, NY 11530","2385000","5","Single Family Residence","Active","https://onekeymls.com/home-details/78-poplar-st-garden-city-ny-11530/3LizdxTzYfY"
"ijJVqjKi97j","201 Kildare Rd, Garden City, NY 11530","1549000","3","Single Family Residence","Coming Soon","https://onekeymls.com/home-details/201-kildare-rd-garden-city-ny-11530/ijJVqjKi97j"
"aDdvrZ2E9c1","100 Hilton Ave Unit 907, Garden City, NY 11530","1250000","2","Condominium","Pending","https://onekeymls.com/home-details/100-hilton-ave-unit-907-garden-city-ny-11530/aDdvrZ2E9c1"
"1zco4NtaD18","123 Fifteenth Unit B1, Garden City, NY 11530","365000","1","Stock Cooperative","Coming Soon","https://onekeymls.com/home-details/123-fifteenth-unit-b1-garden-city-ny-11530/1zco4NtaD18"
"64ciM1s6ZEI","111 Cherry Valley Ave Unit 304, Garden City, NY 11530","1195000","2","Condominium","Pending","https://onekeymls.com/home-details/111-cherry-valley-ave-unit-304-garden-city-ny-11530/64ciM1s6ZEI"
"hHTvARgYCpT","38 Laurel St, Garden City, NY 11530","1399000","5","Single Family Residence","Pending","https://onekeymls.com/home-details/38-laurel-st-garden-city-ny-11530/hHTvARgYCpT"
"djrSQyqeBh9","111 Cherry Valley Ave Unit Ph4, Garden City, NY 11530","2499000","3","Condominium","Active","https://onekeymls.com/home-details/111-cherry-valley-ave-unit-ph4-garden-city-ny-11530/djrSQyqeBh9"
"edyweUUfGZF","221 Kensington Rd, Garden City, NY 11530","1895000","4","Single Family Residence","Active","https://onekeymls.com/home-details/221-kensington-rd-garden-city-ny-11530/edyweUUfGZF"
"4eBgFjJbGtx","96 Huntington Rd, Garden City, NY 11530","1499000","3","Single Family Residence","Active","https://onekeymls.com/home-details/96-huntington-rd-garden-city-ny-11530/4eBgFjJbGtx"
"exQFz4RjTf0","16 Linden St, Garden City, NY 11530","1299000","3","Single Family Residence","Active","https://onekeymls.com/home-details/16-linden-st-garden-city-ny-11530/exQFz4RjTf0"
"dHs36TyidlY","89 Poplar St, Garden City, NY 11530","1799000","5","Single Family Residence","Active","https://onekeymls.com/home-details/89-poplar-st-garden-city-ny-11530/dHs36TyidlY"
"1QaiWTzshms","8 Brixton Rd, Garden City, NY 11530","2688000","5","Single Family Residence","Pending","https://onekeymls.com/home-details/8-brixton-rd-garden-city-ny-11530/1QaiWTzshms"
"fYZ4mdk9SFE","154 Argyle Rd, Stewart Manor, NY 11530","975000","4","Single Family Residence","Active","https://onekeymls.com/home-details/154-argyle-rd-stewart-manor-ny-11530/fYZ4mdk9SFE"
"dFqm2niUZpn","65 Stewart Ave, Stewart Manor, NY 11530","799999","4","Single Family Residence","Active","https://onekeymls.com/home-details/65-stewart-ave-stewart-manor-ny-11530/dFqm2niUZpn"
"hlDCBRHPEqg","15 Glen Rd, Garden City, NY 11530","2998000","5","Single Family Residence","Active","https://onekeymls.com/home-details/15-glen-rd-garden-city-ny-11530/hlDCBRHPEqg"
"gn8YEG7q1ET","266 Cherry Valley Ave Unit B1, Garden City, NY 11530","299000","1","Stock Cooperative","Pending","https://onekeymls.com/home-details/266-cherry-valley-ave-unit-b1-garden-city-ny-11530/gn8YEG7q1ET"
"6gHBSJGl6Bl","84 Fernwood Ter, Garden City, NY 11530","1599000","4","Single Family Residence","Pending","https://onekeymls.com/home-details/84-fernwood-ter-garden-city-ny-11530/6gHBSJGl6Bl"
"fFVUgaX03q0","105 Stewart Ave, Garden City, NY 11530","1699000","4","Single Family Residence","Active","https://onekeymls.com/home-details/105-stewart-ave-garden-city-ny-11530/fFVUgaX03q0"
"715tJfjy3uu","127 2nd St Unit F1, Garden City, NY 11530","499000","2","Stock Cooperative","Pending","https://onekeymls.com/home-details/127-2nd-st-unit-f1-garden-city-ny-11530/715tJfjy3uu"
"4Loat7Qhort","146 Lincoln St, Garden City, NY 11530","995000","2","Single Family Residence","Pending","https://onekeymls.com/home-details/146-lincoln-st-garden-city-ny-11530/4Loat7Qhort"
"3zaKVqaxAt6","111 Cherry Valley Ave Unit 408W, Garden City, NY 11530","775000","1","Condominium","Active","https://onekeymls.com/home-details/111-cherry-valley-ave-unit-408w-garden-city-ny-11530/3zaKVqaxAt6"
"5jwvS67CzW3","248 Kensington Rd S, Garden City, NY 11530","795000","3","Single Family Residence","Active","https://onekeymls.com/home-details/248-kensington-rd-s-garden-city-ny-11530/5jwvS67CzW3"
"l6XuV4Xehse","17 Maxwell Rd, Garden City, NY 11530","1699000","5","Single Family Residence","Active","https://onekeymls.com/home-details/17-maxwell-rd-garden-city-ny-11530/l6XuV4Xehse"
"SP5ca2eHZX","16 Elton Rd, Stewart Manor, NY 11530","999999","4","Single Family Residence","Active","https://onekeymls.com/home-details/16-elton-rd-stewart-manor-ny-11530/SP5ca2eHZX"
"eyU8xC7tRzG","25810 87th Rd, Floral Park, NY 11001","1059999","4","Single Family Residence","Active","https://onekeymls.com/home-details/25810-87th-rd-floral-park-ny-11001/eyU8xC7tRzG"
"kv0ZlTXvAxn","335 Roquette Ave, Floral Park, NY 11001","850000","4","Single Family Residence","Active","https://onekeymls.com/home-details/335-roquette-ave-floral-park-ny-11001/kv0ZlTXvAxn"
"8mGm7ZeTtsa","5 Elm Ave, Floral Park, NY 11001","1450000","4","Single Family Residence","Active","https://onekeymls.com/home-details/5-elm-ave-floral-park-ny-11001/8mGm7ZeTtsa"
"73ziv3Ys9kN","478 Carnation Ave, Floral Park, NY 11001","1250000","4","Single Family Residence","Active","https://onekeymls.com/home-details/478-carnation-ave-floral-park-ny-11001/73ziv3Ys9kN"
"etREpur5exS","185 Crocus Ave, Floral Park, NY 11001","939000","3","Single Family Residence","Active","https://onekeymls.com/home-details/185-crocus-ave-floral-park-ny-11001/etREpur5exS"
"ivm3LykDW3p","9431 239th St, Floral Park, NY 11001","949000","3","Single Family Residence","Active","https://onekeymls.com/home-details/9431-239th-st-floral-park-ny-11001/ivm3LykDW3p"
"jDiJXnEmc8J","946 Cherry Lane, Garden City Park, NY 11001","2288000","5","Single Family Residence","Active","https://onekeymls.com/home-details/946-cherry-lane-garden-city-park-ny-11001/jDiJXnEmc8J"
"qJTdheAGk1","262 Floral Blvd, Floral Park, NY 11001","839000","3","Single Family Residence","Active","https://onekeymls.com/home-details/262-floral-blvd-floral-park-ny-11001/qJTdheAGk1"
"2flVZkv3rnn","9451 226th St, Floral Park, NY 11001","825000","3","Single Family Residence","Active","https://onekeymls.com/home-details/9451-226th-st-floral-park-ny-11001/2flVZkv3rnn"
"3bT1AilH3Dx","8 Orchid St, Floral Park, NY 11001","998000","3","Single Family Residence","Active","https://onekeymls.com/home-details/8-orchid-st-floral-park-ny-11001/3bT1AilH3Dx"
"4xzDbakdDP9","9445 243rd St, Floral Park, NY 11001","849000","3","Single Family Residence","Pending","https://onekeymls.com/home-details/9445-243rd-st-floral-park-ny-11001/4xzDbakdDP9"
"asM0MpKEWfT","214 Lowell Ave, Floral Park, NY 11001","950000","5","Single Family Residence","Active","https://onekeymls.com/home-details/214-lowell-ave-floral-park-ny-11001/asM0MpKEWfT"
"4qZMcmzImE8","78 Ontario Rd, Floral Park, NY 11001","1495000","4","Single Family Residence","Active","https://onekeymls.com/home-details/78-ontario-rd-floral-park-ny-11001/4qZMcmzImE8"
"9ORhfvtJG6D","89 Beverly Ave, Floral Park, NY 11001","948000","4","Single Family Residence","Pending","https://onekeymls.com/home-details/89-beverly-ave-floral-park-ny-11001/9ORhfvtJG6D"
"1Wjt336N71o","10 Hazel Pl, Floral Park, NY 11001","1649000","4","Single Family Residence","Active","https://onekeymls.com/home-details/10-hazel-pl-floral-park-ny-11001/1Wjt336N71o"
"9J8JnWpWqkt","91 Tulip Ave Unit C1, Floral Park, NY 11001","399990","2","Stock Cooperative","Pending","https://onekeymls.com/home-details/91-tulip-ave-unit-c1-floral-park-ny-11001/9J8JnWpWqkt"
"k0eRGTN5Vrl","276 85th Ave, Floral Park, NY 11001","999000","4","Single Family Residence","Active","https://onekeymls.com/home-details/276-85th-ave-floral-park-ny-11001/k0eRGTN5Vrl"
"gwvGdrh15ae","169 Landau Ave, Floral Park, NY 11001","995000","3","Single Family Residence","Active","https://onekeymls.com/home-details/169-landau-ave-floral-park-ny-11001/gwvGdrh15ae"
"l9nI6RVx3HW","78 Mckee St, Floral Park, NY 11001","629000","2","Single Family Residence","Pending","https://onekeymls.com/home-details/78-mckee-st-floral-park-ny-11001/l9nI6RVx3HW"
"eeymob8j5ck","187 Raff Avenue, Floral Park, NY 11001","699999","4","Single Family Residence","Pending","https://onekeymls.com/home-details/187-raff-avenue-floral-park-ny-11001/eeymob8j5ck"
"dHCdoMHJDjH","67 Iris Ave, Floral Park, NY 11001","918000","3","Single Family Residence","Active","https://onekeymls.com/home-details/67-iris-ave-floral-park-ny-11001/dHCdoMHJDjH"
"kDycKYPNn1T","67 Cedar Pl, Floral Park, NY 11001","888888","4","Single Family Residence","Active","https://onekeymls.com/home-details/67-cedar-pl-floral-park-ny-11001/kDycKYPNn1T"
"UssaFnMZzV","37 Magnolia Ave, Floral Park, NY 11001","798000","4","Single Family Residence","Active","https://onekeymls.com/home-details/37-magnolia-ave-floral-park-ny-11001/UssaFnMZzV"
"9YAhqN2KAxb","100 Memphis Ave, Floral Park, NY 11001","839900","3","Single Family Residence","Active","https://onekeymls.com/home-details/100-memphis-ave-floral-park-ny-11001/9YAhqN2KAxb"
"di7TiLKuy55","179 Locust St, Floral Park, NY 11001","1095000","3","Single Family Residence","Active","https://onekeymls.com/home-details/179-locust-st-floral-park-ny-11001/di7TiLKuy55"
"20wRLYIUqxo","459 Roquette Ave, Floral Park, NY 11001","699999","4","Single Family Residence","Active","https://onekeymls.com/home-details/459-roquette-ave-floral-park-ny-11001/20wRLYIUqxo"
"ltaH8gLBRUa","141 Emerson Ave, Floral Park, NY 11001","1399000","4","Single Family Residence","Active","https://onekeymls.com/home-details/141-emerson-ave-floral-park-ny-11001/ltaH8gLBRUa"
"eDM7BvUmVby","143 Emerson Ave, Floral Park, NY 11001","1399000","4","Single Family Residence","Active","https://onekeymls.com/home-details/143-emerson-ave-floral-park-ny-11001/eDM7BvUmVby"
"isFwNTWytLS","8780 Little Neck Pkwy, Floral Park, NY 11001","825000","3","Single Family Residence","Active","https://onekeymls.com/home-details/8780-little-neck-pkwy-floral-park-ny-11001/isFwNTWytLS"
"86z2VSGB54","26209 E Williston Ave, Floral Park, NY 11001","799000","3","Single Family Residence","Active","https://onekeymls.com/home-details/26209-e-williston-ave-floral-park-ny-11001/86z2VSGB54"
"gajEXaB6Qlu","179 Sterling Rd, Elmont, NY 11003","949999","4","Single Family Residence","Active","https://onekeymls.com/home-details/179-sterling-rd-elmont-ny-11003/gajEXaB6Qlu"
"g8bv4pxilBH","156 Meacham Ave, Elmont, NY 11003","659000","5","Single Family Residence","Pending","https://onekeymls.com/home-details/156-meacham-ave-elmont-ny-11003/g8bv4pxilBH"
"aBO4O15rhaN","115 Marguerite Ave, Elmont, NY 11003","1569000","5","Single Family Residence","Active","https://onekeymls.com/home-details/115-marguerite-ave-elmont-ny-11003/aBO4O15rhaN"
"aHjuyI1BZ5o","1 Melrose St, Elmont, NY 11003","799000","3","Single Family Residence","Active","https://onekeymls.com/home-details/1-melrose-st-elmont-ny-11003/aHjuyI1BZ5o"
"5di37d5THwg","82 Cerenzia Blvd, Elmont, NY 11003","849000","3","Single Family Residence","Active","https://onekeymls.com/home-details/82-cerenzia-blvd-elmont-ny-11003/5di37d5THwg"
"34QR0hqY3ip","84 Holland Ave, Elmont, NY 11003","987000","5","Single Family Residence","Active","https://onekeymls.com/home-details/84-holland-ave-elmont-ny-11003/34QR0hqY3ip"
"h4tDnrZzFnD","63 Ruby St, Elmont, NY 11003","759999","3","Single Family Residence","Active","https://onekeymls.com/home-details/63-ruby-st-elmont-ny-11003/h4tDnrZzFnD"
"c13nsYDCYgW","64 Landau Ave, Elmont, NY 11003","1599000","5","Single Family Residence","Active","https://onekeymls.com/home-details/64-landau-ave-elmont-ny-11003/c13nsYDCYgW"
"iA1VJeKXJTa","15 Belmont Blvd, Elmont, NY 11003","860000","4","Single Family Residence","Active","https://onekeymls.com/home-details/15-belmont-blvd-elmont-ny-11003/iA1VJeKXJTa"
"j2ub8ydGts1","1267 Nelson St, Elmont, NY 11003","699000","3","Single Family Residence","Active","https://onekeymls.com/home-details/1267-nelson-st-elmont-ny-11003/j2ub8ydGts1"
"1D8zt7H2IYj","447 Keller Ave, Elmont, NY 11003","1499999","5","Single Family Residence","Active","https://onekeymls.com/home-details/447-keller-ave-elmont-ny-11003/1D8zt7H2IYj"
"gPd7oFQd4bZ","23 Doherty Ave, Elmont, NY 11003","1588000","7","Duplex","Active","https://onekeymls.com/home-details/23-doherty-ave-elmont-ny-11003/gPd7oFQd4bZ"
"kijYIFNjXbo","1360 News Ave, Elmont, NY 11003","549990","2","Single Family Residence","Active","https://onekeymls.com/home-details/1360-news-ave-elmont-ny-11003/kijYIFNjXbo"
"hZFjpES6sMq","2088 Renfrew Ave, Elmont, NY 11003","850000","3","Single Family Residence","Active","https://onekeymls.com/home-details/2088-renfrew-ave-elmont-ny-11003/hZFjpES6sMq"
"1NFPrtmyOdu","13 Crystal St, Elmont, NY 11003","749999","4","Single Family Residence","Active","https://onekeymls.com/home-details/13-crystal-st-elmont-ny-11003/1NFPrtmyOdu"
"fLMY4hTshAc","1977 Jackson Ave, Elmont, NY 11003","849000","5","Single Family Residence","Active","https://onekeymls.com/home-details/1977-jackson-ave-elmont-ny-11003/fLMY4hTshAc"
"cYJxRTJBkMK","1442 Woolworth St, Elmont, NY 11003","629980","2","Single Family Residence","Active","https://onekeymls.com/home-details/1442-woolworth-st-elmont-ny-11003/cYJxRTJBkMK"
"beIYJn9tkRJ","1430 Omega St, Elmont, NY 11003","999000","5","Single Family Residence","Pending","https://onekeymls.com/home-details/1430-omega-st-elmont-ny-11003/beIYJn9tkRJ"
"3iDJtddWqmQ","1301 Times Ave, Elmont, NY 11003","799000","4","Single Family Residence","Active","https://onekeymls.com/home-details/1301-times-ave-elmont-ny-11003/3iDJtddWqmQ"
"cMXwcLJ6nsI","46 Hathaway Ave, Elmont, NY 11003","715000","3","Single Family Residence","Active","https://onekeymls.com/home-details/46-hathaway-ave-elmont-ny-11003/cMXwcLJ6nsI"
"OzoFUwXVAj","103 Meacham Ave, Elmont, NY 11003","549000","1","Single Family Residence","Active","https://onekeymls.com/home-details/103-meacham-ave-elmont-ny-11003/OzoFUwXVAj"
"9dcgB1StLIl","702 Diellen Ln, Elmont, NY 11003","749999","3","Single Family Residence","Active","https://onekeymls.com/home-details/702-diellen-ln-elmont-ny-11003/9dcgB1StLIl"
"H7E1WAeXeG","124 Meacham Ave, Elmont, NY 11003","969000","2","Quadruplex","Pending","https://onekeymls.com/home-details/124-meacham-ave-elmont-ny-11003/H7E1WAeXeG"
"9rVIw0V4jVe","642 Lenore Ln, Elmont, NY 11003","1588000","4","Single Family Residence","Active","https://onekeymls.com/home-details/642-lenore-ln-elmont-ny-11003/9rVIw0V4jVe"
"h3o5B6FXZ1s","471 Eureka Ave, Elmont, NY 11003","858000","3","Duplex","Active","https://onekeymls.com/home-details/471-eureka-ave-elmont-ny-11003/h3o5B6FXZ1s"
"3xd6YzNGd62","1424 Kiefer Ave, Elmont, NY 11003","749000","3","Single Family Residence","Active","https://onekeymls.com/home-details/1424-kiefer-ave-elmont-ny-11003/3xd6YzNGd62"
"eBIdwaqsoUz","1316 Telegram Ave, Elmont, NY 11003","699000","4","Single Family Residence","Active","https://onekeymls.com/home-details/1316-telegram-ave-elmont-ny-11003/eBIdwaqsoUz"
"6EpMIOSY6OT","49 Queens Ave, Elmont, NY 11003","615000","2","Single Family Residence","Active","https://onekeymls.com/home-details/49-queens-ave-elmont-ny-11003/6EpMIOSY6OT"
"9bBk4mXCRcF","2267 Ludlam Ave, Elmont, NY 11003","674999","3","Single Family Residence","Pending","https://onekeymls.com/home-details/2267-ludlam-ave-elmont-ny-11003/9bBk4mXCRcF"
"7lSvXQ8V7ka","44 Belmont Blvd, Elmont, NY 11003","750000","3","Single Family Residence","Active","https://onekeymls.com/home-details/44-belmont-blvd-elmont-ny-11003/7lSvXQ8V7ka"
"93ewNznUWL1","8211 262nd St, Floral Park, NY 11004","990000","4","Single Family Residence","Pending","https://onekeymls.com/home-details/8211-262nd-st-floral-park-ny-11004/93ewNznUWL1"
"2X1ZXjN6YiS","7311 263rd St Unit B, Glen Oaks, NY 11004","419999","2","Stock Cooperative","Active","https://onekeymls.com/home-details/7311-263rd-st-unit-b-glen-oaks-ny-11004/2X1ZXjN6YiS"
"ecbspwPKRHa","8341 Little Neck Pkwy, Glen Oaks, NY 11004","1577888","5","Single Family Residence","Active","https://onekeymls.com/home-details/8341-little-neck-pkwy-glen-oaks-ny-11004/ecbspwPKRHa"
"71QALPDFKbi","25543 73rd Ave Unit B-2, Glen Oaks, NY 11004","359998","2","Stock Cooperative","Coming Soon","https://onekeymls.com/home-details/25543-73rd-ave-unit-b-2-glen-oaks-ny-11004/71QALPDFKbi"
"fYRDHJBtG43","26023 Langston Ave Unit A-2, Glen Oaks, NY 11004","249900","1","Stock Cooperative","Active","https://onekeymls.com/home-details/26023-langston-ave-unit-a-2-glen-oaks-ny-11004/fYRDHJBtG43"
"9SdXpJcomCt","26328 73rd Ave Unit 1st, Glen Oaks, NY 11004","299000","1","Stock Cooperative","Active","https://onekeymls.com/home-details/26328-73rd-ave-unit-1st-glen-oaks-ny-11004/9SdXpJcomCt"
"hHGnNRC8SiE","26011 73rd Ave Unit E-2, Glen Oaks, NY 11004","389900","2","Stock Cooperative","Pending","https://onekeymls.com/home-details/26011-73rd-ave-unit-e-2-glen-oaks-ny-11004/hHGnNRC8SiE"
"hYei3BqXd9K","8015 Little Neck Pkwy, Glen Oaks, NY 11004","1499000","5","Single Family Residence","Active","https://onekeymls.com/home-details/8015-little-neck-pkwy-glen-oaks-ny-11004/hYei3BqXd9K"
"rZ8vPPt6wp","26504 79th Ave, Glen Oaks, NY 11004","1888000","3","Single Family Residence","Active","https://onekeymls.com/home-details/26504-79th-ave-glen-oaks-ny-11004/rZ8vPPt6wp"
"8xaecYSjMjl","25903 81st Ave, Glen Oaks, NY 11004","2546000","6","Single Family Residence","Active","https://onekeymls.com/home-details/25903-81st-ave-glen-oaks-ny-11004/8xaecYSjMjl"
"lLuEBxwDw84","25919 80th Ave, Glen Oaks, NY 11004","790000","4","Single Family Residence","Active","https://onekeymls.com/home-details/25919-80th-ave-glen-oaks-ny-11004/lLuEBxwDw84"
"lX70hB2jH5J","7443 260th St Unit 2, Glen Oaks, NY 11004","363900","2","Stock Cooperative","Active","https://onekeymls.com/home-details/7443-260th-st-unit-2-glen-oaks-ny-11004/lX70hB2jH5J"
"jZ1bXsOFzjZ","82-09 268 Street Unit 182A, New Hyde Park, NY 11004","315000","1","Stock Cooperative","Active","https://onekeymls.com/home-details/82-09-268-street-unit-182a-new-hyde-park-ny-11004/jZ1bXsOFzjZ"
"ixPLxdoFLdn","8350 257th St, Floral Park, NY 11004","850000","4","Single Family Residence","Active","https://onekeymls.com/home-details/8350-257th-st-floral-park-ny-11004/ixPLxdoFLdn"
"igldqRublnj","26436 Langston Ave Unit A-2, Glen Oaks, NY 11004","284900","1","Stock Cooperative","Active","https://onekeymls.com/home-details/26436-langston-ave-unit-a-2-glen-oaks-ny-11004/igldqRublnj"
"cF4RvwCUOq","26038 73rd Ave Unit B1, Glen Oaks, NY 11004","360000","2","Stock Cooperative","Active","https://onekeymls.com/home-details/26038-73rd-ave-unit-b1-glen-oaks-ny-11004/cF4RvwCUOq"
"72OTpOxzxDP","25549 75th Ave Unit 2nd, Glen Oaks, NY 11004","378000","2","Stock Cooperative","Active","https://onekeymls.com/home-details/25549-75th-ave-unit-2nd-glen-oaks-ny-11004/72OTpOxzxDP"
"eGbcHkLMnru","25425 75th Ave Unit 2nd, Glen Oaks, NY 11004","429900","3","Stock Cooperative","Active","https://onekeymls.com/home-details/25425-75th-ave-unit-2nd-glen-oaks-ny-11004/eGbcHkLMnru"
"55qrYk4JduN","8118 260th St, Floral Park, NY 11004","924999","4","Single Family Residence","Coming Soon","https://onekeymls.com/home-details/8118-260th-st-floral-park-ny-11004/55qrYk4JduN"
"cJiXZhNSSeM","7323 255th St Unit G-2, Glen Oaks, NY 11004","429900","2","Stock Cooperative","Pending","https://onekeymls.com/home-details/7323-255th-st-unit-g-2-glen-oaks-ny-11004/cJiXZhNSSeM"
"3SbkA4ALxdM","26425 Langston Ave Unit A-1, Glen Oaks, NY 11004","269900","1","Stock Cooperative","Pending","https://onekeymls.com/home-details/26425-langston-ave-unit-a-1-glen-oaks-ny-11004/3SbkA4ALxdM"
"lItENxJn1aF","8042 260th St, Glen Oaks, NY 11004","839000","4","Single Family Residence","Active","https://onekeymls.com/home-details/8042-260th-st-glen-oaks-ny-11004/lItENxJn1aF"
"amJUf5QkVoA","25404 74th Ave Unit 2nd, Glen Oaks, NY 11004","369000","2","Stock Cooperative","Active","https://onekeymls.com/home-details/25404-74th-ave-unit-2nd-glen-oaks-ny-11004/amJUf5QkVoA"
"hD7xKrdGSXr","26306 73rd Ave Unit A-2, Glen Oaks, NY 11004","259900","1","Stock Cooperative","Active","https://onekeymls.com/home-details/26306-73rd-ave-unit-a-2-glen-oaks-ny-11004/hD7xKrdGSXr"
"ePM4cmsCSqd","25534 74th Ave Unit G-1, Glen Oaks, NY 11004","419900","2","Stock Cooperative","Pending","https://onekeymls.com/home-details/25534-74th-ave-unit-g-1-glen-oaks-ny-11004/ePM4cmsCSqd"
"4zmkwsYWwBF","8253 266th St, Floral Park, NY 11004","799999","3","Single Family Residence","Pending","https://onekeymls.com/home-details/8253-266th-st-floral-park-ny-11004/4zmkwsYWwBF"
"ctcxMABorPF","7904 268th St, Glen Oaks, NY 11004","888000","4","Single Family Residence","Pending","https://onekeymls.com/home-details/7904-268th-st-glen-oaks-ny-11004/ctcxMABorPF"
"hd5e7j5ZKlj","6933 Little Neck Pkwy, Glen Oaks, NY 11004","1390000","5","Triplex","Active","https://onekeymls.com/home-details/6933-little-neck-pkwy-glen-oaks-ny-11004/hd5e7j5ZKlj"
"2B0JMMzdhPy","26057 75th Ave Unit 2, Glen Oaks, NY 11004","374900","2","Stock Cooperative","Active","https://onekeymls.com/home-details/26057-75th-ave-unit-2-glen-oaks-ny-11004/2B0JMMzdhPy"
"d0ygTaWV9bu","8315 264th St, Glen Oaks, NY 11004","1349900","3","Single Family Residence","Pending","https://onekeymls.com/home-details/8315-264th-st-glen-oaks-ny-11004/d0ygTaWV9bu"
"5fh2URmEtME","26910 Grand Central Pkwy Unit 30N, Floral Park, NY 11005","849000","2","Stock Cooperative","Active","https://onekeymls.com/home-details/26910-grand-central-pkwy-unit-30n-floral-park-ny-11005/5fh2URmEtME"
"436EUtAEGQ9","26910 Grand Central Pkwy Unit 31P, Floral Park, NY 11005","370000","1","Stock Cooperative","Active","https://onekeymls.com/home-details/26910-grand-central-pkwy-unit-31p-floral-park-ny-11005/436EUtAEGQ9"
"cITXjnDBX0g","26910 Grand Central Pkwy Unit 28G, Floral Park, NY 11005","819000","2","Stock Cooperative","Active","https://onekeymls.com/home-details/26910-grand-central-pkwy-unit-28g-floral-park-ny-11005/cITXjnDBX0g"
"etvL9ynqsaT","27110 Grand Central Pkwy Unit 15Q, Floral Park, NY 11005","329000","1","Stock Cooperative","Active","https://onekeymls.com/home-details/27110-grand-central-pkwy-unit-15q-floral-park-ny-11005/etvL9ynqsaT"
"iTLPj5LCdIc","27110 Grand Central Pkwy Unit 17L, Floral Park, NY 11005","749000","2","Stock Cooperative","Pending","https://onekeymls.com/home-details/27110-grand-central-pkwy-unit-17l-floral-park-ny-11005/iTLPj5LCdIc"
"fCPlZBNORJB","27110 Grand Central Pkwy Unit 26O, Floral Park, NY 11005","699000","2","Stock Cooperative","Pending","https://onekeymls.com/home-details/27110-grand-central-pkwy-unit-26o-floral-park-ny-11005/fCPlZBNORJB"
"b71WIAUXKhM","26910 Grand Central Pkwy Unit 8Y, Floral Park, NY 11005","339000","1","Stock Cooperative","Pending","https://onekeymls.com/home-details/26910-grand-central-pkwy-unit-8y-floral-park-ny-11005/b71WIAUXKhM"
"jzCFdLadWYW","26910 Grand Central Pkwy Unit 30D, Floral Park, NY 11005","795000","1","Stock Cooperative","Active","https://onekeymls.com/home-details/26910-grand-central-pkwy-unit-30d-floral-park-ny-11005/jzCFdLadWYW"
"85dJkm9Kd2p","27110 Grand Central Pkwy Unit 9F, Floral Park, NY 11005","309000","1","Stock Cooperative","Pending","https://onekeymls.com/home-details/27110-grand-central-pkwy-unit-9f-floral-park-ny-11005/85dJkm9Kd2p"
"4SHLYgQQyOF","26910 Grand Central Unit 17C, Floral Park, NY 11005","229000","0","Stock Cooperative","Active","https://onekeymls.com/home-details/26910-grand-central-unit-17c-floral-park-ny-11005/4SHLYgQQyOF"
"7c1I2AE82Uz","27110 Grand Central Pkwy Unit 6Y, Floral Park, NY 11005","329000","1","Stock Cooperative","Pending","https://onekeymls.com/home-details/27110-grand-central-pkwy-unit-6y-floral-park-ny-11005/7c1I2AE82Uz"
"hWpkCoElLoo","26910 Grand Central Pkwy Unit 17Y, Floral Park, NY 11005","329000","1","Stock Cooperative","Pending","https://onekeymls.com/home-details/26910-grand-central-pkwy-unit-17y-floral-park-ny-11005/hWpkCoElLoo"
"8KwARYwiQsZ","26910 Grand Central Pkwy Unit 6T, Floral Park, NY 11005","319000","1","Stock Cooperative","Pending","https://onekeymls.com/home-details/26910-grand-central-pkwy-unit-6t-floral-park-ny-11005/8KwARYwiQsZ"
"cPEz7R1HVHw","27010 Grand Central Pkwy Unit 3R, Floral Park, NY 11005","279000","0","Stock Cooperative","Pending","https://onekeymls.com/home-details/27010-grand-central-pkwy-unit-3r-floral-park-ny-11005/cPEz7R1HVHw"
"dfS1QK2axfC","27110 Grand Central Pkwy Unit 24B, Floral Park, NY 11005","419000","1","Stock Cooperative","Pending","https://onekeymls.com/home-details/27110-grand-central-pkwy-unit-24b-floral-park-ny-11005/dfS1QK2axfC"
"5Rx2r6GFTrQ","27010 Grand Central Pkwy Unit 6A, Floral Park, NY 11005","439000","1","Stock Cooperative","Pending","https://onekeymls.com/home-details/27010-grand-central-pkwy-unit-6a-floral-park-ny-11005/5Rx2r6GFTrQ"
"8C7fQRQNdq2","26910 Grand Central Pkwy Unit 3X, Floral Park, NY 11005","259000","0","Stock Cooperative","Pending","https://onekeymls.com/home-details/26910-grand-central-pkwy-unit-3x-floral-park-ny-11005/8C7fQRQNdq2"
"iJEtuKuHdAq","27110 Grand Central Pkwy Unit 33D, Floral Park, NY 11005","869000","2","Stock Cooperative","Active","https://onekeymls.com/home-details/27110-grand-central-pkwy-unit-33d-floral-park-ny-11005/iJEtuKuHdAq"
"emxuor1Aw4N","27010 Grand Central Pkwy Unit 20T, Floral Park, NY 11005","369000","1","Stock Cooperative","Active","https://onekeymls.com/home-details/27010-grand-central-pkwy-unit-20t-floral-park-ny-11005/emxuor1Aw4N"
"6bjuj9ILqoV","27010 Grand Central Pkwy Unit 4H, Floral Park, NY 11005","385000","1","Stock Cooperative","Active","https://onekeymls.com/home-details/27010-grand-central-pkwy-unit-4h-floral-park-ny-11005/6bjuj9ILqoV"
"fKhHWhJapiP","27010 Grand Central Pkwy Unit 32E, Floral Park, NY 11005","599900","1","Stock Cooperative","Active","https://onekeymls.com/home-details/27010-grand-central-pkwy-unit-32e-floral-park-ny-11005/fKhHWhJapiP"
"bfq449alADR","27010 Grand Central Pkwy Unit 4J, Floral Park, NY 11005","300000","1","Stock Cooperative","Active","https://onekeymls.com/home-details/27010-grand-central-pkwy-unit-4j-floral-park-ny-11005/bfq449alADR"
"jWPkPX3m1ka","27010 Grand Central Pkwy Unit 17A, Floral Park, NY 11005","389000","1","Stock Cooperative","Pending","https://onekeymls.com/home-details/27010-grand-central-pkwy-unit-17a-floral-park-ny-11005/jWPkPX3m1ka"
"fhLP1NDYmUk","27010 Grand Central Pkwy Unit 22G, Floral Park, NY 11005","699000","1","Stock Cooperative","Pending","https://onekeymls.com/home-details/27010-grand-central-pkwy-unit-22g-floral-park-ny-11005/fhLP1NDYmUk"
"6LjWNs56IfF","27010 Grand Central Pkwy Unit 7G, Floral Park, NY 11005","519000","1","Stock Cooperative","Active","https://onekeymls.com/home-details/27010-grand-central-pkwy-unit-7g-floral-park-ny-11005/6LjWNs56IfF"
"iIyGY5mpPdA","26910 Grand Central Pkwy Unit 4M, Floral Park, NY 11005","299000","1","Stock Cooperative","Active","https://onekeymls.com/home-details/26910-grand-central-pkwy-unit-4m-floral-park-ny-11005/iIyGY5mpPdA"
"jAb6caeJfPa","27110 Grand Central Pkwy Unit 14E, Floral Park, NY 11005","749000","2","Stock Cooperative","Pending","https://onekeymls.com/home-details/27110-grand-central-pkwy-unit-14e-floral-park-ny-11005/jAb6caeJfPa"
"62sixyDJTQe","26910 Grand Central Pkwy Unit 21V, Floral Park, NY 11005","1250000","3","Stock Cooperative","Pending","https://onekeymls.com/home-details/26910-grand-central-pkwy-unit-21v-floral-park-ny-11005/62sixyDJTQe"
"clZDZVRDq6s","26910 Grand Central Pkwy Unit 27Z, Floral Park, NY 11005","269000","1","Stock Cooperative","Active","https://onekeymls.com/home-details/26910-grand-central-pkwy-unit-27z-floral-park-ny-11005/clZDZVRDq6s"
"d5NXLdVEfIh","26910 Grand Central Pkwy Unit A19-20, Floral Park, NY 11005","295000","1","Stock Cooperative","Active","https://onekeymls.com/home-details/26910-grand-central-pkwy-unit-a19-20-floral-park-ny-11005/d5NXLdVEfIh"
"kdDAWxejaaP","146 Claflin Blvd, Franklin Square, NY 11010","759000","3","Single Family Residence","Active","https://onekeymls.com/home-details/146-claflin-blvd-franklin-square-ny-11010/kdDAWxejaaP"
"6KhCo3rJSm1","236 Dogwood Ave, Franklin Square, NY 11010","859000","4","Single Family Residence","Active","https://onekeymls.com/home-details/236-dogwood-ave-franklin-square-ny-11010/6KhCo3rJSm1"
"1aZ1EvsaC6o","159 Harrison Ave, Franklin Square, NY 11010","749999","4","Single Family Residence","Active","https://onekeymls.com/home-details/159-harrison-ave-franklin-square-ny-11010/1aZ1EvsaC6o"
"3uBqHwZq6xT","409 Saint Agnes Pl, Franklin Square, NY 11010","889000","4","Single Family Residence","Active","https://onekeymls.com/home-details/409-saint-agnes-pl-franklin-square-ny-11010/3uBqHwZq6xT"
"1AzrzTk373E","962 Gabriel Ave, Franklin Square, NY 11010","750000","3","Single Family Residence","Active","https://onekeymls.com/home-details/962-gabriel-ave-franklin-square-ny-11010/1AzrzTk373E"
"fpOFxAbwhJV","1073 Hancock Ave, Franklin Square, NY 11010","679000","2","Single Family Residence","Active","https://onekeymls.com/home-details/1073-hancock-ave-franklin-square-ny-11010/fpOFxAbwhJV"
"fKlHLa2cicO","1156 Midway Ct, Franklin Square, NY 11010","839000","4","Single Family Residence","Active","https://onekeymls.com/home-details/1156-midway-ct-franklin-square-ny-11010/fKlHLa2cicO"
"adKHFOBnmtY","47 Fendale St, Franklin Square, NY 11010","869000","4","Single Family Residence","Active","https://onekeymls.com/home-details/47-fendale-st-franklin-square-ny-11010/adKHFOBnmtY"
"j1VIGS68kTT","586 Martin Rd, Franklin Square, NY 11010","749000","4","Single Family Residence","Pending","https://onekeymls.com/home-details/586-martin-rd-franklin-square-ny-11010/j1VIGS68kTT"
"f0O7YLZXSgR","977 Third Ave, Franklin Square, NY 11010","929000","5","Single Family Residence","Active","https://onekeymls.com/home-details/977-third-ave-franklin-square-ny-11010/f0O7YLZXSgR"
"dCZda88dfF","685 Seabury Ave, Franklin Square, NY 11010","799999","3","Single Family Residence","Active","https://onekeymls.com/home-details/685-seabury-ave-franklin-square-ny-11010/dCZda88dfF"
"8Ab3Wu0eXra","1024 First Ave, Franklin Square, NY 11010","1199999","7","Duplex","Pending","https://onekeymls.com/home-details/1024-first-ave-franklin-square-ny-11010/8Ab3Wu0eXra"
"iAGyAtGHrJe","944 Cathedral Ave, Franklin Square, NY 11010","948999","3","Single Family Residence","Pending","https://onekeymls.com/home-details/944-cathedral-ave-franklin-square-ny-11010/iAGyAtGHrJe"
"13jyj5rRG5x","1111 Esther St, Franklin Square, NY 11010","879000","4","Duplex","Active","https://onekeymls.com/home-details/1111-esther-st-franklin-square-ny-11010/13jyj5rRG5x"
"ibVG5IVfUKR","1069 Phoebe St, Franklin Square, NY 11010","699069","4","Single Family Residence","Active","https://onekeymls.com/home-details/1069-phoebe-st-franklin-square-ny-11010/ibVG5IVfUKR"
"kPNdVvCuK8b","41 Catherine Ave, Franklin Square, NY 11010","699800","3","Single Family Residence","Pending","https://onekeymls.com/home-details/41-catherine-ave-franklin-square-ny-11010/kPNdVvCuK8b"
"7LEhtedIxZk","841 Willow Rd, Franklin Square, NY 11010","1049000","4","Single Family Residence","Pending","https://onekeymls.com/home-details/841-willow-rd-franklin-square-ny-11010/7LEhtedIxZk"
"euPEcTDeV8a","672 Anderson Ave, Franklin Square, NY 11010","925000","3","Single Family Residence","Pending","https://onekeymls.com/home-details/672-anderson-ave-franklin-square-ny-11010/euPEcTDeV8a"
"flybEvCXuK9","984 Maxwell St, Franklin Square, NY 11010","779000","3","Single Family Residence","Active","https://onekeymls.com/home-details/984-maxwell-st-franklin-square-ny-11010/flybEvCXuK9"
"iEFGgT2KL5R","72 Caroline Ave, Franklin Square, NY 11010","1849000","6","Single Family Residence","Active","https://onekeymls.com/home-details/72-caroline-ave-franklin-square-ny-11010/iEFGgT2KL5R"
"5a1VsDVNs1H","149 Fendale St, Franklin Square, NY 11010","1090000","4","Single Family Residence","Pending","https://onekeymls.com/home-details/149-fendale-st-franklin-square-ny-11010/5a1VsDVNs1H"
"avIrHdLIVyu","151 Poppy Ave, Franklin Square, NY 11010","1199000","4","Single Family Residence","Active","https://onekeymls.com/home-details/151-poppy-ave-franklin-square-ny-11010/avIrHdLIVyu"
"7oGGnMm353Y","1016 Theodora St, Franklin Square, NY 11010","799999","3","Single Family Residence","Active","https://onekeymls.com/home-details/1016-theodora-st-franklin-square-ny-11010/7oGGnMm353Y"
"500IAG0CqAO","66 Caroline Ave, Franklin Square, NY 11010","989000","4","Single Family Residence","Active","https://onekeymls.com/home-details/66-caroline-ave-franklin-square-ny-11010/500IAG0CqAO"
"2rskvXy2RfJ","102 Roxbury Rd, Franklin Square, NY 11010","799000","4","Single Family Residence","Active","https://onekeymls.com/home-details/102-roxbury-rd-franklin-square-ny-11010/2rskvXy2RfJ"
"ayIzngnWa49","224 New Hyde Park Rd, Franklin Square, NY 11010","924990","4","Single Family Residence","Active","https://onekeymls.com/home-details/224-new-hyde-park-rd-franklin-square-ny-11010/ayIzngnWa49"
"60ykNjh14wC","992 Woodcliff Dr, Franklin Square, NY 11010","869000","3","Single Family Residence","Active","https://onekeymls.com/home-details/992-woodcliff-dr-franklin-square-ny-11010/60ykNjh14wC"
"hnJmFQuI6lv","933 Third Ave, Franklin Square, NY 11010","989000","5","Single Family Residence","Pending","https://onekeymls.com/home-details/933-third-ave-franklin-square-ny-11010/hnJmFQuI6lv"
"jlh2eRpyveF","1073 Concord St, Franklin Square, NY 11010","490000","2","Single Family Residence","Pending","https://onekeymls.com/home-details/1073-concord-st-franklin-square-ny-11010/jlh2eRpyveF"
"kd1WYqFsn76","757 Anderson Ave, Franklin Square, NY 11010","789000","3","Single Family Residence","Pending","https://onekeymls.com/home-details/757-anderson-ave-franklin-square-ny-11010/kd1WYqFsn76"
"aCha2AMvkf1","22 Old Field Ln, Great Neck, NY 11020","3888000","6","Single Family Residence","Active","https://onekeymls.com/home-details/22-old-field-ln-great-neck-ny-11020/aCha2AMvkf1"
"4TrFKwF7MzS","4634 Iris Ln, Great Neck, NY 11020","999000","3","Single Family Residence","Active","https://onekeymls.com/home-details/4634-iris-ln-great-neck-ny-11020/4TrFKwF7MzS"
"3vbJ0nsuNIH","77 Merrivale Rd, Great Neck, NY 11020","1880000","5","Single Family Residence","Active","https://onekeymls.com/home-details/77-merrivale-rd-great-neck-ny-11020/3vbJ0nsuNIH"
"6CrzuNkS0V0","25615 Pembroke Ave, Great Neck, NY 11020","1250000","4","Single Family Residence","Active","https://onekeymls.com/home-details/25615-pembroke-ave-great-neck-ny-11020/6CrzuNkS0V0"
"d1uTAVCbSba","1 Horizon Rd, Great Neck, NY 11020","1698000","4","Single Family Residence","Active","https://onekeymls.com/home-details/1-horizon-rd-great-neck-ny-11020/d1uTAVCbSba"
"kSdkxIMNRuI","21 Lake Rd, Lake Success, NY 11020","6200000","7","Single Family Residence","Active","https://onekeymls.com/home-details/21-lake-rd-lake-success-ny-11020/kSdkxIMNRuI"
"dbOAUhWjx91","60 Wensley Dr, Great Neck, NY 11020","3880000","5","Single Family Residence","Active","https://onekeymls.com/home-details/60-wensley-dr-great-neck-ny-11020/dbOAUhWjx91"
"8GxUhvo8M21","2 W Woods Rd, Great Neck, NY 11020","2188000","4","Single Family Residence","Active","https://onekeymls.com/home-details/2-w-woods-rd-great-neck-ny-11020/8GxUhvo8M21"
"eKtFyaI9rxJ","5 Market Ln, Great Neck, NY 11020","2590000","4","Single Family Residence","Active","https://onekeymls.com/home-details/5-market-ln-great-neck-ny-11020/eKtFyaI9rxJ"
"1IM9a87gkry","4711 Belmont Rd, Great Neck, NY 11020","1375000","4","Single Family Residence","Active","https://onekeymls.com/home-details/4711-belmont-rd-great-neck-ny-11020/1IM9a87gkry"
"e3MOszaQPPn","24 Cornell Dr, Great Neck, NY 11020","1390000","4","Single Family Residence","Active","https://onekeymls.com/home-details/24-cornell-dr-great-neck-ny-11020/e3MOszaQPPn"
"lxlTBBfZuUI","18 Lake Rd, Great Neck, NY 11020","2588000","5","Single Family Residence","Pending","https://onekeymls.com/home-details/18-lake-rd-great-neck-ny-11020/lxlTBBfZuUI"
"ahIK5p81nmo","26 Polo Field Ln, Lake Success, NY 11020","1950000","5","Single Family Residence","Active","https://onekeymls.com/home-details/26-polo-field-ln-lake-success-ny-11020/ahIK5p81nmo"
"chdR5jv3Qmu","25714 Pembroke Ave, Great Neck, NY 11020","1380000","4","Single Family Residence","Active","https://onekeymls.com/home-details/25714-pembroke-ave-great-neck-ny-11020/chdR5jv3Qmu"
"4KJevTcJRJh","4619 Iris Ln, Great Neck, NY 11020","1388000","4","Single Family Residence","Pending","https://onekeymls.com/home-details/4619-iris-ln-great-neck-ny-11020/4KJevTcJRJh"
"jISlOoSUXIp","26 Oaks Hunt Rd, Great Neck, NY 11020","1688000","3","Single Family Residence","Pending","https://onekeymls.com/home-details/26-oaks-hunt-rd-great-neck-ny-11020/jISlOoSUXIp"
"hdlDGfRvaXG","25511 Iowa Rd, Great Neck, NY 11020","1280000","3","Single Family Residence","Active","https://onekeymls.com/home-details/25511-iowa-rd-great-neck-ny-11020/hdlDGfRvaXG"
"5orfD80NGDP","70 Manor Dr Unit A, Great Neck, NY 11020","1950000","4","Single Family Residence","Active","https://onekeymls.com/home-details/70-manor-dr-unit-a-great-neck-ny-11020/5orfD80NGDP"
"ipIHeTTc0TA","14 Fairway Dr, Great Neck, NY 11020","1788000","4","Single Family Residence","Active","https://onekeymls.com/home-details/14-fairway-dr-great-neck-ny-11020/ipIHeTTc0TA"
"BpdDs8IMeM","2 Rutland Rd, Great Neck, NY 11020","2380000","6","Single Family Residence","Active","https://onekeymls.com/home-details/2-rutland-rd-great-neck-ny-11020/BpdDs8IMeM"
"c2GzsVEulII","25 Lake Rd, Lake Success, NY 11020","6300000","6","Single Family Residence","Active","https://onekeymls.com/home-details/25-lake-rd-lake-success-ny-11020/c2GzsVEulII"
"bWKP55rzRwg","10 Meadow Woods Rd, Great Neck, NY 11020","1999000","4","Single Family Residence","Active","https://onekeymls.com/home-details/10-meadow-woods-rd-great-neck-ny-11020/bWKP55rzRwg"
"1jppiABrQv","26121 Pembroke Ave, Great Neck, NY 11020","1350000","3","Single Family Residence","Pending","https://onekeymls.com/home-details/26121-pembroke-ave-great-neck-ny-11020/1jppiABrQv"
"ko4fnwtYmOj","4612 Fayette Pl, Great Neck, NY 11020","1048888","3","Single Family Residence","Pending","https://onekeymls.com/home-details/4612-fayette-pl-great-neck-ny-11020/ko4fnwtYmOj"
"70Liv79CM4C","5 Fieldstone Ln, Great Neck, NY 11020","2190000","5","Single Family Residence","Pending","https://onekeymls.com/home-details/5-fieldstone-ln-great-neck-ny-11020/70Liv79CM4C"
"3eSCCQxM1QX","24 Overlook Rd, Great Neck, NY 11020","1588000","3","Single Family Residence","Pending","https://onekeymls.com/home-details/24-overlook-rd-great-neck-ny-11020/3eSCCQxM1QX"
"dCOew7yx05B","22 Lake Rd, Great Neck, NY 11020","3600000","9","Single Family Residence","Pending","https://onekeymls.com/home-details/22-lake-rd-great-neck-ny-11020/dCOew7yx05B"
"85nDK9N2sMr","44 Old Field Ln, Great Neck, NY 11020","2500000","5","Single Family Residence","Pending","https://onekeymls.com/home-details/44-old-field-ln-great-neck-ny-11020/85nDK9N2sMr"
"7pTgRxiB5oe","8 Briarfield Dr, Great Neck, NY 11020","2488000","6","Single Family Residence","Pending","https://onekeymls.com/home-details/8-briarfield-dr-great-neck-ny-11020/7pTgRxiB5oe"
"bGB59cVWdHv","20 Highland Pl, Great Neck, NY 11020","998000","3","Single Family Residence","Pending","https://onekeymls.com/home-details/20-highland-pl-great-neck-ny-11020/bGB59cVWdHv"
"jFDjvNYUqvH","265 Schenck Ave, Great Neck, NY 11021","1380000","3","Single Family Residence","Active","https://onekeymls.com/home-details/265-schenck-ave-great-neck-ny-11021/jFDjvNYUqvH"
"gLj4e5LZMdd","85 Nassau Dr, Great Neck, NY 11021","2588000","5","Single Family Residence","Active","https://onekeymls.com/home-details/85-nassau-dr-great-neck-ny-11021/gLj4e5LZMdd"
"eg7k8TKupHL","5 Terrace Cir Unit 1H, Great Neck, NY 11021","319000","1","Stock Cooperative","Active","https://onekeymls.com/home-details/5-terrace-cir-unit-1h-great-neck-ny-11021/eg7k8TKupHL"
"jGuWMdqBkO","100 Great Neck Rd Unit 1A, Great Neck, NY 11021","589000","1","Condominium","Active","https://onekeymls.com/home-details/100-great-neck-rd-unit-1a-great-neck-ny-11021/jGuWMdqBkO"
"aMtFl1Q54nJ","11 Valley View Rd, Great Neck, NY 11021","2790000","4","Single Family Residence","Active","https://onekeymls.com/home-details/11-valley-view-rd-great-neck-ny-11021/aMtFl1Q54nJ"
"17BwrldZFoB","88 Cuttermill Rd Unit 322, Great Neck, NY 11021","930000","2","Condominium","Active","https://onekeymls.com/home-details/88-cuttermill-rd-unit-322-great-neck-ny-11021/17BwrldZFoB"
"iaxbsuPkqPU","257 Schenck Ave, Great Neck, NY 11021","1299000","4","Single Family Residence","Active","https://onekeymls.com/home-details/257-schenck-ave-great-neck-ny-11021/iaxbsuPkqPU"
"e3pvPzngN4R","25 Canterbury Rd Unit 1M, Great Neck, NY 11021","598000","2","Stock Cooperative","Pending","https://onekeymls.com/home-details/25-canterbury-rd-unit-1m-great-neck-ny-11021/e3pvPzngN4R"
"6Bmfsoika45","9 Talbot Dr, Great Neck, NY 11020","2360000","6","Single Family Residence","Active","https://onekeymls.com/home-details/9-talbot-dr-great-neck-ny-11020/6Bmfsoika45"
"95gTzNLoMsI","11 W Terrace Rd, Great Neck, NY 11021","1550000","3","Single Family Residence","Active","https://onekeymls.com/home-details/11-w-terrace-rd-great-neck-ny-11021/95gTzNLoMsI"
"2pQoakh4QqA","4 Maple Drive Unit 6-I, Great Neck, NY 11021","598000","2","Stock Cooperative","Active","https://onekeymls.com/home-details/4-maple-drive-unit-6-i-great-neck-ny-11021/2pQoakh4QqA"
"kblUfWGGm1o","19 Gilchrest Rd, Great Neck, NY 11021","1788000","5","Single Family Residence","Active","https://onekeymls.com/home-details/19-gilchrest-rd-great-neck-ny-11021/kblUfWGGm1o"
"8gF5tiMl9hT","10 Ipswich Ave Unit 3I, Great Neck, NY 11021","598000","2","Stock Cooperative","Active","https://onekeymls.com/home-details/10-ipswich-ave-unit-3i-great-neck-ny-11021/8gF5tiMl9hT"
"exLQKQ1meJI","40 Stoner Ave Unit 2F, Great Neck, NY 11021","495000","1","Stock Cooperative","Active","https://onekeymls.com/home-details/40-stoner-ave-unit-2f-great-neck-ny-11021/exLQKQ1meJI"
"7wJqBnWL4sZ","9 Nassau Dr, Great Neck, NY 11021","2658000","5","Single Family Residence","Active","https://onekeymls.com/home-details/9-nassau-dr-great-neck-ny-11021/7wJqBnWL4sZ"
"dt473rTp1wS","1 Barstow Rd Unit P20, Great Neck, NY 11021","890000","","Office","Active","https://onekeymls.com/home-details/1-barstow-rd-unit-p20-great-neck-ny-11021/dt473rTp1wS"
"cOQQG4vZ7SQ","25 Chapel Pl Unit 2M, Great Neck, NY 11021","475000","1","Stock Cooperative","Active","https://onekeymls.com/home-details/25-chapel-pl-unit-2m-great-neck-ny-11021/cOQQG4vZ7SQ"
"fwWXNa9YBEY","52 Brompton Rd Unit 52, Great Neck, NY 11021","499000","2","Stock Cooperative","Active","https://onekeymls.com/home-details/52-brompton-rd-unit-52-great-neck-ny-11021/fwWXNa9YBEY"
"3l656KSooSX","6 Brookbridge Rd, Great Neck, NY 11021","1898000","3","Single Family Residence","Pending","https://onekeymls.com/home-details/6-brookbridge-rd-great-neck-ny-11021/3l656KSooSX"
"9Ay9HEcPDhb","34 Wensley Dr, Great Neck, NY 11021","2698000","5","Single Family Residence","Active","https://onekeymls.com/home-details/34-wensley-dr-great-neck-ny-11021/9Ay9HEcPDhb"
"3KgIoTGWOsV","25 Canterbury Road Unit 3-H, Great Neck, NY 11021","788000","2","Stock Cooperative","Active","https://onekeymls.com/home-details/25-canterbury-road-unit-3-h-great-neck-ny-11021/3KgIoTGWOsV"
"dFxXtgLdG7D","171 Great Neck Rd Unit 3H, Great Neck, NY 11021","1099000","2","Condominium","Active","https://onekeymls.com/home-details/171-great-neck-rd-unit-3h-great-neck-ny-11021/dFxXtgLdG7D"
"eTcHo4ogv1U","30 Barstow Rd Unit 3A, Great Neck, NY 11021","625000","2","Stock Cooperative","Pending","https://onekeymls.com/home-details/30-barstow-rd-unit-3a-great-neck-ny-11021/eTcHo4ogv1U"
"kZ157yApbcA","8 Welwyn Road Unit 2G, Great Neck, NY 11021","358000","1","Stock Cooperative","Active","https://onekeymls.com/home-details/8-welwyn-road-unit-2g-great-neck-ny-11021/kZ157yApbcA"
"gXkCMJIZ2sX","1 Hillside Ave Unit 3B, Great Neck, NY 11021","475000","2","Stock Cooperative","Active","https://onekeymls.com/home-details/1-hillside-ave-unit-3b-great-neck-ny-11021/gXkCMJIZ2sX"
"6fU7Hj05KW0","15 Hill Park Avenue Unit 1-L, Great Neck Plaza, NY 11021","418000","1","Stock Cooperative","Active","https://onekeymls.com/home-details/15-hill-park-avenue-unit-1-l-great-neck-plaza-ny-11021/6fU7Hj05KW0"
"hpofYFTSKNS","160 Middle Neck Rd Unit 2-G, Great Neck, NY 11021","650000","2","Stock Cooperative","Pending","https://onekeymls.com/home-details/160-middle-neck-rd-unit-2-g-great-neck-ny-11021/hpofYFTSKNS"
"27CPqZfX9dY","1 Terrace Circle Unit 3-F, Great Neck, NY 11021","448000","2","Stock Cooperative","Active","https://onekeymls.com/home-details/1-terrace-circle-unit-3-f-great-neck-ny-11021/27CPqZfX9dY"
"gMUU6CaB4t9","67 Nassau Rd, Great Neck, NY 11021","1188800","3","Single Family Residence","Pending","https://onekeymls.com/home-details/67-nassau-rd-great-neck-ny-11021/gMUU6CaB4t9"
"kkSq4VtDpeW","15 Canterbury Unit C-13, Great Neck Plaza, NY 11021","139000","0","Stock Cooperative","Active","https://onekeymls.com/home-details/15-canterbury-unit-c-13-great-neck-plaza-ny-11021/kkSq4VtDpeW"
"kF9LJ3K3DLK","12 Hutchinson Ct, Great Neck, NY 11023","1328000","4","Single Family Residence","Active","https://onekeymls.com/home-details/12-hutchinson-ct-great-neck-ny-11023/kF9LJ3K3DLK"
"g4kkCU44HQH","15 Church St, Great Neck, NY 11023","1580000","5","Single Family Residence","Active","https://onekeymls.com/home-details/15-church-st-great-neck-ny-11023/g4kkCU44HQH"
"jiUPnfDanrb","17 Cambridge Rd, Great Neck, NY 11023","1749000","5","Single Family Residence","Active","https://onekeymls.com/home-details/17-cambridge-rd-great-neck-ny-11023/jiUPnfDanrb"
"eePHVDYcmIn","126 Hampshire Rd, Great Neck, NY 11023","1588000","3","Single Family Residence","Active","https://onekeymls.com/home-details/126-hampshire-rd-great-neck-ny-11023/eePHVDYcmIn"
"ldac2UBaKkp","25 Bentley Rd, Great Neck, NY 11023","1350000","5","Single Family Residence","Active","https://onekeymls.com/home-details/25-bentley-rd-great-neck-ny-11023/ldac2UBaKkp"
"dJ17qAbdNl7","125 Baker Hill Rd, Great Neck, NY 11023","1290000","5","Single Family Residence","Active","https://onekeymls.com/home-details/125-baker-hill-rd-great-neck-ny-11023/dJ17qAbdNl7"
"2VGdSZoiUBB","18 Pond Park Rd, Great Neck, NY 11023","2648000","4","Single Family Residence","Active","https://onekeymls.com/home-details/18-pond-park-rd-great-neck-ny-11023/2VGdSZoiUBB"
"3y52HogpCOH","1 Winfield Ter, Great Neck, NY 11023","2398000","5","Single Family Residence","Pending","https://onekeymls.com/home-details/1-winfield-ter-great-neck-ny-11023/3y52HogpCOH"
"lR6KWZD5FE6","11 Brook Ln, Great Neck, NY 11023","1520000","4","Single Family Residence","Active","https://onekeymls.com/home-details/11-brook-ln-great-neck-ny-11023/lR6KWZD5FE6"
"9Vtn9FtXhfd","10 W Terrace Rd, Great Neck, NY 11021","1850000","5","Single Family Residence","Active","https://onekeymls.com/home-details/10-w-terrace-rd-great-neck-ny-11021/9Vtn9FtXhfd"
"bOFZfn1rK5Q","353 E Shore Rd, Great Neck, NY 11023","3300000","5","Single Family Residence","Active","https://onekeymls.com/home-details/353-e-shore-rd-great-neck-ny-11023/bOFZfn1rK5Q"
"gDir34XrEHZ","365 E Shore Rd, Great Neck, NY 11023","3188000","5","Single Family Residence","Active","https://onekeymls.com/home-details/365-e-shore-rd-great-neck-ny-11023/gDir34XrEHZ"
"dj61JcK0iB","134 Wooleys Ln, Great Neck, NY 11023","2295000","4","Single Family Residence","Active","https://onekeymls.com/home-details/134-wooleys-ln-great-neck-ny-11023/dj61JcK0iB"
"8oCnDUqEiQG","126 Station Road, Great Neck, NY 11023","4450000","5","Single Family Residence","Active","https://onekeymls.com/home-details/126-station-road-great-neck-ny-11023/8oCnDUqEiQG"
"fmZYMRZQnWY","20 Ramsey Rd, Great Neck, NY 11023","1348000","4","Single Family Residence","Active","https://onekeymls.com/home-details/20-ramsey-rd-great-neck-ny-11023/fmZYMRZQnWY"
"lfJnOlg3L13","23 Hartley Rd, Great Neck, NY 11023","1395000","4","Single Family Residence","Pending","https://onekeymls.com/home-details/23-hartley-rd-great-neck-ny-11023/lfJnOlg3L13"
"fWRRVs1bFX9","28 Polo Rd, Great Neck, NY 11023","1900000","5","Single Family Residence","Pending","https://onekeymls.com/home-details/28-polo-rd-great-neck-ny-11023/fWRRVs1bFX9"
"2K0b9Joqt3R","320 E Shore Rd Unit 15A, Great Neck, NY 11023","658000","2","Stock Cooperative","Active","https://onekeymls.com/home-details/320-e-shore-rd-unit-15a-great-neck-ny-11023/2K0b9Joqt3R"
"8SLlCvhj0sJ","120 Gristmill Ln, Great Neck, NY 11023","3998000","5","Single Family Residence","Active","https://onekeymls.com/home-details/120-gristmill-ln-great-neck-ny-11023/8SLlCvhj0sJ"
"1Qql8jYJkPj","1 Shore Park Rd, Great Neck, NY 11023","2398000","4","Single Family Residence","Active","https://onekeymls.com/home-details/1-shore-park-rd-great-neck-ny-11023/1Qql8jYJkPj"
"7vCI7Zcs784","5 2nd Rd, Great Neck, NY 11021","999000","3","Single Family Residence","Active","https://onekeymls.com/home-details/5-2nd-rd-great-neck-ny-11021/7vCI7Zcs784"
"9tfMqBfs9pH","1 Bentley Rd, Great Neck, NY 11023","3155000","5","Single Family Residence","Pending","https://onekeymls.com/home-details/1-bentley-rd-great-neck-ny-11023/9tfMqBfs9pH"
"1CLfP1nbLjB","9 Wimbleton Ln, Great Neck, NY 11023","1150000","3","Single Family Residence","Active","https://onekeymls.com/home-details/9-wimbleton-ln-great-neck-ny-11023/1CLfP1nbLjB"
"49kCOMlYHnM","15 Beach Rd Unit 3A, Great Neck, NY 11023","358000","2","Stock Cooperative","Active","https://onekeymls.com/home-details/15-beach-rd-unit-3a-great-neck-ny-11023/49kCOMlYHnM"
"l4k3OIzKbK9","320 E Shore Rd Unit 11C, Great Neck, NY 11023","765000","2","Stock Cooperative","Pending","https://onekeymls.com/home-details/320-e-shore-rd-unit-11c-great-neck-ny-11023/l4k3OIzKbK9"
"7o0Gk4lPx7","8 Plymouth Rd, Great Neck, NY 11023","1588000","4","Single Family Residence","Active","https://onekeymls.com/home-details/8-plymouth-rd-great-neck-ny-11023/7o0Gk4lPx7"
"6kQGK0uxAYP","15 Beach Rd Unit 3D, Great Neck, NY 11023","259000","1","Stock Cooperative","Active","https://onekeymls.com/home-details/15-beach-rd-unit-3d-great-neck-ny-11023/6kQGK0uxAYP"
"caz9ReKry7x","25 Maple Grove St, Great Neck, NY 11023","2195000","4","Single Family Residence","Active","https://onekeymls.com/home-details/25-maple-grove-st-great-neck-ny-11023/caz9ReKry7x"
"gsRZ0Y2R854","444 Middle Neck Rd Unit 1R, Great Neck, NY 11023","359000","1","Stock Cooperative","Pending","https://onekeymls.com/home-details/444-middle-neck-rd-unit-1r-great-neck-ny-11023/gsRZ0Y2R854"
"i1I3oJNB1TX","36 Strathmore Rd, Great Neck, NY 11023","2230000","3","Single Family Residence","Active","https://onekeymls.com/home-details/36-strathmore-rd-great-neck-ny-11023/i1I3oJNB1TX"
"dcMjrAzgLIR","98 Steamboat Rd, Great Neck, NY 11024","1268000","3","Single Family Residence","Active","https://onekeymls.com/home-details/98-steamboat-rd-great-neck-ny-11024/dcMjrAzgLIR"
"fOLOag9LCXf","3 Crestwood Pl, Great Neck, NY 11024","1298000","3","Single Family Residence","Active","https://onekeymls.com/home-details/3-crestwood-pl-great-neck-ny-11024/fOLOag9LCXf"
"1oYDtmbV8Mk","5 Cathy Ln, Great Neck, NY 11024","1299000","4","Single Family Residence","Active","https://onekeymls.com/home-details/5-cathy-ln-great-neck-ny-11024/1oYDtmbV8Mk"
"2dcRGS7REYK","1 Wood Rd, Great Neck, NY 11024","1388000","4","Single Family Residence","Active","https://onekeymls.com/home-details/1-wood-rd-great-neck-ny-11024/2dcRGS7REYK"
"fPTR6uGPYhf","17 Split Rock Dr, Great Neck, NY 11024","6950000","8","Single Family Residence","Active","https://onekeymls.com/home-details/17-split-rock-dr-great-neck-ny-11024/fPTR6uGPYhf"
"a6gfsgMAvOz","2 Pheasant Run, Kings Point, NY 11024","6400000","6","Single Family Residence","Active","https://onekeymls.com/home-details/2-pheasant-run-kings-point-ny-11024/a6gfsgMAvOz"
"glOE0byElOt","566 E Shore Rd, Kings Point, NY 11024","9488000","6","Single Family Residence","Active","https://onekeymls.com/home-details/566-e-shore-rd-kings-point-ny-11024/glOE0byElOt"
"hNcdWpyiGmY","28 Red Brook Rd, Great Neck, NY 11024","3216800","5","Single Family Residence","Active","https://onekeymls.com/home-details/28-red-brook-rd-great-neck-ny-11024/hNcdWpyiGmY"
"ch0LLDahAsX","42 North Rd, Great Neck, NY 11024","2450000","4","Single Family Residence","Active","https://onekeymls.com/home-details/42-north-rd-great-neck-ny-11024/ch0LLDahAsX"
"b2GPKAixSYI","11A Forest Ln, Great Neck, NY 11024","2699000","6","Single Family Residence","Active","https://onekeymls.com/home-details/11a-forest-ln-great-neck-ny-11024/b2GPKAixSYI"
"38BFMxcVSPX","93 Gatsby Ln 91 92 &, Great Neck, NY 11024","12500000","0","Single Family Residence","Active","https://onekeymls.com/home-details/93-gatsby-ln-91-92-great-neck-ny-11024/38BFMxcVSPX"
"hxjldlWkdrU","91 Gatsby Ln, Great Neck, NY 11024","9000000","0","Single Family Residence","Active","https://onekeymls.com/home-details/91-gatsby-ln-great-neck-ny-11024/hxjldlWkdrU"
"dTqS5plmT6u","512 E Shore Rd, Great Neck, NY 11024","9600000","6","Single Family Residence","Pending","https://onekeymls.com/home-details/512-e-shore-rd-great-neck-ny-11024/dTqS5plmT6u"
"1E3BwcD9VgO","9 Greenway Ter, Great Neck, NY 11024","2800000","4","Single Family Residence","Active","https://onekeymls.com/home-details/9-greenway-ter-great-neck-ny-11024/1E3BwcD9VgO"
"4pwtgVxZmLm","125 Hicks Ln, Great Neck, NY 11024","2750000","5","Single Family Residence","Active","https://onekeymls.com/home-details/125-hicks-ln-great-neck-ny-11024/4pwtgVxZmLm"
"gL6w8GrCWBO","2 Pickwood Ln, Great Neck, NY 11024","1388000","4","Single Family Residence","Pending","https://onekeymls.com/home-details/2-pickwood-ln-great-neck-ny-11024/gL6w8GrCWBO"
"i8gsLH72tIk","9 Dock Ln, Great Neck, NY 11024","6500000","7","Single Family Residence","Active","https://onekeymls.com/home-details/9-dock-ln-great-neck-ny-11024/i8gsLH72tIk"
"eHT7y5Jhuuj","2 Hewlett Pl, Great Neck, NY 11024","2150000","4","Single Family Residence","Active","https://onekeymls.com/home-details/2-hewlett-pl-great-neck-ny-11024/eHT7y5Jhuuj"
"45yeBwChZ4p","107 Wildwood Rd, Great Neck, NY 11024","2970000","4","Single Family Residence","Active","https://onekeymls.com/home-details/107-wildwood-rd-great-neck-ny-11024/45yeBwChZ4p"
"3cjpnomxYQE","W Shore Rd, Kings Point, NY 11024","1999000","","","Active","https://onekeymls.com/home-details/w-shore-rd-kings-point-ny-11024/3cjpnomxYQE"
"jDrOAXqb7sb","1 Foxwood Rd, Great Neck, NY 11024","5800000","5","Single Family Residence","Active","https://onekeymls.com/home-details/1-foxwood-rd-great-neck-ny-11024/jDrOAXqb7sb"
"kOJkt479dot","11 Lee Ct, Great Neck, NY 11024","998000","4","Duplex","Pending","https://onekeymls.com/home-details/11-lee-ct-great-neck-ny-11024/kOJkt479dot"
"1YVU10l50a","107A Wildwood Rd, Great Neck, NY 11024","9890000","4","Single Family Residence","Active","https://onekeymls.com/home-details/107a-wildwood-rd-great-neck-ny-11024/1YVU10l50a"
"8Vkghy6DvFx","4 Poplar Ct, Great Neck, NY 11024","2936000","6","Single Family Residence","Pending","https://onekeymls.com/home-details/4-poplar-ct-great-neck-ny-11024/8Vkghy6DvFx"
"57Ep2mL3GY5","24 Hemlock Dr, Great Neck, NY 11024","3450000","4","Single Family Residence","Active","https://onekeymls.com/home-details/24-hemlock-dr-great-neck-ny-11024/57Ep2mL3GY5"
"giQUi2lfMbl","18 Lighthouse Rd, Great Neck, NY 11024","6500000","","","Pending","https://onekeymls.com/home-details/18-lighthouse-rd-great-neck-ny-11024/giQUi2lfMbl"
"a6Crt6IJdZT","232 Kings Point Rd, Great Neck, NY 11024","3158000","","","Active","https://onekeymls.com/home-details/232-kings-point-rd-great-neck-ny-11024/a6Crt6IJdZT"
"2upMCr8cwOj","199B W Shore Rd, Great Neck, NY 11024","5900000","6","Single Family Residence","Pending","https://onekeymls.com/home-details/199b-w-shore-rd-great-neck-ny-11024/2upMCr8cwOj"
"80HaQjMPt3V","33 Harbour Rd, Great Neck, NY 11024","6800000","","","Active","https://onekeymls.com/home-details/33-harbour-rd-great-neck-ny-11024/80HaQjMPt3V"
"ahxJkcbOYPT","119 Harrow Ln, Manhasset, NY 11030","2290000","4","Single Family Residence","Active","https://onekeymls.com/home-details/119-harrow-ln-manhasset-ny-11030/ahxJkcbOYPT"
"2ctQ4IB40QC","86 Dorchester Dr, Manhasset, NY 11030","2999999","5","Single Family Residence","Active","https://onekeymls.com/home-details/86-dorchester-dr-manhasset-ny-11030/2ctQ4IB40QC"
"fPrbdYWzNF","27 Sequoia Cir, Manhasset, NY 11030","2998000","4","Single Family Residence","Active","https://onekeymls.com/home-details/27-sequoia-cir-manhasset-ny-11030/fPrbdYWzNF"
"8Odg0UFJOdg","167 Old Mill Rd, Manhasset, NY 11030","1590000","3","Single Family Residence","Active","https://onekeymls.com/home-details/167-old-mill-rd-manhasset-ny-11030/8Odg0UFJOdg"
"6unbgClbPfr","90 Virginia Dr, Manhasset, NY 11030","1498000","3","Single Family Residence","Active","https://onekeymls.com/home-details/90-virginia-dr-manhasset-ny-11030/6unbgClbPfr"
"hZmSLWK0bAD","527 Manhasset Woods Rd, Manhasset, NY 11030","5558000","5","Single Family Residence","Active","https://onekeymls.com/home-details/527-manhasset-woods-rd-manhasset-ny-11030/hZmSLWK0bAD"
"vTH4sWyMzh","192 Heron Ln, Manhasset, NY 11030","3225000","4","Condominium","Active","https://onekeymls.com/home-details/192-heron-ln-manhasset-ny-11030/vTH4sWyMzh"
"31wQD7hCyjD","41 Evergreen Cir, Manhasset, NY 11030","3350000","4","Single Family Residence","Active","https://onekeymls.com/home-details/41-evergreen-cir-manhasset-ny-11030/31wQD7hCyjD"
"7QkdC7IKcgy","127 Vanderbilt Ave, Manhasset, NY 11030","2995000","5","Single Family Residence","Active","https://onekeymls.com/home-details/127-vanderbilt-ave-manhasset-ny-11030/7QkdC7IKcgy"
"aznY0ZfgvfT","77 Brookside Dr, Manhasset, NY 11030","4399000","5","Single Family Residence","Active","https://onekeymls.com/home-details/77-brookside-dr-manhasset-ny-11030/aznY0ZfgvfT"
"eCOn9BzBPb","264 Sparrow Dr, Manhasset, NY 11030","2298000","3","Condominium","Pending","https://onekeymls.com/home-details/264-sparrow-dr-manhasset-ny-11030/eCOn9BzBPb"
"bxy8vz0m6cT","63 Charney Ct, Manhasset, NY 11030","3580000","4","Single Family Residence","Active","https://onekeymls.com/home-details/63-charney-ct-manhasset-ny-11030/bxy8vz0m6cT"
"fDLndYCCqqf","9 Hathaway Ln, Manhasset, NY 11030","2319000","4","Single Family Residence","Active","https://onekeymls.com/home-details/9-hathaway-ln-manhasset-ny-11030/fDLndYCCqqf"
"dJJVjXt25TV","14 Meadow Ln, Manhasset, NY 11030","3550000","5","Single Family Residence","Active","https://onekeymls.com/home-details/14-meadow-ln-manhasset-ny-11030/dJJVjXt25TV"
"5GLfaWJiqG9","14 Belvedere Court, North Hills, NY 11030","2690000","4","Single Family Residence","Active","https://onekeymls.com/home-details/14-belvedere-court-north-hills-ny-11030/5GLfaWJiqG9"
"5J88He44EG9","1 Sequoia Cir, Manhasset, NY 11030","3630000","4","Single Family Residence","Active","https://onekeymls.com/home-details/1-sequoia-cir-manhasset-ny-11030/5J88He44EG9"
"5Sx1RgcNoou","23 Estates Ter N, Manhasset, NY 11030","3198000","4","Condominium","Active","https://onekeymls.com/home-details/23-estates-ter-n-manhasset-ny-11030/5Sx1RgcNoou"
"e5oNP57c1ue","190 Sussex Dr, Manhasset, NY 11030","2359000","3","Single Family Residence","Active","https://onekeymls.com/home-details/190-sussex-dr-manhasset-ny-11030/e5oNP57c1ue"
"4wmDMLAojDi","40 Bristol Dr, Manhasset, NY 11030","2850000","5","Single Family Residence","Active","https://onekeymls.com/home-details/40-bristol-dr-manhasset-ny-11030/4wmDMLAojDi"
"e6PlSoqff1J","50 South Drive, Manhasset, NY 11030","6050000","7","Single Family Residence","Pending","https://onekeymls.com/home-details/50-south-drive-manhasset-ny-11030/e6PlSoqff1J"
"jZXy0FrbDjs","10 Doral Dr, Manhasset, NY 11030","1480000","4","Condominium","Pending","https://onekeymls.com/home-details/10-doral-dr-manhasset-ny-11030/jZXy0FrbDjs"
"61ID3qcAMFm","105 Bayview Ave, Manhasset, NY 11030","939999","2","Single Family Residence","Pending","https://onekeymls.com/home-details/105-bayview-ave-manhasset-ny-11030/61ID3qcAMFm"
"kxuIbJyAuu6","11 Andover Ln, Manhasset, NY 11030","1998000","4","Single Family Residence","Active","https://onekeymls.com/home-details/11-andover-ln-manhasset-ny-11030/kxuIbJyAuu6"
"9MvZFmEoWCc","47 Onderdonk Ave, Manhasset, NY 11030","1280000","2","Single Family Residence","Active","https://onekeymls.com/home-details/47-onderdonk-ave-manhasset-ny-11030/9MvZFmEoWCc"
"lfDV3AnertP","58 Stone Hill Dr S, Manhasset, NY 11030","3490000","5","Single Family Residence","Active","https://onekeymls.com/home-details/58-stone-hill-dr-s-manhasset-ny-11030/lfDV3AnertP"
"7R0LTo3RcZl","79 Aldershot Ln, Manhasset, NY 11030","3999999","4","Single Family Residence","Active","https://onekeymls.com/home-details/79-aldershot-ln-manhasset-ny-11030/7R0LTo3RcZl"
"l3xGK18cJ2B","16 Middle Dr, Manhasset, NY 11030","5199000","6","Single Family Residence","Active","https://onekeymls.com/home-details/16-middle-dr-manhasset-ny-11030/l3xGK18cJ2B"
"5Y3hbgkyRMX","100 Elderfields Rd, Manhasset, NY 11030","5350000","5","Single Family Residence","Active","https://onekeymls.com/home-details/100-elderfields-rd-manhasset-ny-11030/5Y3hbgkyRMX"
"9z4uYWVUHSi","152 Plymouth Ct, Manhasset, NY 11030","4800000","5","Single Family Residence","Pending","https://onekeymls.com/home-details/152-plymouth-ct-manhasset-ny-11030/9z4uYWVUHSi"
"bKPrR3RYRFE","177 Gannet Ct Unit Belaire, Manhasset, NY 11030","2950000","3","Condominium","Active","https://onekeymls.com/home-details/177-gannet-ct-unit-belaire-manhasset-ny-11030/bKPrR3RYRFE"
"exn4WrguBEn","109 Nassau Dr, Albertson, NY 11507","1649000","3","Single Family Residence","Active","https://onekeymls.com/home-details/109-nassau-dr-albertson-ny-11507/exn4WrguBEn"
"eWpVLCxWuGU","23 Garden Dr, Albertson, NY 11507","1625000","4","Single Family Residence","Active","https://onekeymls.com/home-details/23-garden-dr-albertson-ny-11507/eWpVLCxWuGU"
"4PhwrMrTXEm","131 Searingtown Rd, Albertson, NY 11507","2199000","4","Single Family Residence","Active","https://onekeymls.com/home-details/131-searingtown-rd-albertson-ny-11507/4PhwrMrTXEm"
"iY6auCYPkwa","170 San Juan Avenue, Albertson, NY 11507","2199000","4","Single Family Residence","Active","https://onekeymls.com/home-details/170-san-juan-avenue-albertson-ny-11507/iY6auCYPkwa"
"hJv3WEQAnwi","21 Hampton Ave, Albertson, NY 11507","1049000","3","Single Family Residence","Active","https://onekeymls.com/home-details/21-hampton-ave-albertson-ny-11507/hJv3WEQAnwi"
"fgRSIhGW85H","65 Grant Ave, Albertson, NY 11507","799000","4","Single Family Residence","Active","https://onekeymls.com/home-details/65-grant-ave-albertson-ny-11507/fgRSIhGW85H"
"iiuJ6ecmnzd","18 Lynton Rd, Albertson, NY 11507","725000","4","Single Family Residence","Pending","https://onekeymls.com/home-details/18-lynton-rd-albertson-ny-11507/iiuJ6ecmnzd"
"afJd2k4ovaz","19 Sunset Rd W, Albertson, NY 11507","1890000","5","Single Family Residence","Active","https://onekeymls.com/home-details/19-sunset-rd-w-albertson-ny-11507/afJd2k4ovaz"
"cxzMPfvx87l","165 Evans Avenue, Albertson, NY 11507","1999000","4","Single Family Residence","Active","https://onekeymls.com/home-details/165-evans-avenue-albertson-ny-11507/cxzMPfvx87l"
"jQMTPqOYHwq","31 Edgemere Drive, Searingtown, NY 11507","1680000","4","Single Family Residence","Active","https://onekeymls.com/home-details/31-edgemere-drive-searingtown-ny-11507/jQMTPqOYHwq"
"43AnJ4c9ORS","116 Sigsbee Ave, Albertson, NY 11507","668888","2","Single Family Residence","Pending","https://onekeymls.com/home-details/116-sigsbee-ave-albertson-ny-11507/43AnJ4c9ORS"
"gjPljixt2GX","29 Argyle Rd, Albertson, NY 11507","1499990","3","Single Family Residence","Active","https://onekeymls.com/home-details/29-argyle-rd-albertson-ny-11507/gjPljixt2GX"
"97rFAcqeabq","800 Willis Ave Unit 105, Albertson, NY 11507","588000","1","Condominium","Active","https://onekeymls.com/home-details/800-willis-ave-unit-105-albertson-ny-11507/97rFAcqeabq"
"kd82GTttzwZ","144 Hughes Pl, Albertson, NY 11507","899000","4","Single Family Residence","Pending","https://onekeymls.com/home-details/144-hughes-pl-albertson-ny-11507/kd82GTttzwZ"
"9mn3yMyqMCT","54 Mckinley Ave, Albertson, NY 11507","1578000","6","Duplex","Active","https://onekeymls.com/home-details/54-mckinley-ave-albertson-ny-11507/9mn3yMyqMCT"
"cIkMpn0lUJN","35 Hilldale Rd, Albertson, NY 11507","1288000","3","Single Family Residence","Pending","https://onekeymls.com/home-details/35-hilldale-rd-albertson-ny-11507/cIkMpn0lUJN"
"8P3r8qCfylR","143 Searingtown Rd, Albertson, NY 11507","1780000","5","Triplex","Active","https://onekeymls.com/home-details/143-searingtown-rd-albertson-ny-11507/8P3r8qCfylR"
"k219EzrQEpM","27 Barrypark Ct, Albertson, NY 11507","1498000","4","Single Family Residence","Active","https://onekeymls.com/home-details/27-barrypark-ct-albertson-ny-11507/k219EzrQEpM"
"3lj90LuWJmf","49 Lee Ave, Albertson, NY 11507","1258000","4","Single Family Residence","Pending","https://onekeymls.com/home-details/49-lee-ave-albertson-ny-11507/3lj90LuWJmf"
"jusqif2qCa4","16 Netz Pl, Albertson, NY 11507","1050000","3","Single Family Residence","Active","https://onekeymls.com/home-details/16-netz-pl-albertson-ny-11507/jusqif2qCa4"
"fng2MNLzQiO","131 Dorset Ave, Albertson, NY 11507","749000","4","Single Family Residence","Pending","https://onekeymls.com/home-details/131-dorset-ave-albertson-ny-11507/fng2MNLzQiO"
"fJN9RmepC0","62 Crosby Ave, Albertson, NY 11507","1275000","4","Single Family Residence","Pending","https://onekeymls.com/home-details/62-crosby-ave-albertson-ny-11507/fJN9RmepC0"
"jGSgpn5sFtR","51 Dogwood Rd, Searingtown, NY 11507","1798000","4","Single Family Residence","Pending","https://onekeymls.com/home-details/51-dogwood-rd-searingtown-ny-11507/jGSgpn5sFtR"
"6jIrxAfpmO1","16 Deepdale Pkwy, Roslyn Heights, NY 11577","1199000","4","Single Family Residence","Pending","https://onekeymls.com/home-details/16-deepdale-pkwy-roslyn-heights-ny-11577/6jIrxAfpmO1"
"6AVFb4yp3pN","9 Bagley Ave, Albertson, NY 11507","899800","4","Single Family Residence","Pending","https://onekeymls.com/home-details/9-bagley-ave-albertson-ny-11507/6AVFb4yp3pN"
"h5Fy0YyCEKU","150 I U Willets Rd, Albertson, NY 11507","788000","2","Condominium","Pending","https://onekeymls.com/home-details/150-i-u-willets-rd-albertson-ny-11507/h5Fy0YyCEKU"
"8zrRn9qCpWl","103 Nassau Dr, Albertson, NY 11507","998800","5","Single Family Residence","Pending","https://onekeymls.com/home-details/103-nassau-dr-albertson-ny-11507/8zrRn9qCpWl"
"95NsQ3Ry3Xt","114 Hilldale Rd, Albertson, NY 11507","1250000","4","Single Family Residence","Pending","https://onekeymls.com/home-details/114-hilldale-rd-albertson-ny-11507/95NsQ3Ry3Xt"
"6cUST8WLJLS","14 Evans Ave, Albertson, NY 11507","958000","4","Single Family Residence","Pending","https://onekeymls.com/home-details/14-evans-ave-albertson-ny-11507/6cUST8WLJLS"
"aC9DTpLuGcT","152 Nassau Dr, Albertson, NY 11507","935000","3","Single Family Residence","Pending","https://onekeymls.com/home-details/152-nassau-dr-albertson-ny-11507/aC9DTpLuGcT"
"8RHH4fuI83V","326 Curtis Ave, Carle Place, NY 11514","770000","3","Single Family Residence","Active","https://onekeymls.com/home-details/326-curtis-ave-carle-place-ny-11514/8RHH4fuI83V"
"iuq73Cz2YRu","53 12th St, Carle Place, NY 11514","699000","3","Single Family Residence","Pending","https://onekeymls.com/home-details/53-12th-st-carle-place-ny-11514/iuq73Cz2YRu"
"5LbP0JokjbD","343 Roslyn Ave, Carle Place, NY 11514","1688000","8","Triplex","Active","https://onekeymls.com/home-details/343-roslyn-ave-carle-place-ny-11514/5LbP0JokjbD"
"8QX5AwLZoN2","3 Cromwell Rd, Carle Place, NY 11514","948000","4","Single Family Residence","Active","https://onekeymls.com/home-details/3-cromwell-rd-carle-place-ny-11514/8QX5AwLZoN2"
"fZx58ycrwdG","1 Koch Pl, Carle Place, NY 11514","639000","1","Condominium","Active","https://onekeymls.com/home-details/1-koch-pl-carle-place-ny-11514/fZx58ycrwdG"
"kj3UpxpD4ER","10 Garden Ct, Carle Place, NY 11514","998000","3","Single Family Residence","Pending","https://onekeymls.com/home-details/10-garden-ct-carle-place-ny-11514/kj3UpxpD4ER"
"7QuBkIf0hLF","8 Garden Ave, Carle Place, NY 11514","849000","3","Single Family Residence","Pending","https://onekeymls.com/home-details/8-garden-ave-carle-place-ny-11514/7QuBkIf0hLF"
"hTvn0KnsPJs","8 7th St, Carle Place, NY 11514","799000","5","Single Family Residence","Pending","https://onekeymls.com/home-details/8-7th-st-carle-place-ny-11514/hTvn0KnsPJs"
"6Ueu4bZFvxB","347 Broadway, Carle Place, NY 11514","1400000","4","Single Family Residence","Pending","https://onekeymls.com/home-details/347-broadway-carle-place-ny-11514/6Ueu4bZFvxB"
"1rIMbFtJ09x","211 Mineola Ave, Carle Place, NY 11514","700000","3","Single Family Residence","Pending","https://onekeymls.com/home-details/211-mineola-ave-carle-place-ny-11514/1rIMbFtJ09x"
"kpqcMiFfvNz","11 Koch Pl, Carle Place, NY 11514","990000","4","Single Family Residence","Pending","https://onekeymls.com/home-details/11-koch-pl-carle-place-ny-11514/kpqcMiFfvNz"
"5mEvotXpIz","33 Ogden Ave, East Williston, NY 11596","1448000","3","Single Family Residence","Coming Soon","https://onekeymls.com/home-details/33-ogden-ave-east-williston-ny-11596/5mEvotXpIz"
"18NpEuhIe0p","15 Stratford Ave, Williston Park, NY 11596","880000","3","Single Family Residence","Active","https://onekeymls.com/home-details/15-stratford-ave-williston-park-ny-11596/18NpEuhIe0p"
"azXZXzxyf5Z","533 Marcellus Rd, Williston Park, NY 11596","768000","3","Single Family Residence","Active","https://onekeymls.com/home-details/533-marcellus-rd-williston-park-ny-11596/azXZXzxyf5Z"
"2iRVMq3jeWn","172 Searingtown Road, Albertson, NY 11507","1999000","4","Single Family Residence","Active","https://onekeymls.com/home-details/172-searingtown-road-albertson-ny-11507/2iRVMq3jeWn"
"fu50MSAi8ae","36 Hawthorne St, Williston Park, NY 11596","729000","3","Single Family Residence","Active","https://onekeymls.com/home-details/36-hawthorne-st-williston-park-ny-11596/fu50MSAi8ae"
"8u5alrK2lal","120 William St, East Williston, NY 11596","1398000","3","Single Family Residence","Active","https://onekeymls.com/home-details/120-william-st-east-williston-ny-11596/8u5alrK2lal"
"9aV79AYoRci","441 Roslyn Rd, East Williston, NY 11596","1249999","4","Single Family Residence","Active","https://onekeymls.com/home-details/441-roslyn-rd-east-williston-ny-11596/9aV79AYoRci"
"UGEm9GslJ3","96 Capitol Ave, Williston Park, NY 11596","869000","3","Single Family Residence","Active","https://onekeymls.com/home-details/96-capitol-ave-williston-park-ny-11596/UGEm9GslJ3"
"7Ch3g9MJrU1","52 Syracuse St, Williston Park, NY 11596","779000","3","Single Family Residence","Active","https://onekeymls.com/home-details/52-syracuse-st-williston-park-ny-11596/7Ch3g9MJrU1"
"eYDReWtgzn8","204 Auburn St, East Williston, NY 11596","1449000","3","Single Family Residence","Active","https://onekeymls.com/home-details/204-auburn-st-east-williston-ny-11596/eYDReWtgzn8"
"8Hbpc5HWoeQ","148 Canterbury Rd, Williston Park, NY 11596","897000","2","Single Family Residence","Active","https://onekeymls.com/home-details/148-canterbury-rd-williston-park-ny-11596/8Hbpc5HWoeQ"
"dgaSHZYwy3G","204 Center St, Williston Park, NY 11596","965000","4","Single Family Residence","Pending","https://onekeymls.com/home-details/204-center-st-williston-park-ny-11596/dgaSHZYwy3G"
"dHgsWLQKbge","110 William St, East Williston, NY 11596","1649000","4","Single Family Residence","Active","https://onekeymls.com/home-details/110-william-st-east-williston-ny-11596/dHgsWLQKbge"
"iac60Qy8C2","130 Custer Ave, Williston Park, NY 11596","899088","4","Single Family Residence","Pending","https://onekeymls.com/home-details/130-custer-ave-williston-park-ny-11596/iac60Qy8C2"
"4oo40PGAtYL","136 Broad St, Williston Park, NY 11596","1075000","3","Single Family Residence","Pending","https://onekeymls.com/home-details/136-broad-st-williston-park-ny-11596/4oo40PGAtYL"
"60P4uyikuXt","612 Marcellus Rd, Williston Park, NY 11596","1486000","5","Single Family Residence","Active","https://onekeymls.com/home-details/612-marcellus-rd-williston-park-ny-11596/60P4uyikuXt"
"7xUwqDCCi5Z","25 Collins Ave, Williston Park, NY 11596","789000","3","Single Family Residence","Pending","https://onekeymls.com/home-details/25-collins-ave-williston-park-ny-11596/7xUwqDCCi5Z"
"16LZWpzItbP","14 Holiday Park Dr, Williston Park, NY 11596","1098000","3","Single Family Residence","Pending","https://onekeymls.com/home-details/14-holiday-park-dr-williston-park-ny-11596/16LZWpzItbP"
"3xcqFWI0ySp","150 High St, East Williston, NY 11596","1500000","3","Single Family Residence","Pending","https://onekeymls.com/home-details/150-high-st-east-williston-ny-11596/3xcqFWI0ySp"
"azpsE9jGf4Z","123 Stratford Ave, Williston Park, NY 11596","865000","3","Single Family Residence","Pending","https://onekeymls.com/home-details/123-stratford-ave-williston-park-ny-11596/azpsE9jGf4Z"
"1GHsZhVN7De","110 Yale St, Williston Park, NY 11596","848000","3","Single Family Residence","Pending","https://onekeymls.com/home-details/110-yale-st-williston-park-ny-11596/1GHsZhVN7De"
"cMQzhiCX0Bs","180 Primrose Rd, Williston Park, NY 11596","849000","3","Single Family Residence","Pending","https://onekeymls.com/home-details/180-primrose-rd-williston-park-ny-11596/cMQzhiCX0Bs"
"9u7KcDX5r1b","118 Hillside Ave # 122, Williston Park, NY 11596","1600000","","Business","Active","https://onekeymls.com/home-details/118-hillside-ave-122-williston-park-ny-11596/9u7KcDX5r1b"
"2ifZ1fd4m2n","21 Cornell St, Williston Park, NY 11596","749000","3","Single Family Residence","Pending","https://onekeymls.com/home-details/21-cornell-st-williston-park-ny-11596/2ifZ1fd4m2n"
"b8UlbXNymtq","160 Broad St, Williston Park, NY 11596","899000","3","Duplex","Active","https://onekeymls.com/home-details/160-broad-st-williston-park-ny-11596/b8UlbXNymtq"
"cZyPUVbD9ip","38 Fordham St, Williston Park, NY 11596","829000","4","Single Family Residence","Pending","https://onekeymls.com/home-details/38-fordham-st-williston-park-ny-11596/cZyPUVbD9ip"
"aPfAhaUpWQq","200 Howard St, East Williston, NY 11596","990000","3","Single Family Residence","Pending","https://onekeymls.com/home-details/200-howard-st-east-williston-ny-11596/aPfAhaUpWQq"
"eWqzW3aX2Wt","78 Swan Court, East Hills, NY 11576","2990000","7","Single Family Residence","Active","https://onekeymls.com/home-details/78-swan-court-east-hills-ny-11576/eWqzW3aX2Wt"
"66i8Ff9VlOQ","11 Mary Lane, Roslyn Harbor, NY 11548","1399000","4","Single Family Residence","Pending","https://onekeymls.com/home-details/11-mary-lane-roslyn-harbor-ny-11548/66i8Ff9VlOQ"
"7bel5NUYp0h","23 Wildwood Ln, Greenvale, NY 11548","2199000","5","Single Family Residence","Active","https://onekeymls.com/home-details/23-wildwood-ln-greenvale-ny-11548/7bel5NUYp0h"
"jtra6xuX3R3","2 Addison Ln, Greenvale, NY 11548","1099000","5","Single Family Residence","Pending","https://onekeymls.com/home-details/2-addison-ln-greenvale-ny-11548/jtra6xuX3R3"
"6liqtq36MTm","13 Elm St, Greenvale, NY 11548","575000","","","Pending","https://onekeymls.com/home-details/13-elm-st-greenvale-ny-11548/6liqtq36MTm"
"jJgQtnq1nBy","39 Oakdale Rd, Roslyn Heights, NY 11577","1555000","5","Single Family Residence","Active","https://onekeymls.com/home-details/39-oakdale-rd-roslyn-heights-ny-11577/jJgQtnq1nBy"
"dODfTA4qsYi","4 Edwards St Unit 1E, Roslyn Heights, NY 11577","349000","1","Stock Cooperative","Active","https://onekeymls.com/home-details/4-edwards-st-unit-1e-roslyn-heights-ny-11577/dODfTA4qsYi"
"6ek93PuVaWs","29 Garfield Pl, Roslyn Heights, NY 11577","1688888","4","Single Family Residence","Active","https://onekeymls.com/home-details/29-garfield-pl-roslyn-heights-ny-11577/6ek93PuVaWs"
"bmzgq9C0gtC","73 Revere Road, East Hills, NY 11577","1699000","3","Single Family Residence","Active","https://onekeymls.com/home-details/73-revere-road-east-hills-ny-11577/bmzgq9C0gtC"
"7a38POrjAeG","9 Arbor Road, East Hills, NY 11577","1799999","5","Single Family Residence","Pending","https://onekeymls.com/home-details/9-arbor-road-east-hills-ny-11577/7a38POrjAeG"
"lBavUf1dzgl","25 Edwards St Unit 2, Roslyn Heights, NY 11577","265000","1","Stock Cooperative","Pending","https://onekeymls.com/home-details/25-edwards-st-unit-2-roslyn-heights-ny-11577/lBavUf1dzgl"
"9Zf57IUrVRa","163 Elm St, Roslyn Heights, NY 11577","1168000","3","Single Family Residence","Active","https://onekeymls.com/home-details/163-elm-st-roslyn-heights-ny-11577/9Zf57IUrVRa"
"8PALm2yYPgn","86 George Street, East Hills, NY 11577","1895000","4","Single Family Residence","Active","https://onekeymls.com/home-details/86-george-street-east-hills-ny-11577/8PALm2yYPgn"
"ivS2THawxiO","118 Willow St, Roslyn Heights, NY 11577","1399000","3","Single Family Residence","Active","https://onekeymls.com/home-details/118-willow-st-roslyn-heights-ny-11577/ivS2THawxiO"
"17hOdpYYbMa","97 Parkway Dr, Roslyn Heights, NY 11577","3799000","5","Single Family Residence","Active","https://onekeymls.com/home-details/97-parkway-dr-roslyn-heights-ny-11577/17hOdpYYbMa"
"7hXMLHCXEOR","49 Edwards St Unit T, Roslyn Heights, NY 11577","295000","1","Stock Cooperative","Active","https://onekeymls.com/home-details/49-edwards-st-unit-t-roslyn-heights-ny-11577/7hXMLHCXEOR"
"ibyrG1hNpib","56 Edwards St Unit 2B, Roslyn Heights, NY 11577","345000","1","Stock Cooperative","Active","https://onekeymls.com/home-details/56-edwards-st-unit-2b-roslyn-heights-ny-11577/ibyrG1hNpib"
"hSpdN8graZu","16 Edwards St Unit 3F, Roslyn Heights, NY 11577","348000","1","Stock Cooperative","Active","https://onekeymls.com/home-details/16-edwards-st-unit-3f-roslyn-heights-ny-11577/hSpdN8graZu"
"AlTZCRugUf","136 Circle Dr, Roslyn Heights, NY 11577","2195000","5","Single Family Residence","Active","https://onekeymls.com/home-details/136-circle-dr-roslyn-heights-ny-11577/AlTZCRugUf"
"eGOwHuRmD8N","27 Parkway Dr, Roslyn Heights, NY 11577","1599000","3","Single Family Residence","Active","https://onekeymls.com/home-details/27-parkway-dr-roslyn-heights-ny-11577/eGOwHuRmD8N"
"dZ2TRbmLn8Y","91 Macgregor Ave, Roslyn Heights, NY 11577","1699999","4","Single Family Residence","Pending","https://onekeymls.com/home-details/91-macgregor-ave-roslyn-heights-ny-11577/dZ2TRbmLn8Y"
"jYtPDhuMhRV","11 Pony Cir, Roslyn Heights, NY 11577","1549000","4","Condominium","Active","https://onekeymls.com/home-details/11-pony-cir-roslyn-heights-ny-11577/jYtPDhuMhRV"
"iCZ0i6rfRpO","33 Parkway Dr, Roslyn Heights, NY 11577","3788000","6","Single Family Residence","Active","https://onekeymls.com/home-details/33-parkway-dr-roslyn-heights-ny-11577/iCZ0i6rfRpO"
"bGnEyh04fSr","186 N Stratford, Roslyn Heights, NY 11577","1649000","5","Single Family Residence","Active","https://onekeymls.com/home-details/186-n-stratford-roslyn-heights-ny-11577/bGnEyh04fSr"
"9rP6XGlmcQ4","78 Maple St, Roslyn Heights, NY 11577","1495000","","","Active","https://onekeymls.com/home-details/78-maple-st-roslyn-heights-ny-11577/9rP6XGlmcQ4"
"6tpmAfCSuGK","83 Edwards St Unit 2A, Roslyn Heights, NY 11577","399000","2","Stock Cooperative","Pending","https://onekeymls.com/home-details/83-edwards-st-unit-2a-roslyn-heights-ny-11577/6tpmAfCSuGK"
"cUqvvzCQpc8","68 Woodbine Road, East Hills, NY 11577","1488000","4","Single Family Residence","Active","https://onekeymls.com/home-details/68-woodbine-road-east-hills-ny-11577/cUqvvzCQpc8"
"jVV85HxeFbU","75 Edwards St Unit 1C, Roslyn Heights, NY 11577","324999","1","Stock Cooperative","Pending","https://onekeymls.com/home-details/75-edwards-st-unit-1c-roslyn-heights-ny-11577/jVV85HxeFbU"
"fHWIWcv4LTO","48 Saint Marks Pl, Roslyn Heights, NY 11577","899000","3","Single Family Residence","Active","https://onekeymls.com/home-details/48-saint-marks-pl-roslyn-heights-ny-11577/fHWIWcv4LTO"
"iactkOAFi3n","211 Hillturn Ln, Roslyn Heights, NY 11577","3300000","4","Single Family Residence","Pending","https://onekeymls.com/home-details/211-hillturn-ln-roslyn-heights-ny-11577/iactkOAFi3n"
"afXu5PlX6kQ","31 Kennedy Rd 27 &, East Hills, NY 11577","1200000","3","Duplex","Active","https://onekeymls.com/home-details/31-kennedy-rd-27-east-hills-ny-11577/afXu5PlX6kQ"
"7t3AlQYyV9M","57 Parkway Dr, Roslyn Heights, NY 11577","1595000","4","Single Family Residence","Active","https://onekeymls.com/home-details/57-parkway-dr-roslyn-heights-ny-11577/7t3AlQYyV9M"
"cWqyZqmZFkV","131 Stratford N, Roslyn Heights, NY 11577","1199999","3","Single Family Residence","Active","https://onekeymls.com/home-details/131-stratford-n-roslyn-heights-ny-11577/cWqyZqmZFkV"
"a2zcIEFwEry","43 Edwards St Unit 1B, Roslyn Heights, NY 11577","299999","1","Stock Cooperative","Pending","https://onekeymls.com/home-details/43-edwards-st-unit-1b-roslyn-heights-ny-11577/a2zcIEFwEry"
"k8Qf6OABBL6","2 Hemlock Ln, Roslyn Heights, NY 11577","1950000","6","Single Family Residence","Pending","https://onekeymls.com/home-details/2-hemlock-ln-roslyn-heights-ny-11577/k8Qf6OABBL6"
"7SnY7k7YkLn","3015 Hobart St Unit 4D, Woodside, NY 11377","449000","2","Stock Cooperative","Pending","https://onekeymls.com/home-details/3015-hobart-st-unit-4d-woodside-ny-11377/7SnY7k7YkLn"
"2bhKPvc16zN","5031 68th St, Woodside, NY 11377","1180000","3","Single Family Residence","Active","https://onekeymls.com/home-details/5031-68th-st-woodside-ny-11377/2bhKPvc16zN"
"jFe4V7ssWOZ","7026 Queens Blvd Unit 5A, Woodside, NY 11377","627000","2","Condominium","Active","https://onekeymls.com/home-details/7026-queens-blvd-unit-5a-woodside-ny-11377/jFe4V7ssWOZ"
"9xOxA5EzGOI","7065 Queens Blvd Unit 8J, Woodside, NY 11377","599000","1","Condominium","Active","https://onekeymls.com/home-details/7065-queens-blvd-unit-8j-woodside-ny-11377/9xOxA5EzGOI"
"6akJbCVoTHQ","6314 Queens Blvd Unit 3M, Woodside, NY 11377","599000","1","Condominium","Active","https://onekeymls.com/home-details/6314-queens-blvd-unit-3m-woodside-ny-11377/6akJbCVoTHQ"
"gK0F0pMYwAx","7065 Queens Blvd Unit 6A, Woodside, NY 11377","515000","1","Condominium","Active","https://onekeymls.com/home-details/7065-queens-blvd-unit-6a-woodside-ny-11377/gK0F0pMYwAx"
"ceCK7aSBrRy","7065 Queens Blvd Unit 6L, Woodside, NY 11377","518000","1","Condominium","Active","https://onekeymls.com/home-details/7065-queens-blvd-unit-6l-woodside-ny-11377/ceCK7aSBrRy"
"9394VmOpSgM","5629 Roosevelt Ave, Flushing, NY 11377","1895000","9","Triplex","Active","https://onekeymls.com/home-details/5629-roosevelt-ave-flushing-ny-11377/9394VmOpSgM"
"3GIXv1enrLv","4131 51st St Unit 6M, Woodside, NY 11377","269000","1","Stock Cooperative","Active","https://onekeymls.com/home-details/4131-51st-st-unit-6m-woodside-ny-11377/3GIXv1enrLv"
"gIG1Y5Q2PAp","4131 51st St Unit 6E, Woodside, NY 11377","378000","1","Stock Cooperative","Active","https://onekeymls.com/home-details/4131-51st-st-unit-6e-woodside-ny-11377/gIG1Y5Q2PAp"
"f8sUxuY29r8","3456 70th St, Jackson Heights, NY 11372","1579000","6","Triplex","Active","https://onekeymls.com/home-details/3456-70th-st-jackson-heights-ny-11372/f8sUxuY29r8"
"bFFGID08w6m","4850 45th St, Woodside, NY 11377","1249000","5","Duplex","Active","https://onekeymls.com/home-details/4850-45th-st-woodside-ny-11377/bFFGID08w6m"
"hSDkIhWDDuO","3775 64th St Unit 31, Woodside, NY 11377","399000","2","Stock Cooperative","Active","https://onekeymls.com/home-details/3775-64th-st-unit-31-woodside-ny-11377/hSDkIhWDDuO"
"dIjUQR4a8Qu","3968 59th St, Woodside, NY 11377","1125000","3","Single Family Residence","Active","https://onekeymls.com/home-details/3968-59th-st-woodside-ny-11377/dIjUQR4a8Qu"
"7vXDRX9GsXB","5118 48th St, Woodside, NY 11377","1315000","7","Duplex","Active","https://onekeymls.com/home-details/5118-48th-st-woodside-ny-11377/7vXDRX9GsXB"
"fKFiwV5Yfu9","63-11 Queens Boulevard Unit A-3, Woodside, NY 11377","629000","3","Stock Cooperative","Active","https://onekeymls.com/home-details/63-11-queens-boulevard-unit-a-3-woodside-ny-11377/fKFiwV5Yfu9"
"aQUw5fZOTLF","6515 38th Ave Unit 5K, Woodside, NY 11377","465000","2","Stock Cooperative","Active","https://onekeymls.com/home-details/6515-38th-ave-unit-5k-woodside-ny-11377/aQUw5fZOTLF"
"doPWkIMmZda","3976 57th St Unit 6E, Woodside, NY 11377","335000","1","Stock Cooperative","Active","https://onekeymls.com/home-details/3976-57th-st-unit-6e-woodside-ny-11377/doPWkIMmZda"
"TsReXTJEEM","4151 54th St, Woodside, NY 11377","948000","4","Single Family Residence","Active","https://onekeymls.com/home-details/4151-54th-st-woodside-ny-11377/TsReXTJEEM"
"ispRb4NSPhL","6405 Woodside Ave Unit 4E, Woodside, NY 11377","549000","2","Condominium","Active","https://onekeymls.com/home-details/6405-woodside-ave-unit-4e-woodside-ny-11377/ispRb4NSPhL"
"k5I3px06vAq","6409 Woodside Ave Unit 2, Woodside, NY 11377","1649000","5","Manufactured On Land","Active","https://onekeymls.com/home-details/6409-woodside-ave-unit-2-woodside-ny-11377/k5I3px06vAq"
"fnsKqfodNM2","6011 Broadway Unit 5E, Woodside, NY 11377","350000","1","Stock Cooperative","Active","https://onekeymls.com/home-details/6011-broadway-unit-5e-woodside-ny-11377/fnsKqfodNM2"
"9Vq6YnDwXZQ","6011 Broadway Unit 4N, Woodside, NY 11377","275000","1","Stock Cooperative","Active","https://onekeymls.com/home-details/6011-broadway-unit-4n-woodside-ny-11377/9Vq6YnDwXZQ"
"bY9o7GGk902","6515 38th Ave Unit 5R, Woodside, NY 11377","240000","0","Stock Cooperative","Active","https://onekeymls.com/home-details/6515-38th-ave-unit-5r-woodside-ny-11377/bY9o7GGk902"
"6DOTOFmqa5k","6314 Queens Blvd Unit 3E, Woodside, NY 11377","479000","1","Condominium","Active","https://onekeymls.com/home-details/6314-queens-blvd-unit-3e-woodside-ny-11377/6DOTOFmqa5k"
"lAOEAE9bBRq","45-07 46th Avenue, Woodside, NY 11377","399000","","Business","Active","https://onekeymls.com/home-details/45-07-46th-avenue-woodside-ny-11377/lAOEAE9bBRq"
"g0w5DS0yn7W","4012 67th St, Woodside, NY 11377","1550000","","Multi Family","Active","https://onekeymls.com/home-details/4012-67th-st-woodside-ny-11377/g0w5DS0yn7W"
"2vCkiP9WHAG","4744 43rd St, Woodside, NY 11377","1400000","","Multi Family","Active","https://onekeymls.com/home-details/4744-43rd-st-woodside-ny-11377/2vCkiP9WHAG"
"g7pAEYjRpz4","Undisclosed Address, Woodside, NY 11377","425000","1","Condominium","Active","https://onekeymls.com/home-details/undisclosed-address-woodside-ny-11377/g7pAEYjRpz4"
"8UbYLVIHBVQ","4619 65th Pl, Woodside, NY 11377","1399000","0","Duplex","Active","https://onekeymls.com/home-details/4619-65th-pl-woodside-ny-11377/8UbYLVIHBVQ"
"T78Vn3Jo7C","31-12 38th Avenue Unit Unit 3B, Long Island City, NY 11101","699900","1","Condominium","Active","https://onekeymls.com/home-details/31-12-38th-avenue-unit-unit-3b-long-island-city-ny-11101/T78Vn3Jo7C"
"fNHXvfG3gke","2508 43rd Ave Unit 7A, Long Island City, NY 11101","1450000","2","Condominium","Active","https://onekeymls.com/home-details/2508-43rd-ave-unit-7a-long-island-city-ny-11101/fNHXvfG3gke"
"8DKiH8zA8u4","2508 43rd Ave Unit 5A, Long Island City, NY 11101","950000","1","Condominium","Active","https://onekeymls.com/home-details/2508-43rd-ave-unit-5a-long-island-city-ny-11101/8DKiH8zA8u4"
"348eIQRKGn3","2508 43rd Ave Unit 2E, Long Island City, NY 11101","1299000","2","Condominium","Active","https://onekeymls.com/home-details/2508-43rd-ave-unit-2e-long-island-city-ny-11101/348eIQRKGn3"
"gGti6wgj0Ud","2508 43rd Ave Unit 5D, Long Island City, NY 11101","1178000","2","Condominium","Pending","https://onekeymls.com/home-details/2508-43rd-ave-unit-5d-long-island-city-ny-11101/gGti6wgj0Ud"
"bJulbpHWjn8","2508 43rd Ave Unit 2F, Long Island City, NY 11101","799000","1","Condominium","Active","https://onekeymls.com/home-details/2508-43rd-ave-unit-2f-long-island-city-ny-11101/bJulbpHWjn8"
"iIHwWeGDb69","5142 35th St, Long Island City, NY 11101","1498000","2","Duplex","Active","https://onekeymls.com/home-details/5142-35th-st-long-island-city-ny-11101/iIHwWeGDb69"
"8LV2QOGMJsE","3722 27th St, Long Island City, NY 11101","1699000","0","Duplex","Active","https://onekeymls.com/home-details/3722-27th-st-long-island-city-ny-11101/8LV2QOGMJsE"
"dkwKccGwUbf","2626 Jackson Ave Unit 303, Long Island City, NY 11101","839000","1","Condominium","Active","https://onekeymls.com/home-details/2626-jackson-ave-unit-303-long-island-city-ny-11101/dkwKccGwUbf"
"apWvvdPmyZo","3 Court Sq Unit 5005, Long Island City, NY 11101","1090000","1","Condominium","Active","https://onekeymls.com/home-details/3-court-sq-unit-5005-long-island-city-ny-11101/apWvvdPmyZo"
"6BLriEu6PTt","4630 21st St Unit 2C, Long Island City, NY 11101","1033000","2","Condominium","Active","https://onekeymls.com/home-details/4630-21st-st-unit-2c-long-island-city-ny-11101/6BLriEu6PTt"
"1rdhB5KRJo3","5-12 51st Avenue Unit 2-B, Long Island City, NY 11101","750000","1","Condominium","Active","https://onekeymls.com/home-details/5-12-51st-avenue-unit-2-b-long-island-city-ny-11101/1rdhB5KRJo3"
"ceU4Jrm2O9a","3 Court Sq Unit 3908, Long Island City, NY 11101","1798000","2","Condominium","Active","https://onekeymls.com/home-details/3-court-sq-unit-3908-long-island-city-ny-11101/ceU4Jrm2O9a"
"7AMqDzF3VJq","2416 Queens Plz S Unit 7B, Long Island City, NY 11101","999000","1","Condominium","Active","https://onekeymls.com/home-details/2416-queens-plz-s-unit-7b-long-island-city-ny-11101/7AMqDzF3VJq"
"6MApqsMBxPJ","3812 28th St, Long Island City, NY 11101","5380000","","","Active","https://onekeymls.com/home-details/3812-28th-st-long-island-city-ny-11101/6MApqsMBxPJ"
"gaZjwjoCMX5","4530 Pearson St Unit 15B, Long Island City, NY 11101","1125000","1","Condominium","Active","https://onekeymls.com/home-details/4530-pearson-st-unit-15b-long-island-city-ny-11101/gaZjwjoCMX5"
"1vT5NP9nBzc","2508 43rd Ave Unit 2B, Long Island City, NY 11101","878000","1","Condominium","Active","https://onekeymls.com/home-details/2508-43rd-ave-unit-2b-long-island-city-ny-11101/1vT5NP9nBzc"
"l9E0o5gmWGv","2508 43rd Ave Unit 5B, Long Island City, NY 11101","895000","1","Condominium","Pending","https://onekeymls.com/home-details/2508-43rd-ave-unit-5b-long-island-city-ny-11101/l9E0o5gmWGv"
"ilp6OPjcEfm","2508 43rd Ave Unit 6D, Long Island City, NY 11101","1088000","1","Condominium","Active","https://onekeymls.com/home-details/2508-43rd-ave-unit-6d-long-island-city-ny-11101/ilp6OPjcEfm"
"h0J5EdM1RgO","2508 43rd Ave Unit 6B, Long Island City, NY 11101","998000","1","Condominium","Pending","https://onekeymls.com/home-details/2508-43rd-ave-unit-6b-long-island-city-ny-11101/h0J5EdM1RgO"
"TEQ8V83hOB","1041 51st Ave, Long Island City, NY 11101","2590000","4","Triplex","Active","https://onekeymls.com/home-details/1041-51st-ave-long-island-city-ny-11101/TEQ8V83hOB"
"2Fz6JqxXqyV","4507 Court Sq Unit 4B, Long Island City, NY 11101","959000","1","Condominium","Active","https://onekeymls.com/home-details/4507-court-sq-unit-4b-long-island-city-ny-11101/2Fz6JqxXqyV"
"lL4PqzwphcO","3 Court Sq, Long Island City, NY 11101","1850000","2","Condominium","Active","https://onekeymls.com/home-details/3-court-sq-long-island-city-ny-11101/lL4PqzwphcO"
"4rWAGsSJkX4","2301 Borden Ave, Long Island City, NY 11101","18800000","","Industrial","Active","https://onekeymls.com/home-details/2301-borden-ave-long-island-city-ny-11101/4rWAGsSJkX4"
"94PKQx7JWMI","41st Avenue 29-18 Unit 14B, Long Island City, NY 11101","937000","1","Condominium","Active","https://onekeymls.com/home-details/41st-avenue-29-18-unit-14b-long-island-city-ny-11101/94PKQx7JWMI"
"86D6161gJwg","2521 43rd Ave Unit 801, Queens, NY 11101","1399000","2","Condominium","Active","https://onekeymls.com/home-details/2521-43rd-ave-unit-801-queens-ny-11101/86D6161gJwg"
"hdAw6joZKuG","1150 45th Rd Unit 5C, Queens, NY 11101","1750000","2","Condominium","Pending","https://onekeymls.com/home-details/1150-45th-rd-unit-5c-queens-ny-11101/hdAw6joZKuG"
"9IOI8gpVukT","1112 44th Dr Unit 3C, Queens, NY 11101","1268000","2","Condominium","Active","https://onekeymls.com/home-details/1112-44th-dr-unit-3c-queens-ny-11101/9IOI8gpVukT"
"20PcSw6MJtN","2415 Queens Plz N Unit 6B, Long Island City, NY 11101","899000","1","Condominium","Active","https://onekeymls.com/home-details/2415-queens-plz-n-unit-6b-long-island-city-ny-11101/20PcSw6MJtN"
"gaqHlezblEH","2615 4th St Unit 2I, Astoria, NY 11102","582200","1","Condominium","Active","https://onekeymls.com/home-details/2615-4th-st-unit-2i-astoria-ny-11102/gaqHlezblEH"
"euD3UQbC774","2615 4th St Unit 5A, Astoria, NY 11102","731500","1","Condominium","Active","https://onekeymls.com/home-details/2615-4th-st-unit-5a-astoria-ny-11102/euD3UQbC774"
"aJw28EHiArz","2615 4th St Unit 3D, Astoria, NY 11102","833000","2","Condominium","Active","https://onekeymls.com/home-details/2615-4th-st-unit-3d-astoria-ny-11102/aJw28EHiArz"
"1t7fo3HBXQd","2615 4th St Unit 2C, Astoria, NY 11102","805000","2","Condominium","Active","https://onekeymls.com/home-details/2615-4th-st-unit-2c-astoria-ny-11102/1t7fo3HBXQd"
"g5VNevrspDu","3055 Vernon Blvd Unit 3G, Astoria, NY 11102","799500","1","Condominium","Active","https://onekeymls.com/home-details/3055-vernon-blvd-unit-3g-astoria-ny-11102/g5VNevrspDu"
"8MpzkoyYwgF","3055 Vernon Blvd Unit 6A, Astoria, NY 11102","745000","1","Condominium","Active","https://onekeymls.com/home-details/3055-vernon-blvd-unit-6a-astoria-ny-11102/8MpzkoyYwgF"
"fa46W4PK6xK","3055 Vernon Blvd Unit 2P, Astoria, NY 11102","685000","1","Condominium","Active","https://onekeymls.com/home-details/3055-vernon-blvd-unit-2p-astoria-ny-11102/fa46W4PK6xK"
"idKOicgShjF","3055 Vernon Blvd Unit 7D, Astoria, NY 11102","560000","0","Condominium","Active","https://onekeymls.com/home-details/3055-vernon-blvd-unit-7d-astoria-ny-11102/idKOicgShjF"
"g5ZLTYAMbo4","3055 Vernon Blvd Unit 6P, Astoria, NY 11102","1285000","2","Condominium","Active","https://onekeymls.com/home-details/3055-vernon-blvd-unit-6p-astoria-ny-11102/g5ZLTYAMbo4"
"akCAgsw8u9G","3055 Vernon Blvd Unit 3C, Astoria, NY 11102","735000","1","Condominium","Active","https://onekeymls.com/home-details/3055-vernon-blvd-unit-3c-astoria-ny-11102/akCAgsw8u9G"
"dkyn3tJtqfR","3055 Vernon Blvd Unit 3X, Astoria, NY 11102","1735000","3","Condominium","Active","https://onekeymls.com/home-details/3055-vernon-blvd-unit-3x-astoria-ny-11102/dkyn3tJtqfR"
"2Zbq7I6Xqn2","30-05 Vernon Unit 4H, Astoria, NY 11102","628800","1","Condominium","Active","https://onekeymls.com/home-details/30-05-vernon-unit-4h-astoria-ny-11102/2Zbq7I6Xqn2"
"g39samrtenQ","3055 Vernon Blvd Unit 6J, Astoria, NY 11102","895000","1","Condominium","Active","https://onekeymls.com/home-details/3055-vernon-blvd-unit-6j-astoria-ny-11102/g39samrtenQ"
"1gE0Qp1TFzT","3055 Vernon Blvd Unit 2A, Astoria, NY 11102","1195000","2","Condominium","Active","https://onekeymls.com/home-details/3055-vernon-blvd-unit-2a-astoria-ny-11102/1gE0Qp1TFzT"
"f1zbwM3W2Qz","3055 Vernon Blvd Unit 2C, Astoria, NY 11102","1375000","2","Condominium","Active","https://onekeymls.com/home-details/3055-vernon-blvd-unit-2c-astoria-ny-11102/f1zbwM3W2Qz"
"5XW71Bkwg3j","3055 Vernon Blvd Unit 3V, Astoria, NY 11102","1375000","2","Condominium","Active","https://onekeymls.com/home-details/3055-vernon-blvd-unit-3v-astoria-ny-11102/5XW71Bkwg3j"
"ji3ArT3bHDV","3055 Vernon Blvd Unit 5F, Astoria, NY 11102","1250000","2","Condominium","Active","https://onekeymls.com/home-details/3055-vernon-blvd-unit-5f-astoria-ny-11102/ji3ArT3bHDV"
"i5bx0yK0h4V","3055 Vernon Blvd Unit 6M, Astoria, NY 11102","1439500","2","Condominium","Active","https://onekeymls.com/home-details/3055-vernon-blvd-unit-6m-astoria-ny-11102/i5bx0yK0h4V"
"1IJCeE8APFg","3055 Vernon Blvd Unit 3M, Astoria, NY 11102","1195000","2","Condominium","Pending","https://onekeymls.com/home-details/3055-vernon-blvd-unit-3m-astoria-ny-11102/1IJCeE8APFg"
"ejDQtPdhnkz","3055 Vernon Blvd Unit 6C, Astoria, NY 11102","787000","1","Condominium","Pending","https://onekeymls.com/home-details/3055-vernon-blvd-unit-6c-astoria-ny-11102/ejDQtPdhnkz"
"2VaLWBGW41R","3019 33rd St, Astoria, NY 11102","1995000","8","Triplex","Pending","https://onekeymls.com/home-details/3019-33rd-st-astoria-ny-11102/2VaLWBGW41R"
"abifLYQ9PHC","1844 26th Rd, Astoria, NY 11102","1700000","","","Active","https://onekeymls.com/home-details/1844-26th-rd-astoria-ny-11102/abifLYQ9PHC"
"jAaIVZaii2l","1428 30th Dr, Astoria, NY 11102","1399000","6","Duplex","Active","https://onekeymls.com/home-details/1428-30th-dr-astoria-ny-11102/jAaIVZaii2l"
"3AYPGbVzsGF","2633 28th St Unit 4A, Astoria, NY 11102","845000","1","Condominium","Active","https://onekeymls.com/home-details/2633-28th-st-unit-4a-astoria-ny-11102/3AYPGbVzsGF"
"5jRdDvD9BYr","429 27th Ave, Astoria, NY 11102","1799000","","Other","Active","https://onekeymls.com/home-details/429-27th-ave-astoria-ny-11102/5jRdDvD9BYr"
"bSsC9t20w76","3055 Vernon Blvd Unit Phb, Astoria, NY 11102","1875000","3","Condominium","Pending","https://onekeymls.com/home-details/3055-vernon-blvd-unit-phb-astoria-ny-11102/bSsC9t20w76"
"7asmurFyEpC","30-74-76 30th Street, Astoria, NY 11102","3595000","","Multi Family","Active","https://onekeymls.com/home-details/30-74-76-30th-street-astoria-ny-11102/7asmurFyEpC"
"7DVTEQZCpbr","2131 25th Rd, Astoria, NY 11102","1399000","4","Duplex","Active","https://onekeymls.com/home-details/2131-25th-rd-astoria-ny-11102/7DVTEQZCpbr"
"33LvrL5UwpC","2540 Shore Blvd Unit 15Q, Astoria, NY 11102","515000","0","Condominium","Active","https://onekeymls.com/home-details/2540-shore-blvd-unit-15q-astoria-ny-11102/33LvrL5UwpC"
"jKiRBd7bI3B","3104 28th Ave, Astoria, NY 11102","2199000","6","Duplex","Pending","https://onekeymls.com/home-details/3104-28th-ave-astoria-ny-11102/jKiRBd7bI3B"
"bOIRgaGLEtl","31-47 Steinway Street Unit Building, Queens, NY 11103","2900000","5","Apartment","Active","https://onekeymls.com/home-details/31-47-steinway-street-unit-building-queens-ny-11103/bOIRgaGLEtl"
"5SXDnZ097po","3091 37th St, Astoria, NY 11103","1295000","3","Single Family Residence","Pending","https://onekeymls.com/home-details/3091-37th-st-astoria-ny-11103/5SXDnZ097po"
"aZNTvMOyb3g","3217 46th St, Astoria, NY 11103","1325000","4","Duplex","Active","https://onekeymls.com/home-details/3217-46th-st-astoria-ny-11103/aZNTvMOyb3g"
"9ZgygYkfh2E","2504 42nd St, Astoria, NY 11103","1888000","5","Duplex","Active","https://onekeymls.com/home-details/2504-42nd-st-astoria-ny-11103/9ZgygYkfh2E"
"ZdEdeFGBpU","3121 46th St, Astoria, NY 11103","2150000","7","Triplex","Active","https://onekeymls.com/home-details/3121-46th-st-astoria-ny-11103/ZdEdeFGBpU"
"4JDbvmLJNPM","2511 44th St, Astoria, NY 11103","1999000","6","Duplex","Pending","https://onekeymls.com/home-details/2511-44th-st-astoria-ny-11103/4JDbvmLJNPM"
"b2gtaTHwjeG","2829 35th St, Astoria, NY 11103","2995000","","Multi Family","Active","https://onekeymls.com/home-details/2829-35th-st-astoria-ny-11103/b2gtaTHwjeG"
"2kr88EPvElD","3076 Steinway St, Astoria, NY 11103","2390000","","Retail","Pending","https://onekeymls.com/home-details/3076-steinway-st-astoria-ny-11103/2kr88EPvElD"
"3duLomhu2cy","2522 45th St Unit 1, Astoria, NY 11103","999000","2","Single Family Residence","Active","https://onekeymls.com/home-details/2522-45th-st-unit-1-astoria-ny-11103/3duLomhu2cy"
"k5d3UtqBK59","2465 38th St Unit 10C, Astoria, NY 11103","619900","1","Stock Cooperative","Active","https://onekeymls.com/home-details/2465-38th-st-unit-10c-astoria-ny-11103/k5d3UtqBK59"
"7ZoWLqa4lT9","2569 38th St Unit 1R, Astoria, NY 11103","620000","1","Condominium","Active","https://onekeymls.com/home-details/2569-38th-st-unit-1r-astoria-ny-11103/7ZoWLqa4lT9"
"614VEYkmO0x","4501 34th Ave, Long Island City, NY 11101","84000","","Other","Active","https://onekeymls.com/home-details/4501-34th-ave-long-island-city-ny-11101/614VEYkmO0x"
"aBjHTIS3HGD","4314 30th Ave, Astoria, NY 11103","1600000","0","Duplex","Active","https://onekeymls.com/home-details/4314-30th-ave-astoria-ny-11103/aBjHTIS3HGD"
"8tq96dsrAJT","4312 30th Ave, Astoria, NY 11103","1600000","0","Duplex","Active","https://onekeymls.com/home-details/4312-30th-ave-astoria-ny-11103/8tq96dsrAJT"
"ixZRaqeRLuo","2830 41st St, Astoria, NY 11103","1480000","4","Duplex","Pending","https://onekeymls.com/home-details/2830-41st-st-astoria-ny-11103/ixZRaqeRLuo"
"hM4hn9UE634","3083 49th St, Astoria, NY 11103","1598999","0","Duplex","Active","https://onekeymls.com/home-details/3083-49th-st-astoria-ny-11103/hM4hn9UE634"
"8qInk2lQOwE","3094 47th St, Astoria, NY 11103","1600000","6","Duplex","Active","https://onekeymls.com/home-details/3094-47th-st-astoria-ny-11103/8qInk2lQOwE"
"h1q1EJDuV5V","4607 28th Ave, Astoria, NY 11103","1589000","5","Triplex","Active","https://onekeymls.com/home-details/4607-28th-ave-astoria-ny-11103/h1q1EJDuV5V"
"idN7MQkj3z8","2418 42nd St, Astoria, NY 11103","1195000","3","Triplex","Active","https://onekeymls.com/home-details/2418-42nd-st-astoria-ny-11103/idN7MQkj3z8"
"bQL3GcZbOAd","4505 Broadway, Astoria, NY 11103","1499999","0","Single Family Residence","Active","https://onekeymls.com/home-details/4505-broadway-astoria-ny-11103/bQL3GcZbOAd"
"dYqRy00kC9h","4703 30th Ave, Astoria, NY 11103","1349000","5","Triplex","Pending","https://onekeymls.com/home-details/4703-30th-ave-astoria-ny-11103/dYqRy00kC9h"
"2ND8NxFXg1G","2566 42nd St, Astoria, NY 11103","1750000","11","Multi Family","Active","https://onekeymls.com/home-details/2566-42nd-st-astoria-ny-11103/2ND8NxFXg1G"
"J5pLBmYx55","2519 35th St Unit 4C, Astoria, NY 11103","699000","1","Condominium","Active","https://onekeymls.com/home-details/2519-35th-st-unit-4c-astoria-ny-11103/J5pLBmYx55"
"9d9wMBPr7qg","2580 38th St Unit 7, Astoria, NY 11103","675000","1","Condominium","Pending","https://onekeymls.com/home-details/2580-38th-st-unit-7-astoria-ny-11103/9d9wMBPr7qg"
"fyWOST9EoAR","25-39-38 Street, Astoria, NY 11103","2350000","8","Quadruplex","Active","https://onekeymls.com/home-details/25-39-38-street-astoria-ny-11103/fyWOST9EoAR"
"drbLrSx0axt","3039 36th St, Astoria, NY 11103","2295000","3","Single Family Residence","Active","https://onekeymls.com/home-details/3039-36th-st-astoria-ny-11103/drbLrSx0axt"
"JmQbhWjpNe","3114 48th St, Astoria, NY 11103","1100000","3","Single Family Residence","Pending","https://onekeymls.com/home-details/3114-48th-st-astoria-ny-11103/JmQbhWjpNe"
"IA7QDxrZJ5","4615 30th Rd, Astoria, NY 11103","1249999","4","Duplex","Active","https://onekeymls.com/home-details/4615-30th-rd-astoria-ny-11103/IA7QDxrZJ5"
"966w3mBz5FV","3286 41st St Unit 3F, Astoria, NY 11103","899000","2","Condominium","Active","https://onekeymls.com/home-details/3286-41st-st-unit-3f-astoria-ny-11103/966w3mBz5FV"
"hT6QiN93xEB","4201 Newtown Rd, Astoria, NY 11103","799000","3","Duplex","Pending","https://onekeymls.com/home-details/4201-newtown-rd-astoria-ny-11103/hT6QiN93xEB"
"2heLMGwDq40","4307 48th St Unit 5A, Sunnyside, NY 11104","535000","1","Condominium","Active","https://onekeymls.com/home-details/4307-48th-st-unit-5a-sunnyside-ny-11104/2heLMGwDq40"
"jl8zxrRZZel","43-17 47th Street Unit D-43, Sunnyside, NY 11104","448000","2","Stock Cooperative","Active","https://onekeymls.com/home-details/43-17-47th-street-unit-d-43-sunnyside-ny-11104/jl8zxrRZZel"
"d0fdG0lsz93","5038 47th Street, Sunnyside, NY 11104","1448000","0","Duplex","Active","https://onekeymls.com/home-details/5038-47th-street-sunnyside-ny-11104/d0fdG0lsz93"
"4I3gjlovTq","4601 39th Ave Unit 103, Sunnyside, NY 11104","589000","2","Stock Cooperative","Active","https://onekeymls.com/home-details/4601-39th-ave-unit-103-sunnyside-ny-11104/4I3gjlovTq"
"b4A4MkQGO1t","4307 48th St Unit 5B, Sunnyside, NY 11104","535000","1","Condominium","Active","https://onekeymls.com/home-details/4307-48th-st-unit-5b-sunnyside-ny-11104/b4A4MkQGO1t"
"j9cjbEdhmLB","4141 41st St Unit 5N, Sunnyside, NY 11104","375000","1","Stock Cooperative","Active","https://onekeymls.com/home-details/4141-41st-st-unit-5n-sunnyside-ny-11104/j9cjbEdhmLB"
"frZ5Hcy2QzT","5022 40th St Unit 6H, Sunnyside, NY 11104","370000","1","Stock Cooperative","Active","https://onekeymls.com/home-details/5022-40th-st-unit-6h-sunnyside-ny-11104/frZ5Hcy2QzT"
"66BZpFr4dyB","5022 40th St Unit 1A, Sunnyside, NY 11104","265000","0","Stock Cooperative","Active","https://onekeymls.com/home-details/5022-40th-st-unit-1a-sunnyside-ny-11104/66BZpFr4dyB"
"fCLdZrcfAc6","5021 39th Pl Unit 2E, Sunnyside, NY 11104","365000","1","Stock Cooperative","Active","https://onekeymls.com/home-details/5021-39th-pl-unit-2e-sunnyside-ny-11104/fCLdZrcfAc6"
"fsG6GhwOtkf","5021 39th Pl Unit 1A, Sunnyside, NY 11104","309000","1","Stock Cooperative","Active","https://onekeymls.com/home-details/5021-39th-pl-unit-1a-sunnyside-ny-11104/fsG6GhwOtkf"
"4n5k4uWiV82","4333 46th St Unit A6, Sunnyside, NY 11104","349000","1","Stock Cooperative","Pending","https://onekeymls.com/home-details/4333-46th-st-unit-a6-sunnyside-ny-11104/4n5k4uWiV82"
"gAQuVnmfmXO","4330 48th St, Sunnyside, NY 11104","249500","","Office","Active","https://onekeymls.com/home-details/4330-48th-st-sunnyside-ny-11104/gAQuVnmfmXO"
"dQNInnUbI7y","4601 39th Ave Unit 608, Sunnyside, NY 11104","558000","1","Stock Cooperative","Active","https://onekeymls.com/home-details/4601-39th-ave-unit-608-sunnyside-ny-11104/dQNInnUbI7y"
"5VFGU0ZoFi0","4112 41st St 41st Street Unit 6-J, Sunnyside, NY 11104","358000","0","Stock Cooperative","Active","https://onekeymls.com/home-details/4112-41st-st-41st-street-unit-6-j-sunnyside-ny-11104/5VFGU0ZoFi0"
"ccP3SCVdsmj","4301 46th St Unit 1J, Sunnyside, NY 11104","418000","1","Stock Cooperative","Active","https://onekeymls.com/home-details/4301-46th-st-unit-1j-sunnyside-ny-11104/ccP3SCVdsmj"
"imsDCCFUfVR","4547 43rd St, Sunnyside, NY 11104","1600000","3","Triplex","Active","https://onekeymls.com/home-details/4547-43rd-st-sunnyside-ny-11104/imsDCCFUfVR"
"5MpIOdD1SFH","4508 40th St Unit D51, Sunnyside, NY 11104","450000","1","Stock Cooperative","Pending","https://onekeymls.com/home-details/4508-40th-st-unit-d51-sunnyside-ny-11104/5MpIOdD1SFH"
"kpK8OWyXADm","4109 41st St Unit 1A, Sunnyside, NY 11104","440000","0","Condominium","Active","https://onekeymls.com/home-details/4109-41st-st-unit-1a-sunnyside-ny-11104/kpK8OWyXADm"
"9cuMI9OWQQg","4120 46th St Unit 4A, Sunnyside, NY 11104","499000","1","Stock Cooperative","Active","https://onekeymls.com/home-details/4120-46th-st-unit-4a-sunnyside-ny-11104/9cuMI9OWQQg"
"622g7qDZEdH","4520 43rd St Unit 1D, Sunnyside, NY 11104","359000","1","Stock Cooperative","Active","https://onekeymls.com/home-details/4520-43rd-st-unit-1d-sunnyside-ny-11104/622g7qDZEdH"
"bMZZw6LzAQx","5015 39th St Unit 5C, Sunnyside, NY 11104","259000","0","Stock Cooperative","Active","https://onekeymls.com/home-details/5015-39th-st-unit-5c-sunnyside-ny-11104/bMZZw6LzAQx"
"lliQtNRhzDb","5015 39th St Unit 1G, Sunnyside, NY 11104","239000","0","Stock Cooperative","Active","https://onekeymls.com/home-details/5015-39th-st-unit-1g-sunnyside-ny-11104/lliQtNRhzDb"
"8IrmNOiNnVx","4014 Greenpoint Ave, Sunnyside, NY 11104","1499000","0","Duplex","Active","https://onekeymls.com/home-details/4014-greenpoint-ave-sunnyside-ny-11104/8IrmNOiNnVx"
"fet5yEy1Jy5","4415 43rd Ave Unit 1F, Sunnyside, NY 11104","359000","1","Stock Cooperative","Active","https://onekeymls.com/home-details/4415-43rd-ave-unit-1f-sunnyside-ny-11104/fet5yEy1Jy5"
"4cRFSyMPfN9","4333 48th St Unit 3C, Sunnyside, NY 11104","599888","1","Condominium","Active","https://onekeymls.com/home-details/4333-48th-st-unit-3c-sunnyside-ny-11104/4cRFSyMPfN9"
"aCvtmSkfHa3","4333 48th St Unit 6D, Sunnyside, NY 11104","578000","1","Condominium","Active","https://onekeymls.com/home-details/4333-48th-st-unit-6d-sunnyside-ny-11104/aCvtmSkfHa3"
"kKEBw4VJZHb","4333 48th St Unit 4H, Sunnyside, NY 11104","545000","1","Condominium","Active","https://onekeymls.com/home-details/4333-48th-st-unit-4h-sunnyside-ny-11104/kKEBw4VJZHb"
"6wFJlZDMlsi","4333 48th St Unit 3B, Sunnyside, NY 11104","535000","1","Condominium","Active","https://onekeymls.com/home-details/4333-48th-st-unit-3b-sunnyside-ny-11104/6wFJlZDMlsi"
"19UnzpbWc6g","4333 48th St Unit 1B, Sunnyside, NY 11104","535000","1","Condominium","Active","https://onekeymls.com/home-details/4333-48th-st-unit-1b-sunnyside-ny-11104/19UnzpbWc6g"
"5HnwmhU9ewB","4333 48th St Unit 2B, Sunnyside, NY 11104","535000","1","Condominium","Active","https://onekeymls.com/home-details/4333-48th-st-unit-2b-sunnyside-ny-11104/5HnwmhU9ewB"
"bL5r7Qtexpz","1925 22nd Rd, Astoria, NY 11105","3200000","0","Triplex","Active","https://onekeymls.com/home-details/1925-22nd-rd-astoria-ny-11105/bL5r7Qtexpz"
"7gEuPO82RhF","2229 36th St, Astoria, NY 11105","1298800","4","Duplex","Active","https://onekeymls.com/home-details/2229-36th-st-astoria-ny-11105/7gEuPO82RhF"
"gbu2BgsVOd3","2177 33rd St Unit 2A, Astoria, NY 11105","477000","3","Stock Cooperative","Active","https://onekeymls.com/home-details/2177-33rd-st-unit-2a-astoria-ny-11105/gbu2BgsVOd3"
"8Hq60W01zev","2033 28th St, Astoria, NY 11105","1189000","2","Single Family Residence","Active","https://onekeymls.com/home-details/2033-28th-st-astoria-ny-11105/8Hq60W01zev"
"eoNnTyA3Qf3","2046 26th St, Astoria, NY 11105","1269000","3","Single Family Residence","Pending","https://onekeymls.com/home-details/2046-26th-st-astoria-ny-11105/eoNnTyA3Qf3"
"jxCT0rNDk8e","21-28 35 Unit 3G, Astoria, NY 11105","275000","2","Stock Cooperative","Active","https://onekeymls.com/home-details/21-28-35-unit-3g-astoria-ny-11105/jxCT0rNDk8e"
"bfiFN58LOTz","2909 23rd Rd, Astoria, NY 11105","1250000","4","Duplex","Active","https://onekeymls.com/home-details/2909-23rd-rd-astoria-ny-11105/bfiFN58LOTz"
"8vVvZAVwOZa","4502 Ditmars Blvd Unit 124, Astoria, NY 11105","620000","1","Condominium","Active","https://onekeymls.com/home-details/4502-ditmars-blvd-unit-124-astoria-ny-11105/8vVvZAVwOZa"
"dQPBbB14UkS","2031 36th St, Astoria, NY 11105","1750000","6","Single Family Residence","Active","https://onekeymls.com/home-details/2031-36th-st-astoria-ny-11105/dQPBbB14UkS"
"ca6e69GFJtB","1840 21st Dr, Astoria, NY 11105","1969888","6","Quadruplex","Active","https://onekeymls.com/home-details/1840-21st-dr-astoria-ny-11105/ca6e69GFJtB"
"j4A5W9MzYF4","2248 43rd St, Astoria, NY 11105","1288000","3","Duplex","Active","https://onekeymls.com/home-details/2248-43rd-st-astoria-ny-11105/j4A5W9MzYF4"
"ciGAdNAZ55s","2167 33rd St Unit 3H, Astoria, NY 11105","165000","2","Stock Cooperative","Active","https://onekeymls.com/home-details/2167-33rd-st-unit-3h-astoria-ny-11105/ciGAdNAZ55s"
"aNefIX9Wzme","2128 35th St Unit 1G, Astoria, NY 11105","238000","1","Stock Cooperative","Pending","https://onekeymls.com/home-details/2128-35th-st-unit-1g-astoria-ny-11105/aNefIX9Wzme"
"asSbgs9RjLR","1844 21st Dr, Astoria, NY 11105","1795000","5","Quadruplex","Active","https://onekeymls.com/home-details/1844-21st-dr-astoria-ny-11105/asSbgs9RjLR"
"jiLyQxr6eYW","2358 23rd St, Astoria, NY 11105","1875000","5","Duplex","Pending","https://onekeymls.com/home-details/2358-23rd-st-astoria-ny-11105/jiLyQxr6eYW"
"3DpdVgr0riq","1826 Steinway St, Astoria, NY 11105","2899000","","Warehouse","Active","https://onekeymls.com/home-details/1826-steinway-st-astoria-ny-11105/3DpdVgr0riq"
"gb0WKPtG4Y","1828 Steinway St, Astoria, NY 11105","2899000","","Warehouse","Active","https://onekeymls.com/home-details/1828-steinway-st-astoria-ny-11105/gb0WKPtG4Y"
"8lmcvm9qiqL","2143 46th St, Astoria, NY 11105","1450000","3","Duplex","Pending","https://onekeymls.com/home-details/2143-46th-st-astoria-ny-11105/8lmcvm9qiqL"
"bGyEnaGD7dy","4507 Ditmars Blvd, Astoria, NY 11105","1995000","","Multi Family","Active","https://onekeymls.com/home-details/4507-ditmars-blvd-astoria-ny-11105/bGyEnaGD7dy"
"4vQPDfFiLan","2070A Steinway St, Astoria, NY 11105","1598000","","Multi Family","Active","https://onekeymls.com/home-details/2070a-steinway-st-astoria-ny-11105/4vQPDfFiLan"
"4z1dvlbVMPI","4112 20th Ave, Astoria, NY 11105","1799999","0","Duplex","Active","https://onekeymls.com/home-details/4112-20th-ave-astoria-ny-11105/4z1dvlbVMPI"
"iF531F5lnhc","2105 33rd St Unit 5F, Astoria, NY 11105","249000","2","Stock Cooperative","Active","https://onekeymls.com/home-details/2105-33rd-st-unit-5f-astoria-ny-11105/iF531F5lnhc"
"bhgBxEcvNGi","2178 35th St Unit 5F, Astoria, NY 11105","249000","2","Stock Cooperative","Active","https://onekeymls.com/home-details/2178-35th-st-unit-5f-astoria-ny-11105/bhgBxEcvNGi"
"8MZiA0c5O2C","2005 26th St, Astoria, NY 11105","1095000","2","Single Family Residence","Active","https://onekeymls.com/home-details/2005-26th-st-astoria-ny-11105/8MZiA0c5O2C"
"dSRNCvsh8EP","2106 35th St Unit 1B, Astoria, NY 11105","190000","1","Stock Cooperative","Active","https://onekeymls.com/home-details/2106-35th-st-unit-1b-astoria-ny-11105/dSRNCvsh8EP"
"9QrLM14JhNn","2012 43rd St, Astoria, NY 11105","1249000","3","Single Family Residence","Pending","https://onekeymls.com/home-details/2012-43rd-st-astoria-ny-11105/9QrLM14JhNn"
"hfJK5RN58yV","2067 32nd St, Astoria, NY 11105","1449000","5","Duplex","Pending","https://onekeymls.com/home-details/2067-32nd-st-astoria-ny-11105/hfJK5RN58yV"
"gREXgwtx5LN","2152 48th St, Astoria, NY 11105","849000","2","Single Family Residence","Active","https://onekeymls.com/home-details/2152-48th-st-astoria-ny-11105/gREXgwtx5LN"
"5eo0rgiemL2","2211 45th St, Astoria, NY 11105","2280000","","","Active","https://onekeymls.com/home-details/2211-45th-st-astoria-ny-11105/5eo0rgiemL2"
"2bsMo2UuZ26","2370 26th St Unit 3, Astoria, NY 11105","2500000","6","Triplex","Active","https://onekeymls.com/home-details/2370-26th-st-unit-3-astoria-ny-11105/2bsMo2UuZ26"
"eGIRQnNyDVf","3328 14th St, Astoria, NY 11106","1390000","0","Duplex","Active","https://onekeymls.com/home-details/3328-14th-st-astoria-ny-11106/eGIRQnNyDVf"
"72RHf0KCqs4","3165 14th St Unit Phb, Astoria, NY 11106","1100000","2","Condominium","Active","https://onekeymls.com/home-details/3165-14th-st-unit-phb-astoria-ny-11106/72RHf0KCqs4"
"bWgIk90BG4K","3165 14th St Unit 2R, Astoria, NY 11106","699000","1","Condominium","Active","https://onekeymls.com/home-details/3165-14th-st-unit-2r-astoria-ny-11106/bWgIk90BG4K"
"a2DRl11u5uV","3165 14th St Unit 3F, Astoria, NY 11106","725000","1","Condominium","Active","https://onekeymls.com/home-details/3165-14th-st-unit-3f-astoria-ny-11106/a2DRl11u5uV"
"1Ioh1PargBz","2343 31st Rd Unit 3B, Astoria, NY 11106","720000","1","Condominium","Active","https://onekeymls.com/home-details/2343-31st-rd-unit-3b-astoria-ny-11106/1Ioh1PargBz"
"eISIQQ1I7mR","3114 Crescent St Unit 5B, Astoria, NY 11106","378000","1","Stock Cooperative","Active","https://onekeymls.com/home-details/3114-crescent-st-unit-5b-astoria-ny-11106/eISIQQ1I7mR"
"aThRTeitwcb","3352 Crescent St Unit 4C, Astoria, NY 11106","549000","2","Stock Cooperative","Pending","https://onekeymls.com/home-details/3352-crescent-st-unit-4c-astoria-ny-11106/aThRTeitwcb"
"9uPBwPLI6fE","3014 31st Ave, Astoria, NY 11106","1549900","2","Manufactured Home","Pending","https://onekeymls.com/home-details/3014-31st-ave-astoria-ny-11106/9uPBwPLI6fE"
"dCdnSdQT2i7","14-23 31 Avenue Unit 4C, Astoria, NY 11106","389000","1","Stock Cooperative","Active","https://onekeymls.com/home-details/14-23-31-avenue-unit-4c-astoria-ny-11106/dCdnSdQT2i7"
"a1ShwuUWz5u","2166 33rd Rd Unit 11B, Astoria, NY 11106","565000","2","Stock Cooperative","Pending","https://onekeymls.com/home-details/2166-33rd-rd-unit-11b-astoria-ny-11106/a1ShwuUWz5u"
"cU37IV2Wdm6","3155 35th St, Astoria, NY 11106","2490000","","Multi Family","Active","https://onekeymls.com/home-details/3155-35th-st-astoria-ny-11106/cU37IV2Wdm6"
"aGR0lVjxjic","1418 31st Rd, Astoria, NY 11106","2875000","","Multi Family","Active","https://onekeymls.com/home-details/1418-31st-rd-astoria-ny-11106/aGR0lVjxjic"
"8MbBy1HNfPn","3409 29th St, Astoria, NY 11106","1580000","3","Duplex","Active","https://onekeymls.com/home-details/3409-29th-st-astoria-ny-11106/8MbBy1HNfPn"
"hYgMAL1SQXU","2136 33rd Rd Unit 12B, Astoria, NY 11106","399000","1","Stock Cooperative","Active","https://onekeymls.com/home-details/2136-33rd-rd-unit-12b-astoria-ny-11106/hYgMAL1SQXU"
"mAYdauNYF1","3141 29th St Unit 3B, Astoria, NY 11106","677800","1","Condominium","Pending","https://onekeymls.com/home-details/3141-29th-st-unit-3b-astoria-ny-11106/mAYdauNYF1"
"cfh0THXBC9X","3114 Crescent St Unit 7D, Astoria, NY 11106","339000","1","Stock Cooperative","Active","https://onekeymls.com/home-details/3114-crescent-st-unit-7d-astoria-ny-11106/cfh0THXBC9X"
"7128BAQ6Ile","3210 31st Ave, Astoria, NY 11106","4100000","","","Active","https://onekeymls.com/home-details/3210-31st-ave-astoria-ny-11106/7128BAQ6Ile"
"fPHDLvgzDQW","3534 31st St, Astoria, NY 11106","1399000","","Mixed Use","Active","https://onekeymls.com/home-details/3534-31st-st-astoria-ny-11106/fPHDLvgzDQW"
"iTkSgZF3KtK","3424 34th St, Astoria, NY 11106","1250000","5","Single Family Residence","Pending","https://onekeymls.com/home-details/3424-34th-st-astoria-ny-11106/iTkSgZF3KtK"
"95MkjRy7RKi","1132 31st Ave Unit 4C, Queens, NY 11106","778000","1","Condominium","Active","https://onekeymls.com/home-details/1132-31st-ave-unit-4c-queens-ny-11106/95MkjRy7RKi"
"5Ckdedwq3Jk","1316 33rd Ave, Astoria, NY 11106","1420000","6","Duplex","Active","https://onekeymls.com/home-details/1316-33rd-ave-astoria-ny-11106/5Ckdedwq3Jk"
"2auHApkjVQY","1124 31st Ave Unit 10E, Long Island City, NY 11106","899000","2","Condominium","Active","https://onekeymls.com/home-details/1124-31st-ave-unit-10e-long-island-city-ny-11106/2auHApkjVQY"
"2zog2iQojuA","2540 31st Ave Unit 6E, Astoria, NY 11106","839000","2","Stock Cooperative","Active","https://onekeymls.com/home-details/2540-31st-ave-unit-6e-astoria-ny-11106/2zog2iQojuA"
"f3lWPt0bOA8","2525 31st Ave Unit 7A, Astoria, NY 11106","675000","1","Condominium","Active","https://onekeymls.com/home-details/2525-31st-ave-unit-7a-astoria-ny-11106/f3lWPt0bOA8"
"FkSyxcYjvE","1440 31st Ave Unit 1R, Astoria, NY 11106","748998","1","Condominium","Active","https://onekeymls.com/home-details/1440-31st-ave-unit-1r-astoria-ny-11106/FkSyxcYjvE"
"h0h9sUpBelR","3417 11th St, Astoria, NY 11106","1900000","","Multi Family","Active","https://onekeymls.com/home-details/3417-11th-st-astoria-ny-11106/h0h9sUpBelR"
"11tktqzUgmD","3250 32nd St, Astoria, NY 11106","1750000","3","Single Family Residence","Active","https://onekeymls.com/home-details/3250-32nd-st-astoria-ny-11106/11tktqzUgmD"
"88d3jPhJtML","1305 34th Ave, Astoria, NY 11106","1160000","5","Duplex","Pending","https://onekeymls.com/home-details/1305-34th-ave-astoria-ny-11106/88d3jPhJtML"
"8ReRMTHSSXK","3432 35th St Unit 2D, Astoria, NY 11106","795000","1","Condominium","Pending","https://onekeymls.com/home-details/3432-35th-st-unit-2d-astoria-ny-11106/8ReRMTHSSXK"
"i7IZcWlvcHU","3446 10th St, Astoria, NY 11106","3950000","18","Quadruplex","Active","https://onekeymls.com/home-details/3446-10th-st-astoria-ny-11106/i7IZcWlvcHU"
"gmcJVFXc2Xx","9906 67th Ave, Rego Park, NY 11374","950000","2","Single Family Residence","Active","https://onekeymls.com/home-details/9906-67th-ave-rego-park-ny-11374/gmcJVFXc2Xx"
"jn5ANU53TLi","11220 72nd Dr Unit C43, Forest Hills, NY 11375","399000","1","Stock Cooperative","Active","https://onekeymls.com/home-details/11220-72nd-dr-unit-c43-forest-hills-ny-11375/jn5ANU53TLi"
"9h3WIyy3TD4","105-33 66th Unit 1G, Forest Hills, NY 11375","230000","1","Stock Cooperative","Active","https://onekeymls.com/home-details/105-33-66th-unit-1g-forest-hills-ny-11375/9h3WIyy3TD4"
"lKqbAN0t5mY","8709 69th Ave, Forest Hills, NY 11375","875000","3","Single Family Residence","Active","https://onekeymls.com/home-details/8709-69th-ave-forest-hills-ny-11375/lKqbAN0t5mY"
"aKrgCMbWaGy","7261 113th St Unit 5B, Forest Hills, NY 11375","180000","0","Stock Cooperative","Active","https://onekeymls.com/home-details/7261-113th-st-unit-5b-forest-hills-ny-11375/aKrgCMbWaGy"
"7nKJRbmGfYn","6787 Booth St Unit 4C, Forest Hills, NY 11375","350000","2","Stock Cooperative","Active","https://onekeymls.com/home-details/6787-booth-st-unit-4c-forest-hills-ny-11375/7nKJRbmGfYn"
"a6yG9smPbw7","11817 Union Turnpike Unit 14J, Forest Hills, NY 11375","215000","0","Stock Cooperative","Active","https://onekeymls.com/home-details/11817-union-turnpike-unit-14j-forest-hills-ny-11375/a6yG9smPbw7"
"dR44VADjijd","7210 112th St Unit 5B, Forest Hills, NY 11375","428500","2","Stock Cooperative","Active","https://onekeymls.com/home-details/7210-112th-st-unit-5b-forest-hills-ny-11375/dR44VADjijd"
"aFCwNN3fHC0","64-05 Yellowstone Boulevard Unit 409S, Forest Hills, NY 11375","549000","1","Condominium","Active","https://onekeymls.com/home-details/64-05-yellowstone-boulevard-unit-409s-forest-hills-ny-11375/aFCwNN3fHC0"
"1UAOEqqpXo0","6750 Thornton Pl Unit 4S, Forest Hills, NY 11375","274999","1","Stock Cooperative","Active","https://onekeymls.com/home-details/6750-thornton-pl-unit-4s-forest-hills-ny-11375/1UAOEqqpXo0"
"axoJRnpckPw","6120 Grand Central Pkwy Unit C102, Forest Hills, NY 11375","275000","1","Stock Cooperative","Active","https://onekeymls.com/home-details/6120-grand-central-pkwy-unit-c102-forest-hills-ny-11375/axoJRnpckPw"
"kCsJ51qba1h","6120 Grand Central Pkwy Unit A1203, Forest Hills, NY 11375","359000","2","Stock Cooperative","Active","https://onekeymls.com/home-details/6120-grand-central-pkwy-unit-a1203-forest-hills-ny-11375/kCsJ51qba1h"
"jMppFVbp1pN","7601 113th St Unit 6D, Forest Hills, NY 11375","739000","2","Condominium","Active","https://onekeymls.com/home-details/7601-113th-st-unit-6d-forest-hills-ny-11375/jMppFVbp1pN"
"aDAvUg5BFtf","6120 Grand Central Pkwy Unit C1100, Forest Hills, NY 11375","285000","1","Stock Cooperative","Active","https://onekeymls.com/home-details/6120-grand-central-pkwy-unit-c1100-forest-hills-ny-11375/aDAvUg5BFtf"
"bOKeWzceTeH","6120 Grand Central Pkwy Unit A501, Forest Hills, NY 11375","397000","2","Stock Cooperative","Active","https://onekeymls.com/home-details/6120-grand-central-pkwy-unit-a501-forest-hills-ny-11375/bOKeWzceTeH"
"cKKfgqAKKqH","6120 Grand Central Pkwy Unit A901, Forest Hills, NY 11375","429000","2","Stock Cooperative","Active","https://onekeymls.com/home-details/6120-grand-central-pkwy-unit-a901-forest-hills-ny-11375/cKKfgqAKKqH"
"iIBbpRgCUwO","6120 Grand Central Pkwy Unit A1008, Forest Hills, NY 11375","309999","1","Stock Cooperative","Active","https://onekeymls.com/home-details/6120-grand-central-pkwy-unit-a1008-forest-hills-ny-11375/iIBbpRgCUwO"
"aQnoGRZoQaU","6120 Grand Central Pkwy Unit B600, Forest Hills, NY 11375","259000","1","Stock Cooperative","Pending","https://onekeymls.com/home-details/6120-grand-central-pkwy-unit-b600-forest-hills-ny-11375/aQnoGRZoQaU"
"2vv1pq8ne5m","6120 Grand Central Pkwy Unit A1503, Forest Hills, NY 11375","449000","2","Stock Cooperative","Active","https://onekeymls.com/home-details/6120-grand-central-pkwy-unit-a1503-forest-hills-ny-11375/2vv1pq8ne5m"
"7lT5sN6qPlh","6735 Yellowstone Blvd Unit 4P, Forest Hills, NY 11375","359900","1","Stock Cooperative","Active","https://onekeymls.com/home-details/6735-yellowstone-blvd-unit-4p-forest-hills-ny-11375/7lT5sN6qPlh"
"heW6dOePAlM","6735 Yellowstone Blvd Unit 1J, Forest Hills, NY 11375","255000","1","Stock Cooperative","Active","https://onekeymls.com/home-details/6735-yellowstone-blvd-unit-1j-forest-hills-ny-11375/heW6dOePAlM"
"hInGRjk5Bt0","11020 71st Rd Unit 206, Forest Hills, NY 11375","359000","1","Stock Cooperative","Active","https://onekeymls.com/home-details/11020-71st-rd-unit-206-forest-hills-ny-11375/hInGRjk5Bt0"
"cJoNHI5mhfw","7111 Yellowstone Blvd Unit 4B, Forest Hills, NY 11375","268000","1","Stock Cooperative","Active","https://onekeymls.com/home-details/7111-yellowstone-blvd-unit-4b-forest-hills-ny-11375/cJoNHI5mhfw"
"d20KQB0ej3A","10740 Queens Blvd Unit 10A, Forest Hills, NY 11375","550000","2","Stock Cooperative","Active","https://onekeymls.com/home-details/10740-queens-blvd-unit-10a-forest-hills-ny-11375/d20KQB0ej3A"
"ayZaQQh3AXA","9945 67th Rd Unit 218, Forest Hills, NY 11375","428000","2","Stock Cooperative","Active","https://onekeymls.com/home-details/9945-67th-rd-unit-218-forest-hills-ny-11375/ayZaQQh3AXA"
"iqJxIDKy3Jk","6740 Yellowstone Blvd Unit 4M, Forest Hills, NY 11375","249000","0","Stock Cooperative","Active","https://onekeymls.com/home-details/6740-yellowstone-blvd-unit-4m-forest-hills-ny-11375/iqJxIDKy3Jk"
"ijhWybVLejz","7025 Yellowstone Blvd Unit 14H, Forest Hills, NY 11375","470000","2","Stock Cooperative","Active","https://onekeymls.com/home-details/7025-yellowstone-blvd-unit-14h-forest-hills-ny-11375/ijhWybVLejz"
"3DWP320lwtO","6725 Dartmouth St Unit 3M, Forest Hills, NY 11375","295000","0","Stock Cooperative","Active","https://onekeymls.com/home-details/6725-dartmouth-st-unit-3m-forest-hills-ny-11375/3DWP320lwtO"
"7DUHavADRkL","6738 108th St Unit C27, Forest Hills, NY 11375","425000","2","Stock Cooperative","Active","https://onekeymls.com/home-details/6738-108th-st-unit-c27-forest-hills-ny-11375/7DUHavADRkL"
"lP3eodtqLw9","6337 110th St, Forest Hills, NY 11375","2350000","6","Quadruplex","Active","https://onekeymls.com/home-details/6337-110th-st-forest-hills-ny-11375/lP3eodtqLw9"
"ij6WIBlcP4U","6411 99th St Unit A, Rego Park, NY 11374","375000","2","Stock Cooperative","Coming Soon","https://onekeymls.com/home-details/6411-99th-st-unit-a-rego-park-ny-11374/ij6WIBlcP4U"
"1qGUPpKsudc","6254 97th Pl Unit Phc, Rego Park, NY 11374","899000","2","Condominium","Active","https://onekeymls.com/home-details/6254-97th-pl-unit-phc-rego-park-ny-11374/1qGUPpKsudc"
"jfEFW59L2QL","9745 63rd Dr Unit 6C, Rego Park, NY 11374","580000","1","Condominium","Active","https://onekeymls.com/home-details/9745-63rd-dr-unit-6c-rego-park-ny-11374/jfEFW59L2QL"
"it20Ys2dM45","9730 64th Ave Unit 5A, Rego Park, NY 11374","649000","1","Condominium","Active","https://onekeymls.com/home-details/9730-64th-ave-unit-5a-rego-park-ny-11374/it20Ys2dM45"
"fqzItg38XSL","9730 64th Ave Unit 3A, Rego Park, NY 11374","645000","1","Condominium","Active","https://onekeymls.com/home-details/9730-64th-ave-unit-3a-rego-park-ny-11374/fqzItg38XSL"
"emsrrwuPXPz","8517 66th Rd, Rego Park, NY 11374","998000","3","Single Family Residence","Active","https://onekeymls.com/home-details/8517-66th-rd-rego-park-ny-11374/emsrrwuPXPz"
"isEnk42MBh1","8730 62nd Ave Unit 10, Rego Park, NY 11374","649000","2","Condominium","Active","https://onekeymls.com/home-details/8730-62nd-ave-unit-10-rego-park-ny-11374/isEnk42MBh1"
"3msRfRtD8B0","6254 97th Pl Unit 11A, Rego Park, NY 11374","760000","2","Condominium","Active","https://onekeymls.com/home-details/6254-97th-pl-unit-11a-rego-park-ny-11374/3msRfRtD8B0"
"jICY42Jb8Ey","9745 63rd Dr Unit 7A, Rego Park, NY 11374","898000","2","Condominium","Active","https://onekeymls.com/home-details/9745-63rd-dr-unit-7a-rego-park-ny-11374/jICY42Jb8Ey"
"b8Jhm6nph5n","6463 Austin St Unit 6C, Rego Park, NY 11374","458888","1","Condominium","Active","https://onekeymls.com/home-details/6463-austin-st-unit-6c-rego-park-ny-11374/b8Jhm6nph5n"
"eXb7ZZklkcn","6298 Woodhaven Blvd Unit 3J, Rego Park, NY 11374","585000","1","Condominium","Active","https://onekeymls.com/home-details/6298-woodhaven-blvd-unit-3j-rego-park-ny-11374/eXb7ZZklkcn"
"aTZ5zhlrTAg","6115 98th St Unit 16H, Rego Park, NY 11374","430000","2","Stock Cooperative","Active","https://onekeymls.com/home-details/6115-98th-st-unit-16h-rego-park-ny-11374/aTZ5zhlrTAg"
"9kXB3fSHIVT","6298 Woodhaven Blvd Unit 6C, Rego Park, NY 11374","578000","1","Condominium","Active","https://onekeymls.com/home-details/6298-woodhaven-blvd-unit-6c-rego-park-ny-11374/9kXB3fSHIVT"
"fXKPdbHdDQ5","63-36 99 Sreet Unit 8C, Rego Park, NY 11374","878000","2","Condominium","Active","https://onekeymls.com/home-details/63-36-99-sreet-unit-8c-rego-park-ny-11374/fXKPdbHdDQ5"
"j5M3gZIvBkD","6324 Saunders St, Rego Park, NY 11374","1349000","4","Single Family Residence","Active","https://onekeymls.com/home-details/6324-saunders-st-rego-park-ny-11374/j5M3gZIvBkD"
"4q8UadHiAid","8512 65th Dr, Rego Park, NY 11374","999000","3","Single Family Residence","Active","https://onekeymls.com/home-details/8512-65th-dr-rego-park-ny-11374/4q8UadHiAid"
"7AJKaovqnC8","9905 63rd Dr Unit 14O, Rego Park, NY 11374","295000","1","Stock Cooperative","Active","https://onekeymls.com/home-details/9905-63rd-dr-unit-14o-rego-park-ny-11374/7AJKaovqnC8"
"lWMWsGE0L6S","6296 Woodhaven Blvd Unit 5O, Rego Park, NY 11374","710000","2","Condominium","Active","https://onekeymls.com/home-details/6296-woodhaven-blvd-unit-5o-rego-park-ny-11374/lWMWsGE0L6S"
"dAQPYDCrG6E","8532 66th Ave, Rego Park, NY 11374","948888","3","Single Family Residence","Active","https://onekeymls.com/home-details/8532-66th-ave-rego-park-ny-11374/dAQPYDCrG6E"
"1TZ55Q9UPOs","6538 Austin St Unit 3F, Rego Park, NY 11374","639000","2","Condominium","Pending","https://onekeymls.com/home-details/6538-austin-st-unit-3f-rego-park-ny-11374/1TZ55Q9UPOs"
"jQik1OkoJ4i","6395 Austin St Unit 2L, Rego Park, NY 11374","355000","1","Stock Cooperative","Active","https://onekeymls.com/home-details/6395-austin-st-unit-2l-rego-park-ny-11374/jQik1OkoJ4i"
"7Mf9bEts3F4","9931 64th Ave Unit A1, Rego Park, NY 11374","399000","2","Stock Cooperative","Active","https://onekeymls.com/home-details/9931-64th-ave-unit-a1-rego-park-ny-11374/7Mf9bEts3F4"
"iblpkOvnH0g","64-85 Saunders Street Unit A9, Rego Park, NY 11374","309000","1","Stock Cooperative","Pending","https://onekeymls.com/home-details/64-85-saunders-street-unit-a9-rego-park-ny-11374/iblpkOvnH0g"
"37P7a9q8gLz","6296 Woodhaven Blvd Unit 6I, Rego Park, NY 11374","750000","2","Condominium","Active","https://onekeymls.com/home-details/6296-woodhaven-blvd-unit-6i-rego-park-ny-11374/37P7a9q8gLz"
"kr9LJwJHvnR","6336 99th St Apt 4H, Rego Park, NY 11374","799000","2","Condominium","Active","https://onekeymls.com/home-details/6336-99th-st-apt-4h-rego-park-ny-11374/kr9LJwJHvnR"
"gGqiQzoB0ev","9822 63rd Dr Unit 7B, Rego Park, NY 11374","495000","2","Stock Cooperative","Active","https://onekeymls.com/home-details/9822-63rd-dr-unit-7b-rego-park-ny-11374/gGqiQzoB0ev"
"35ixBxRq4F2","6125 97th St Unit 15A, Rego Park, NY 11374","400000","2","Stock Cooperative","Coming Soon","https://onekeymls.com/home-details/6125-97th-st-unit-15a-rego-park-ny-11374/35ixBxRq4F2"
"3GV5R97C2ZN","6145 98th St Unit 12, Rego Park, NY 11374","299000","1","Stock Cooperative","Active","https://onekeymls.com/home-details/6145-98th-st-unit-12-rego-park-ny-11374/3GV5R97C2ZN"
"kMsbjfWwkQg","9969 65th Rd, Rego Park, NY 11374","1300000","3","Single Family Residence","Active","https://onekeymls.com/home-details/9969-65th-rd-rego-park-ny-11374/kMsbjfWwkQg"
"28Jz15erA43","8858 Aubrey Ave, Glendale, NY 11385","1450000","7","Triplex","Coming Soon","https://onekeymls.com/home-details/8858-aubrey-ave-glendale-ny-11385/28Jz15erA43"
"luAOR3qDxDr","118-60 Metropolitan Avenue Unit C3, Kew Gardens, NY 11415","369000","2","Stock Cooperative","Pending","https://onekeymls.com/home-details/118-60-metropolitan-avenue-unit-c3-kew-gardens-ny-11415/luAOR3qDxDr"
"94floV3T5ow","8340 Austin St Unit 1S, Kew Gardens, NY 11415","390000","2","Stock Cooperative","Active","https://onekeymls.com/home-details/8340-austin-st-unit-1s-kew-gardens-ny-11415/94floV3T5ow"
"9sQhOWYOkrF","12335 82nd Rd Unit 3N, Kew Gardens, NY 11415","279500","2","Stock Cooperative","Active","https://onekeymls.com/home-details/12335-82nd-rd-unit-3n-kew-gardens-ny-11415/9sQhOWYOkrF"
"dzF1FxQvamW","12335 82nd Rd Unit 5U, Kew Gardens, NY 11415","234500","1","Stock Cooperative","Active","https://onekeymls.com/home-details/12335-82nd-rd-unit-5u-kew-gardens-ny-11415/dzF1FxQvamW"
"lHuyXgCqGEA","12335 82nd Rd Unit 4D, Kew Gardens, NY 11415","179500","1","Stock Cooperative","Active","https://onekeymls.com/home-details/12335-82nd-rd-unit-4d-kew-gardens-ny-11415/lHuyXgCqGEA"
"ddr89DWGDGK","8470 129th St Unit 6J, Kew Gardens, NY 11415","155000","0","Stock Cooperative","Active","https://onekeymls.com/home-details/8470-129th-st-unit-6j-kew-gardens-ny-11415/ddr89DWGDGK"
"lfrDPdoHmyE","11818 Union Tpke Unit 9C, Kew Gardens, NY 11415","220000","0","Stock Cooperative","Active","https://onekeymls.com/home-details/11818-union-tpke-unit-9c-kew-gardens-ny-11415/lfrDPdoHmyE"
"gc00gFQF2zr","12510 Queens Blvd Unit 911, Kew Gardens, NY 11415","500000","2","Stock Cooperative","Active","https://onekeymls.com/home-details/12510-queens-blvd-unit-911-kew-gardens-ny-11415/gc00gFQF2zr"
"lTnuJW3TCWL","8344 Lefferts Blvd Unit 3D, Kew Gardens, NY 11415","285000","1","Stock Cooperative","Active","https://onekeymls.com/home-details/8344-lefferts-blvd-unit-3d-kew-gardens-ny-11415/lTnuJW3TCWL"
"6esHB733QpA","8481 127th Street, Richmond Hill, NY 11415","725000","3","Single Family Residence","Active","https://onekeymls.com/home-details/8481-127th-street-richmond-hill-ny-11415/6esHB733QpA"
"6oHGiU3zK2R","8515 120th St Unit 3A, Kew Gardens, NY 11415","599000","2","Condominium","Active","https://onekeymls.com/home-details/8515-120th-st-unit-3a-kew-gardens-ny-11415/6oHGiU3zK2R"
"6cvyj1o8MUJ","12510 Queens Blvd Unit 2106, Kew Gardens, NY 11415","320000","1","Stock Cooperative","Active","https://onekeymls.com/home-details/12510-queens-blvd-unit-2106-kew-gardens-ny-11415/6cvyj1o8MUJ"
"vmGxuzsYej","8344 Lefferts Blvd Unit 1F, Kew Gardens, NY 11415","380000","2","Stock Cooperative","Pending","https://onekeymls.com/home-details/8344-lefferts-blvd-unit-1f-kew-gardens-ny-11415/vmGxuzsYej"
"gmqa8YRtWfl","8344 Lefferts Blvd Unit 6C, Kew Gardens, NY 11415","205999","1","Stock Cooperative","Active","https://onekeymls.com/home-details/8344-lefferts-blvd-unit-6c-kew-gardens-ny-11415/gmqa8YRtWfl"
"dtZBy6llcg9","8529 123rd St, Kew Gardens, NY 11415","1168000","4","Duplex","Active","https://onekeymls.com/home-details/8529-123rd-st-kew-gardens-ny-11415/dtZBy6llcg9"
"7Ruk33VAoPt","8240 Austin St Unit 6B, Kew Gardens, NY 11415","243000","1","Stock Cooperative","Active","https://onekeymls.com/home-details/8240-austin-st-unit-6b-kew-gardens-ny-11415/7Ruk33VAoPt"
"cXU3dgFLLOz","8470 129th St Unit 5B, Kew Gardens, NY 11415","349999","2","Stock Cooperative","Active","https://onekeymls.com/home-details/8470-129th-st-unit-5b-kew-gardens-ny-11415/cXU3dgFLLOz"
"88yIeihmQqG","8515 120th St Unit 3F, Kew Gardens, NY 11415","630000","2","Condominium","Pending","https://onekeymls.com/home-details/8515-120th-st-unit-3f-kew-gardens-ny-11415/88yIeihmQqG"
"jWBKjTdk7Cn","8444 118th St, Kew Gardens, NY 11415","1275000","4","Single Family Residence","Active","https://onekeymls.com/home-details/8444-118th-st-kew-gardens-ny-11415/jWBKjTdk7Cn"
"4MxMsSFzAaJ","45 Kew Gardens Rd Unit 5N, Kew Gardens, NY 11415","289000","1","Stock Cooperative","Active","https://onekeymls.com/home-details/45-kew-gardens-rd-unit-5n-kew-gardens-ny-11415/4MxMsSFzAaJ"
"i0IxwdloY1z","8492A Austin St, Kew Gardens, NY 11415","699000","2","Single Family Residence","Active","https://onekeymls.com/home-details/8492a-austin-st-kew-gardens-ny-11415/i0IxwdloY1z"
"3z8kHb1ljM2","11818 Union Tpke Unit 21E, Kew Gardens, NY 11415","289000","1","Stock Cooperative","Active","https://onekeymls.com/home-details/11818-union-tpke-unit-21e-kew-gardens-ny-11415/3z8kHb1ljM2"
"dm4M1Yg3JPI","8451 Beverly Rd Unit 5P, Kew Gardens, NY 11415","265000","1","Stock Cooperative","Active","https://onekeymls.com/home-details/8451-beverly-rd-unit-5p-kew-gardens-ny-11415/dm4M1Yg3JPI"
"26rz2TN3B7A","11818 Union Tpke Unit 18cd, Kew Gardens, NY 11415","449000","2","Stock Cooperative","Active","https://onekeymls.com/home-details/11818-union-tpke-unit-18cd-kew-gardens-ny-11415/26rz2TN3B7A"
"3p962XxtRwp","8425 118th St Unit 3D, Kew Gardens, NY 11415","335000","1","Stock Cooperative","Active","https://onekeymls.com/home-details/8425-118th-st-unit-3d-kew-gardens-ny-11415/3p962XxtRwp"
"1bbnpXagXjD","8402 Beverly Rd Unit 2B, Kew Gardens, NY 11415","275000","1","Stock Cooperative","Active","https://onekeymls.com/home-details/8402-beverly-rd-unit-2b-kew-gardens-ny-11415/1bbnpXagXjD"
"dfRLpI2JZTQ","12428 Queens Blvd Unit 9A, Kew Gardens, NY 11415","599000","2","Condominium","Active","https://onekeymls.com/home-details/12428-queens-blvd-unit-9a-kew-gardens-ny-11415/dfRLpI2JZTQ"
"iKorZegrSQe","12335 82nd Rd Unit 5M, Kew Gardens, NY 11415","385000","2","Stock Cooperative","Active","https://onekeymls.com/home-details/12335-82nd-rd-unit-5m-kew-gardens-ny-11415/iKorZegrSQe"
"TljGVD5xlc","11624 Grosvenor Ln Unit 7C, Kew Gardens, NY 11418","579888","2","Condominium","Active","https://onekeymls.com/home-details/11624-grosvenor-ln-unit-7c-kew-gardens-ny-11418/TljGVD5xlc"
"i9BkV4v3TbD","8344 Lefferts Blvd Unit 6M, Kew Gardens, NY 11415","210000","1","Stock Cooperative","Active","https://onekeymls.com/home-details/8344-lefferts-blvd-unit-6m-kew-gardens-ny-11415/i9BkV4v3TbD"
"6gclzXYiP3","7312 35th Ave Unit E3, Jackson Heights, NY 11372","415000","1","Stock Cooperative","Coming Soon","https://onekeymls.com/home-details/7312-35th-ave-unit-e3-jackson-heights-ny-11372/6gclzXYiP3"
"dwFCGS0JiXo","7312 35th Ave Unit D32, Jackson Heights, NY 11372","650000","2","Stock Cooperative","Coming Soon","https://onekeymls.com/home-details/7312-35th-ave-unit-d32-jackson-heights-ny-11372/dwFCGS0JiXo"
"dxT9nxpqAxx","34-41 85th Street Unit 4D, Jackson Heights, NY 11372","245000","0","Stock Cooperative","Active","https://onekeymls.com/home-details/34-41-85th-street-unit-4d-jackson-heights-ny-11372/dxT9nxpqAxx"
"bVgDnTowZSu","3441 85th St Unit 3G, Jackson Heights, NY 11372","370000","1","Stock Cooperative","Active","https://onekeymls.com/home-details/3441-85th-st-unit-3g-jackson-heights-ny-11372/bVgDnTowZSu"
"c6yLteILnG7","3441 85th St Unit 4S, Jackson Heights, NY 11372","370000","1","Stock Cooperative","Active","https://onekeymls.com/home-details/3441-85th-st-unit-4s-jackson-heights-ny-11372/c6yLteILnG7"
"5HoMbRCoZ4i","3505 72nd St Unit 2C, Jackson Heights, NY 11372","380000","1","Stock Cooperative","Active","https://onekeymls.com/home-details/3505-72nd-st-unit-2c-jackson-heights-ny-11372/5HoMbRCoZ4i"
"lAsNlC6YRnO","3715 94th St, Jackson Heights, NY 11372","1650000","7","Single Family Residence","Active","https://onekeymls.com/home-details/3715-94th-st-jackson-heights-ny-11372/lAsNlC6YRnO"
"54LLdV5zOqI","3535 75th St Unit 625, Jackson Heights, NY 11372","295000","0","Stock Cooperative","Active","https://onekeymls.com/home-details/3535-75th-st-unit-625-jackson-heights-ny-11372/54LLdV5zOqI"
"4VsMEh2v2NF","9011 35th Ave Unit 6F, Jackson Heights, NY 11372","258000","1","Stock Cooperative","Active","https://onekeymls.com/home-details/9011-35th-ave-unit-6f-jackson-heights-ny-11372/4VsMEh2v2NF"
"18oMUw3naAN","8115 35th Ave Unit 6B, Jackson Heights, NY 11372","330000","1","Stock Cooperative","Active","https://onekeymls.com/home-details/8115-35th-ave-unit-6b-jackson-heights-ny-11372/18oMUw3naAN"
"fUSyZsGCb87","3515 78th St Unit 41, Jackson Heights, NY 11372","765000","2","Condominium","Active","https://onekeymls.com/home-details/3515-78th-st-unit-41-jackson-heights-ny-11372/fUSyZsGCb87"
"e32IMY3cIP5","3437 80th St Unit 32, Jackson Heights, NY 11372","999999","3","Stock Cooperative","Active","https://onekeymls.com/home-details/3437-80th-st-unit-32-jackson-heights-ny-11372/e32IMY3cIP5"
"e4i38iWon1u","3756 87th St Unit 5D, Jackson Heights, NY 11372","289000","1","Stock Cooperative","Active","https://onekeymls.com/home-details/3756-87th-st-unit-5d-jackson-heights-ny-11372/e4i38iWon1u"
"4QYg1kwSPDX","3732 80th St Unit 1, Jackson Heights, NY 11372","725000","2","Stock Cooperative","Active","https://onekeymls.com/home-details/3732-80th-st-unit-1-jackson-heights-ny-11372/4QYg1kwSPDX"
"iFqdZrp1XSj","3441 85th St Unit 1H, Jackson Heights, NY 11372","429000","1","Stock Cooperative","Active","https://onekeymls.com/home-details/3441-85th-st-unit-1h-jackson-heights-ny-11372/iFqdZrp1XSj"
"9oP9WcDZAEl","3550 82nd St Unit 4A, Jackson Heights, NY 11372","195000","0","Stock Cooperative","Active","https://onekeymls.com/home-details/3550-82nd-st-unit-4a-jackson-heights-ny-11372/9oP9WcDZAEl"
"7nJAFUB9gQh","3324 91st St Unit 4S, Jackson Heights, NY 11372","475000","3","Stock Cooperative","Active","https://onekeymls.com/home-details/3324-91st-st-unit-4s-jackson-heights-ny-11372/7nJAFUB9gQh"
"3VXJHNnj0Vd","8802 35th Ave Unit 6M, Jackson Heights, NY 11372","319000","1","Stock Cooperative","Active","https://onekeymls.com/home-details/8802-35th-ave-unit-6m-jackson-heights-ny-11372/3VXJHNnj0Vd"
"9YeeNWyyoML","7910 34th Ave Unit 4U, Jackson Heights, NY 11372","469000","2","Stock Cooperative","Active","https://onekeymls.com/home-details/7910-34th-ave-unit-4u-jackson-heights-ny-11372/9YeeNWyyoML"
"drjwuESKtSZ","3410 94th St Unit 3D, Jackson Heights, NY 11372","299000","2","Stock Cooperative","Active","https://onekeymls.com/home-details/3410-94th-st-unit-3d-jackson-heights-ny-11372/drjwuESKtSZ"
"2jkcyyyzRj9","3728 86th St, Jackson Heights, NY 11372","2350000","","Multi Family","Active","https://onekeymls.com/home-details/3728-86th-st-jackson-heights-ny-11372/2jkcyyyzRj9"
"al4B1UNHLLq","7612 35th Ave Unit 5K, Jackson Heights, NY 11372","285000","1","Stock Cooperative","Active","https://onekeymls.com/home-details/7612-35th-ave-unit-5k-jackson-heights-ny-11372/al4B1UNHLLq"
"5yy6nrRLdRG","3420 83rd St Unit 3D, Jackson Heights, NY 11372","558000","1","Condominium","Active","https://onekeymls.com/home-details/3420-83rd-st-unit-3d-jackson-heights-ny-11372/5yy6nrRLdRG"
"klX1H43lkug","3520 Leverich St Unit 209, Jackson Heights, NY 11372","719000","3","Condominium","Active","https://onekeymls.com/home-details/3520-leverich-st-unit-209-jackson-heights-ny-11372/klX1H43lkug"
"bmPBd6Sqv10","3722 85th St Unit 31, Jackson Heights, NY 11372","590000","2","Stock Cooperative","Active","https://onekeymls.com/home-details/3722-85th-st-unit-31-jackson-heights-ny-11372/bmPBd6Sqv10"
"gtcCKzO4H","3728 85th St Unit 32, Jackson Heights, NY 11372","645000","2","Stock Cooperative","Pending","https://onekeymls.com/home-details/3728-85th-st-unit-32-jackson-heights-ny-11372/gtcCKzO4H"
"3Xi7QZ3ocda","3535 75th St Unit 522, Jackson Heights, NY 11372","395000","1","Stock Cooperative","Active","https://onekeymls.com/home-details/3535-75th-st-unit-522-jackson-heights-ny-11372/3Xi7QZ3ocda"
"5b7zCMRwXmI","7910 34th Ave Unit 7W, Jackson Heights, NY 11372","489900","2","Stock Cooperative","Active","https://onekeymls.com/home-details/7910-34th-ave-unit-7w-jackson-heights-ny-11372/5b7zCMRwXmI"
"hphE5WQr224","8401 37th Ave Unit 306, Jackson Heights, NY 11372","555000","1","Condominium","Active","https://onekeymls.com/home-details/8401-37th-ave-unit-306-jackson-heights-ny-11372/hphE5WQr224"
"jDt4aqbwKKo","4410 Ketcham St Unit 3A, Elmhurst, NY 11373","315000","1","Stock Cooperative","Active","https://onekeymls.com/home-details/4410-ketcham-st-unit-3a-elmhurst-ny-11373/jDt4aqbwKKo"
"39ijzYBLSN7","8710 51st Ave Unit 3H, Elmhurst, NY 11373","438000","1","Stock Cooperative","Active","https://onekeymls.com/home-details/8710-51st-ave-unit-3h-elmhurst-ny-11373/39ijzYBLSN7"
"2a5Fkxj3NyH","9511 42nd Ave, Elmhurst, NY 11373","1199999","5","Duplex","Active","https://onekeymls.com/home-details/9511-42nd-ave-elmhurst-ny-11373/2a5Fkxj3NyH"
"ea9EOH20Z1B","9123 Corona Ave Unit 6C, Elmhurst, NY 11373","588250","2","Condominium","Active","https://onekeymls.com/home-details/9123-corona-ave-unit-6c-elmhurst-ny-11373/ea9EOH20Z1B"
"8xehynDC3CY","9123 Corona Ave Unit 4F, Elmhurst, NY 11373","720000","2","Condominium","Active","https://onekeymls.com/home-details/9123-corona-ave-unit-4f-elmhurst-ny-11373/8xehynDC3CY"
"6t63Jp9fCXX","9123 Corona Ave Unit 3F, Elmhurst, NY 11373","715000","2","Condominium","Active","https://onekeymls.com/home-details/9123-corona-ave-unit-3f-elmhurst-ny-11373/6t63Jp9fCXX"
"1W3usBcHtVr","9123 Corona Ave Unit 2E, Elmhurst, NY 11373","638000","2","Condominium","Active","https://onekeymls.com/home-details/9123-corona-ave-unit-2e-elmhurst-ny-11373/1W3usBcHtVr"
"e66G9yNJpnH","9123 Corona Ave Unit 2A, Elmhurst, NY 11373","539800","2","Condominium","Pending","https://onekeymls.com/home-details/9123-corona-ave-unit-2a-elmhurst-ny-11373/e66G9yNJpnH"
"kboosoXxAJB","9230 56th Ave Unit 6C, Elmhurst, NY 11373","319000","2","Stock Cooperative","Active","https://onekeymls.com/home-details/9230-56th-ave-unit-6c-elmhurst-ny-11373/kboosoXxAJB"
"i7uiSrLplni","8201 Britton Ave Unit 5K, Elmhurst, NY 11373","395000","1","Condominium","Active","https://onekeymls.com/home-details/8201-britton-ave-unit-5k-elmhurst-ny-11373/i7uiSrLplni"
"5KhLEigiP63","9014 51st Ave Unit 2A, Elmhurst, NY 11373","538000","1","Condominium","Active","https://onekeymls.com/home-details/9014-51st-ave-unit-2a-elmhurst-ny-11373/5KhLEigiP63"
"1opECbfnMkV","9231 57th Ave Unit 4M, Elmhurst, NY 11373","265000","1","Stock Cooperative","Active","https://onekeymls.com/home-details/9231-57th-ave-unit-4m-elmhurst-ny-11373/1opECbfnMkV"
"9BKZqpwsz1Z","4035 Ithaca St Unit 4G, Elmhurst, NY 11373","650000","2","Condominium","Active","https://onekeymls.com/home-details/4035-ithaca-st-unit-4g-elmhurst-ny-11373/9BKZqpwsz1Z"
"3yLogielH8B","9206 50th Ave Unit 1A, Elmhurst, NY 11373","658000","2","Condominium","Active","https://onekeymls.com/home-details/9206-50th-ave-unit-1a-elmhurst-ny-11373/3yLogielH8B"
"hKo9QbgMpGr","8425 Elmhurst Ave Unit 1V, Elmhurst, NY 11373","685000","3","Condominium","Active","https://onekeymls.com/home-details/8425-elmhurst-ave-unit-1v-elmhurst-ny-11373/hKo9QbgMpGr"
"1oE5Yg7LtFw","4252 Layton St Unit 5C, Elmhurst, NY 11373","339000","1","Stock Cooperative","Active","https://onekeymls.com/home-details/4252-layton-st-unit-5c-elmhurst-ny-11373/1oE5Yg7LtFw"
"gJpiLufr9Vd","83-13 Broadway Unit Bldg, Queens, NY 11373","1850000","2","Triplex","Active","https://onekeymls.com/home-details/83-13-broadway-unit-bldg-queens-ny-11373/gJpiLufr9Vd"
"ewcdl3O4qU","4126 74th St, Elmhurst, NY 11373","1650000","","Multi Family","Active","https://onekeymls.com/home-details/4126-74th-st-elmhurst-ny-11373/ewcdl3O4qU"
"essO3Xge16q","9106 43rd Ave, Elmhurst, NY 11373","1288000","","Mixed Use","Active","https://onekeymls.com/home-details/9106-43rd-ave-elmhurst-ny-11373/essO3Xge16q"
"6Zc4xLIr0wp","8620 57th Rd, Elmhurst, NY 11373","1789000","","Multi Family","Active","https://onekeymls.com/home-details/8620-57th-rd-elmhurst-ny-11373/6Zc4xLIr0wp"
"h5ETWN4hqUB","9411 59th Ave Unit G6, Elmhurst, NY 11373","320000","1","Stock Cooperative","Active","https://onekeymls.com/home-details/9411-59th-ave-unit-g6-elmhurst-ny-11373/h5ETWN4hqUB"
"1bCERZKS7N5","9411 59th Ave Unit D9, Elmhurst, NY 11373","350000","1","Stock Cooperative","Active","https://onekeymls.com/home-details/9411-59th-ave-unit-d9-elmhurst-ny-11373/1bCERZKS7N5"
"3LnQAVH6rgi","4150 78th St Unit 319, Elmhurst, NY 11373","178888","0","Stock Cooperative","Active","https://onekeymls.com/home-details/4150-78th-st-unit-319-elmhurst-ny-11373/3LnQAVH6rgi"
"aBYr7bntQMi","4132 95th St, Elmhurst, NY 11373","1088000","3","Duplex","Active","https://onekeymls.com/home-details/4132-95th-st-elmhurst-ny-11373/aBYr7bntQMi"
"h6Kd6sr3Q85","8345 Vietor Ave Unit 5D, Elmhurst, NY 11373","185000","0","Stock Cooperative","Active","https://onekeymls.com/home-details/8345-vietor-ave-unit-5d-elmhurst-ny-11373/h6Kd6sr3Q85"
"a8DJCI0T7t7","7617 46th Ave Unit 2C, Elmhurst, NY 11373","588000","2","Condominium","Active","https://onekeymls.com/home-details/7617-46th-ave-unit-2c-elmhurst-ny-11373/a8DJCI0T7t7"
"4HnJF6RtV3o","5710 Junction Blvd Unit 1E, Elmhurst, NY 11373","350000","2","Stock Cooperative","Pending","https://onekeymls.com/home-details/5710-junction-blvd-unit-1e-elmhurst-ny-11373/4HnJF6RtV3o"
"gYRgfOm3W0J","9041 Corona Ave, Elmhurst, NY 11373","1999999","","Mixed Use","Active","https://onekeymls.com/home-details/9041-corona-ave-elmhurst-ny-11373/gYRgfOm3W0J"
"1Lc7rtPeOI0","8006 47th Ave Unit 1A, Elmhurst, NY 11373","450000","0","Condominium","Active","https://onekeymls.com/home-details/8006-47th-ave-unit-1a-elmhurst-ny-11373/1Lc7rtPeOI0"
"9ltqOXvkiIr","8605 60th Rd Unit 3B, Elmhurst, NY 11373","268000","1","Stock Cooperative","Active","https://onekeymls.com/home-details/8605-60th-rd-unit-3b-elmhurst-ny-11373/9ltqOXvkiIr"
"65In2KAzisQ","14809 Northern Blvd Unit 5M, Flushing, NY 11354","950000","3","Condominium","Active","https://onekeymls.com/home-details/14809-northern-blvd-unit-5m-flushing-ny-11354/65In2KAzisQ"
"9EGgfpe5KpN","14809 Northern Blvd Unit 5J, Flushing, NY 11354","730000","2","Condominium","Active","https://onekeymls.com/home-details/14809-northern-blvd-unit-5j-flushing-ny-11354/9EGgfpe5KpN"
"i1oEJfrRdkn","13102A 40th Rd Unit 9D, Flushing, NY 11354","599990","1","Condominium","Active","https://onekeymls.com/home-details/13102a-40th-rd-unit-9d-flushing-ny-11354/i1oEJfrRdkn"
"6ce1aZWAdls","2612 150th Street, Whitestone, NY 11354","1200000","4","Single Family Residence","Coming Soon","https://onekeymls.com/home-details/2612-150th-street-whitestone-ny-11354/6ce1aZWAdls"
"78Fljgcxg4a","2704 Parsons Blvd Unit 2G, Flushing, NY 11354","258000","1","Stock Cooperative","Active","https://onekeymls.com/home-details/2704-parsons-blvd-unit-2g-flushing-ny-11354/78Fljgcxg4a"
"bPziQsm8bQy","4022 College Point Blvd Unit 6A, Flushing, NY 11354","1350000","2","Condominium","Pending","https://onekeymls.com/home-details/4022-college-point-blvd-unit-6a-flushing-ny-11354/bPziQsm8bQy"
"l17VT2yXLry","2710 Parsons Blvd Unit 2F, Flushing, NY 11354","270000","1","Stock Cooperative","Active","https://onekeymls.com/home-details/2710-parsons-blvd-unit-2f-flushing-ny-11354/l17VT2yXLry"
"cmBJBHHv5iA","4026 College Point Blvd Unit 18D, Flushing, NY 11354","1050000","2","Condominium","Active","https://onekeymls.com/home-details/4026-college-point-blvd-unit-18d-flushing-ny-11354/cmBJBHHv5iA"
"ezqllFTF6ZZ","13105 40th Rd Unit 15M, Flushing, NY 11354","980000","2","Condominium","Active","https://onekeymls.com/home-details/13105-40th-rd-unit-15m-flushing-ny-11354/ezqllFTF6ZZ"
"5lcoL8zvaDk","15002 Northern Blvd Unit 6F, Flushing, NY 11354","955890","2","Condominium","Active","https://onekeymls.com/home-details/15002-northern-blvd-unit-6f-flushing-ny-11354/5lcoL8zvaDk"
"bQjyeYDJhEZ","15002 Northern Blvd Unit 4G, Flushing, NY 11354","849680","2","Condominium","Active","https://onekeymls.com/home-details/15002-northern-blvd-unit-4g-flushing-ny-11354/bQjyeYDJhEZ"
"5fhfgZGOUV6","15002 Northern Blvd Unit 4B, Flushing, NY 11354","585390","1","Condominium","Active","https://onekeymls.com/home-details/15002-northern-blvd-unit-4b-flushing-ny-11354/5fhfgZGOUV6"
"hzat9mvaixI","15002 Northern Blvd Unit 3E, Flushing, NY 11354","585390","1","Condominium","Active","https://onekeymls.com/home-details/15002-northern-blvd-unit-3e-flushing-ny-11354/hzat9mvaixI"
"g8rdAaCXDhZ","15002 Northern Blvd Unit 6G, Flushing, NY 11354","579975","1","Condominium","Active","https://onekeymls.com/home-details/15002-northern-blvd-unit-6g-flushing-ny-11354/g8rdAaCXDhZ"
"2RWstR4xzov","15002 Northern Blvd Unit 6C, Flushing, NY 11354","591375","1","Condominium","Active","https://onekeymls.com/home-details/15002-northern-blvd-unit-6c-flushing-ny-11354/2RWstR4xzov"
"dKw9xP4MFU","15002 Northern Blvd Unit 5C, Flushing, NY 11354","591375","1","Condominium","Active","https://onekeymls.com/home-details/15002-northern-blvd-unit-5c-flushing-ny-11354/dKw9xP4MFU"
"i8CWL3k3fFZ","15002 Northern Blvd Unit 5B, Flushing, NY 11354","585390","1","Condominium","Active","https://onekeymls.com/home-details/15002-northern-blvd-unit-5b-flushing-ny-11354/i8CWL3k3fFZ"
"kVWd3D4MI28","3916 Prince St Unit 8E, Flushing, NY 11354","930000","2","Condominium","Active","https://onekeymls.com/home-details/3916-prince-st-unit-8e-flushing-ny-11354/kVWd3D4MI28"
"13PWXS1KSsk","3916 Prince St Unit 6G, Flushing, NY 11354","680000","1","Condominium","Active","https://onekeymls.com/home-details/3916-prince-st-unit-6g-flushing-ny-11354/13PWXS1KSsk"
"hDWWkhY95Dq","3820 Parsons Blvd Unit Cf19, Flushing, NY 11354","1799700","","Office","Active","https://onekeymls.com/home-details/3820-parsons-blvd-unit-cf19-flushing-ny-11354/hDWWkhY95Dq"
"dKtJe5Kxwb9","3820 Parsons Blvd Unit Cf16, Flushing, NY 11354","911400","","Office","Active","https://onekeymls.com/home-details/3820-parsons-blvd-unit-cf16-flushing-ny-11354/dKtJe5Kxwb9"
"9zZvd9AVHDh","3820 Parsons Blvd Unit Cf7, Flushing, NY 11354","1790800","","Office","Active","https://onekeymls.com/home-details/3820-parsons-blvd-unit-cf7-flushing-ny-11354/9zZvd9AVHDh"
"6Hib6kXLZHu","13325 37th Ave Unit 18E, Flushing, NY 11354","945500","1","Condominium","Active","https://onekeymls.com/home-details/13325-37th-ave-unit-18e-flushing-ny-11354/6Hib6kXLZHu"
"U9GMIFXzgn","13325 37th Ave Unit 17G, Flushing, NY 11354","893250","1","Condominium","Active","https://onekeymls.com/home-details/13325-37th-ave-unit-17g-flushing-ny-11354/U9GMIFXzgn"
"c1ech4AmNx6","13325 37th Ave Unit 16K, Flushing, NY 11354","863500","1","Condominium","Active","https://onekeymls.com/home-details/13325-37th-ave-unit-16k-flushing-ny-11354/c1ech4AmNx6"
"i1n7ensSMPX","13325 37th Ave Unit 12B, Flushing, NY 11354","1240500","2","Condominium","Active","https://onekeymls.com/home-details/13325-37th-ave-unit-12b-flushing-ny-11354/i1n7ensSMPX"
"96rOT55ln3g","13325 37th Ave Unit 10K, Flushing, NY 11354","810250","1","Condominium","Active","https://onekeymls.com/home-details/13325-37th-ave-unit-10k-flushing-ny-11354/96rOT55ln3g"
"2vVP9jjkTsd","13325 37th Ave Unit 8K, Flushing, NY 11354","790800","1","Condominium","Active","https://onekeymls.com/home-details/13325-37th-ave-unit-8k-flushing-ny-11354/2vVP9jjkTsd"
"a5EPA1k1nqy","13325 37th Ave Unit 8D, Flushing, NY 11354","678000","0","Condominium","Active","https://onekeymls.com/home-details/13325-37th-ave-unit-8d-flushing-ny-11354/a5EPA1k1nqy"
"ldfj9ByDNsC","13325 37th Ave Unit 7A, Flushing, NY 11354","643300","0","Condominium","Active","https://onekeymls.com/home-details/13325-37th-ave-unit-7a-flushing-ny-11354/ldfj9ByDNsC"
"808GHuhS86t","13443 Maple Ave Unit 2B, Flushing, NY 11355","518000","1","Condominium","Active","https://onekeymls.com/home-details/13443-maple-ave-unit-2b-flushing-ny-11355/808GHuhS86t"
"9PyI1wDFNYo","5918 154th Pl, Flushing, NY 11355","1590000","4","Duplex","Active","https://onekeymls.com/home-details/5918-154th-pl-flushing-ny-11355/9PyI1wDFNYo"
"goZER6fwNKE","13411 Franklin Ave Unit 9E, Flushing, NY 11355","620000","1","Condominium","Pending","https://onekeymls.com/home-details/13411-franklin-ave-unit-9e-flushing-ny-11355/goZER6fwNKE"
"gfUNlYIaYQP","13411 Franklin Ave Unit 9B, Flushing, NY 11355","960000","2","Condominium","Active","https://onekeymls.com/home-details/13411-franklin-ave-unit-9b-flushing-ny-11355/gfUNlYIaYQP"
"2AllbvZlicQ","13411 Franklin Ave Unit 9A, Flushing, NY 11355","645000","1","Condominium","Active","https://onekeymls.com/home-details/13411-franklin-ave-unit-9a-flushing-ny-11355/2AllbvZlicQ"
"aYpyeLtKQxI","13411 Franklin Ave Unit 7A, Flushing, NY 11355","625000","1","Condominium","Active","https://onekeymls.com/home-details/13411-franklin-ave-unit-7a-flushing-ny-11355/aYpyeLtKQxI"
"gatFV3Ll1o9","13411 Franklin Ave Unit 7B, Flushing, NY 11355","940000","2","Condominium","Active","https://onekeymls.com/home-details/13411-franklin-ave-unit-7b-flushing-ny-11355/gatFV3Ll1o9"
"3fc42JBi29a","13411 Franklin Ave Unit 5A, Flushing, NY 11355","605000","1","Condominium","Active","https://onekeymls.com/home-details/13411-franklin-ave-unit-5a-flushing-ny-11355/3fc42JBi29a"
"esvMxnH8oAH","13411 Franklin Ave Unit 4A, Flushing, NY 11355","595000","1","Condominium","Active","https://onekeymls.com/home-details/13411-franklin-ave-unit-4a-flushing-ny-11355/esvMxnH8oAH"
"3tkQa4hU1wH","13411 Franklin Ave Unit 8A, Flushing, NY 11355","635000","1","Condominium","Active","https://onekeymls.com/home-details/13411-franklin-ave-unit-8a-flushing-ny-11355/3tkQa4hU1wH"
"beeltqD4dyo","14118 Cherry Ave Unit 6G, Flushing, NY 11355","530000","1","Condominium","Active","https://onekeymls.com/home-details/14118-cherry-ave-unit-6g-flushing-ny-11355/beeltqD4dyo"
"87TQUUrnedB","14336 Barclay Ave Unit 6C, Flushing, NY 11355","418000","1","Stock Cooperative","Active","https://onekeymls.com/home-details/14336-barclay-ave-unit-6c-flushing-ny-11355/87TQUUrnedB"
"1NmMj4htBG1","5834 Main St, Flushing, NY 11355","1820000","5","Single Family Residence","Active","https://onekeymls.com/home-details/5834-main-st-flushing-ny-11355/1NmMj4htBG1"
"aG7AuU9Bhyp","13347 Sanford Ave Unit 11A, Flushing, NY 11355","1780000","4","Condominium","Active","https://onekeymls.com/home-details/13347-sanford-ave-unit-11a-flushing-ny-11355/aG7AuU9Bhyp"
"fnycsSRnpLR","13446 Maple Ave Unit 5B, Flushing, NY 11355","659000","1","Condominium","Active","https://onekeymls.com/home-details/13446-maple-ave-unit-5b-flushing-ny-11355/fnycsSRnpLR"
"40G0QbCBID9","4210 147th St Unit 2B, Flushing, NY 11355","540000","1","Condominium","Active","https://onekeymls.com/home-details/4210-147th-st-unit-2b-flushing-ny-11355/40G0QbCBID9"
"6aV5xKdbZhe","14115 Cherry Ave Unit 5C, Flushing, NY 11355","538200","1","Condominium","Active","https://onekeymls.com/home-details/14115-cherry-ave-unit-5c-flushing-ny-11355/6aV5xKdbZhe"
"evWQxiIZ1Qz","14115 Cherry Ave Unit 6E, Flushing, NY 11355","738000","2","Condominium","Pending","https://onekeymls.com/home-details/14115-cherry-ave-unit-6e-flushing-ny-11355/evWQxiIZ1Qz"
"2MdYbusuwLH","13604 Cherry Ave Unit 4E, Flushing, NY 11355","788000","2","Condominium","Active","https://onekeymls.com/home-details/13604-cherry-ave-unit-4e-flushing-ny-11355/2MdYbusuwLH"
"aMqjEnsnDvW","13230 Sanford Ave Unit 3B, Flushing, NY 11355","689000","2","Condominium","Active","https://onekeymls.com/home-details/13230-sanford-ave-unit-3b-flushing-ny-11355/aMqjEnsnDvW"
"e2RxUhUxDc7","14022 Beech Ave, Flushing, NY 11355","668000","2","Condominium","Active","https://onekeymls.com/home-details/14022-beech-ave-flushing-ny-11355/e2RxUhUxDc7"
"fyCcmfzAFT5","5904 146th St, Flushing, NY 11355","1180000","3","Single Family Residence","Active","https://onekeymls.com/home-details/5904-146th-st-flushing-ny-11355/fyCcmfzAFT5"
"izHUngfm008","4260 Colden St Unit 4A, Flushing, NY 11355","599000","2","Condominium","Active","https://onekeymls.com/home-details/4260-colden-st-unit-4a-flushing-ny-11355/izHUngfm008"
"lrXI1pryhku","13810 Franklin Ave Unit 9J, Flushing, NY 11355","399000","1","Stock Cooperative","Active","https://onekeymls.com/home-details/13810-franklin-ave-unit-9j-flushing-ny-11355/lrXI1pryhku"
"7SfwJonG627","4255 Colden St Unit 11V, Flushing, NY 11355","435000","1","Stock Cooperative","Active","https://onekeymls.com/home-details/4255-colden-st-unit-11v-flushing-ny-11355/7SfwJonG627"
"1bZmzkJfhBj","13014 60th Ave Unit 2E, Flushing, NY 11355","375000","1","Condominium","Active","https://onekeymls.com/home-details/13014-60th-ave-unit-2e-flushing-ny-11355/1bZmzkJfhBj"
"fAikrODF0Wm","14427 Sanford Ave Unit 5K, Flushing, NY 11355","799000","2","Condominium","Active","https://onekeymls.com/home-details/14427-sanford-ave-unit-5k-flushing-ny-11355/fAikrODF0Wm"
"3CsHvjF5YiB","15744 Quince Ave, Flushing, NY 11355","1450000","6","Single Family Residence","Active","https://onekeymls.com/home-details/15744-quince-ave-flushing-ny-11355/3CsHvjF5YiB"
"fxLfCLrR1th","14326 41st Ave Unit 9A, Flushing, NY 11355","785000","2","Condominium","Active","https://onekeymls.com/home-details/14326-41st-ave-unit-9a-flushing-ny-11355/fxLfCLrR1th"
"hZsVw37d2Xy","15339 60th Ave, Flushing, NY 11355","986000","3","Single Family Residence","Active","https://onekeymls.com/home-details/15339-60th-ave-flushing-ny-11355/hZsVw37d2Xy"
"7bvRKzpUe6b","4012 166th St, Flushing, NY 11358","1750000","5","Single Family Residence","Active","https://onekeymls.com/home-details/4012-166th-st-flushing-ny-11358/7bvRKzpUe6b"
"1faijIkXwCO","3644 170th St, Flushing, NY 11358","1480000","6","Duplex","Active","https://onekeymls.com/home-details/3644-170th-st-flushing-ny-11358/1faijIkXwCO"
"6ADhxUQeVkd","4739 197th St, Flushing, NY 11358","1290000","3","Single Family Residence","Active","https://onekeymls.com/home-details/4739-197th-st-flushing-ny-11358/6ADhxUQeVkd"
"j2Buw7XuZuV","4210 164th St, Flushing, NY 11358","2200000","7","Triplex","Active","https://onekeymls.com/home-details/4210-164th-st-flushing-ny-11358/j2Buw7XuZuV"
"i1f1Mzsx30g","4208 164th St, Flushing, NY 11358","1950000","7","Triplex","Active","https://onekeymls.com/home-details/4208-164th-st-flushing-ny-11358/i1f1Mzsx30g"
"ksWs4W757h","2709 Utopia Pkwy, Flushing, NY 11358","2130000","5","Single Family Residence","Active","https://onekeymls.com/home-details/2709-utopia-pkwy-flushing-ny-11358/ksWs4W757h"
"6LidiaQH0Lb","4724 168th St, Flushing, NY 11358","969000","3","Single Family Residence","Active","https://onekeymls.com/home-details/4724-168th-st-flushing-ny-11358/6LidiaQH0Lb"
"1lmYMhEqpUv","3235 164th St, Flushing, NY 11358","2650000","5","Single Family Residence","Active","https://onekeymls.com/home-details/3235-164th-st-flushing-ny-11358/1lmYMhEqpUv"
"kCNU0Tifr8d","3641 169th St Unit 3C, Flushing, NY 11358","580000","2","Condominium","Active","https://onekeymls.com/home-details/3641-169th-st-unit-3c-flushing-ny-11358/kCNU0Tifr8d"
"AGFRCZkBFq","17209 Crocheron Ave Unit C1, Flushing, NY 11358","245000","1","Stock Cooperative","Active","https://onekeymls.com/home-details/17209-crocheron-ave-unit-c1-flushing-ny-11358/AGFRCZkBFq"
"ecdMxGRLXq8","2933 171st St, Flushing, NY 11358","1198000","3","Single Family Residence","Pending","https://onekeymls.com/home-details/2933-171st-st-flushing-ny-11358/ecdMxGRLXq8"
"da8S1uWlzuf","4641 161st St, Flushing, NY 11358","850000","3","Single Family Residence","Active","https://onekeymls.com/home-details/4641-161st-st-flushing-ny-11358/da8S1uWlzuf"
"ikeOjKpt0Q4","2934 161st St, Flushing, NY 11358","1498000","3","Single Family Residence","Active","https://onekeymls.com/home-details/2934-161st-st-flushing-ny-11358/ikeOjKpt0Q4"
"aciV16XKaJq","3505 167th St Unit 15, Flushing, NY 11358","394999","1","Stock Cooperative","Pending","https://onekeymls.com/home-details/3505-167th-st-unit-15-flushing-ny-11358/aciV16XKaJq"
"8fbj3RPTLwy","3562 168th St, Flushing, NY 11358","1690000","3","Single Family Residence","Pending","https://onekeymls.com/home-details/3562-168th-st-flushing-ny-11358/8fbj3RPTLwy"
"gnoCTrYkxVV","4038 194th St Unit 3B, Flushing, NY 11358","695000","2","Condominium","Active","https://onekeymls.com/home-details/4038-194th-st-unit-3b-flushing-ny-11358/gnoCTrYkxVV"
"1juGfOABmmy","4320 Utopia Pkwy, Flushing, NY 11358","1180000","4","Single Family Residence","Active","https://onekeymls.com/home-details/4320-utopia-pkwy-flushing-ny-11358/1juGfOABmmy"
"hq8w8rRDfT0","4318 195th St, Flushing, NY 11358","899007","2","Single Family Residence","Active","https://onekeymls.com/home-details/4318-195th-st-flushing-ny-11358/hq8w8rRDfT0"
"3jehCtiqcdJ","3712 Francis Lewis Blvd, Bayside, NY 11361","2688000","8","Triplex","Active","https://onekeymls.com/home-details/3712-francis-lewis-blvd-bayside-ny-11361/3jehCtiqcdJ"
"kzY5mIIK2y8","3708 Francis Lewis Blvd, Bayside, NY 11361","2588000","8","Triplex","Active","https://onekeymls.com/home-details/3708-francis-lewis-blvd-bayside-ny-11361/kzY5mIIK2y8"
"44x9UbWISTo","3702 Francis Lewis Blvd, Bayside, NY 11361","2488000","8","Triplex","Active","https://onekeymls.com/home-details/3702-francis-lewis-blvd-bayside-ny-11361/44x9UbWISTo"
"hMzpVIx7JSW","4307 162nd St, Flushing, NY 11358","2550000","8","Quadruplex","Active","https://onekeymls.com/home-details/4307-162nd-st-flushing-ny-11358/hMzpVIx7JSW"
"kfSgl5ijDnO","4757 Utopia Pkwy, Flushing, NY 11358","1288000","4","Single Family Residence","Active","https://onekeymls.com/home-details/4757-utopia-pkwy-flushing-ny-11358/kfSgl5ijDnO"
"fsC3gfsBHCE","19643 45th Rd, Flushing, NY 11358","2619000","8","Duplex","Active","https://onekeymls.com/home-details/19643-45th-rd-flushing-ny-11358/fsC3gfsBHCE"
"6t1m3Ou66sP","19423 Station Rd, Flushing, NY 11358","845000","4","Single Family Residence","Active","https://onekeymls.com/home-details/19423-station-rd-flushing-ny-11358/6t1m3Ou66sP"
"bRZ1e17zjaY","3716 191st St Unit 152, Flushing, NY 11358","248000","1","Stock Cooperative","Pending","https://onekeymls.com/home-details/3716-191st-st-unit-152-flushing-ny-11358/bRZ1e17zjaY"
"iwxb1eq2gWY","4514 164th St, Flushing, NY 11358","1588000","6","Duplex","Active","https://onekeymls.com/home-details/4514-164th-st-flushing-ny-11358/iwxb1eq2gWY"
"37UptcVWNsu","4219 195th St, Flushing, NY 11358","1895000","8","Duplex","Active","https://onekeymls.com/home-details/4219-195th-st-flushing-ny-11358/37UptcVWNsu"
"98u3eI8BmAq","4122 163rd St, Flushing, NY 11358","1688000","3","Single Family Residence","Active","https://onekeymls.com/home-details/4122-163rd-st-flushing-ny-11358/98u3eI8BmAq"
"b0yuG1pYqZS","19519 45th Ave, Flushing, NY 11358","1395000","4","Single Family Residence","Active","https://onekeymls.com/home-details/19519-45th-ave-flushing-ny-11358/b0yuG1pYqZS"
"eLJdNJkQnCF","47-22 215th Unit #2b, Bayside, NY 11361","320000","2","Stock Cooperative","Active","https://onekeymls.com/home-details/47-22-215th-unit-2b-bayside-ny-11361/eLJdNJkQnCF"
"2WisQAWJwPq","3628 215th St, Bayside, NY 11361","1280000","6","Duplex","Active","https://onekeymls.com/home-details/3628-215th-st-bayside-ny-11361/2WisQAWJwPq"
"lPfRulL3CcR","20910 41st Ave Unit 1R, Bayside, NY 11361","179898","0","Stock Cooperative","Active","https://onekeymls.com/home-details/20910-41st-ave-unit-1r-bayside-ny-11361/lPfRulL3CcR"
"ld9LmDD6njZ","21516 46th Ave, Bayside, NY 11361","929000","3","Single Family Residence","Active","https://onekeymls.com/home-details/21516-46th-ave-bayside-ny-11361/ld9LmDD6njZ"
"dyitNwYGXUD","20420 45th Dr, Bayside, NY 11361","820000","2","Single Family Residence","Active","https://onekeymls.com/home-details/20420-45th-dr-bayside-ny-11361/dyitNwYGXUD"
"7ribzdy7dfc","3518 221st St, Bayside, NY 11361","2290000","4","Single Family Residence","Active","https://onekeymls.com/home-details/3518-221st-st-bayside-ny-11361/7ribzdy7dfc"
"9uOnaI4ybQs","3239 202nd St, Bayside, NY 11361","928888","3","Single Family Residence","Active","https://onekeymls.com/home-details/3239-202nd-st-bayside-ny-11361/9uOnaI4ybQs"
"eMXpVb4dWCR","4008 214th Pl, Bayside, NY 11361","1999000","0","Triplex","Active","https://onekeymls.com/home-details/4008-214th-pl-bayside-ny-11361/eMXpVb4dWCR"
"k4rl2Ol6Yr4","3802 211th St, Bayside, NY 11361","2288000","4","Single Family Residence","Active","https://onekeymls.com/home-details/3802-211th-st-bayside-ny-11361/k4rl2Ol6Yr4"
"cTTz1E2qTcN","21509 47th Ave Unit 2C, Bayside, NY 11361","275000","1","Stock Cooperative","Active","https://onekeymls.com/home-details/21509-47th-ave-unit-2c-bayside-ny-11361/cTTz1E2qTcN"
"kRa2WOlgRnE","3619 202nd St, Bayside, NY 11361","1300000","0","Duplex","Active","https://onekeymls.com/home-details/3619-202nd-st-bayside-ny-11361/kRa2WOlgRnE"
"l0RktVHcbeg","4135 219th St, Bayside, NY 11361","1398000","4","Single Family Residence","Active","https://onekeymls.com/home-details/4135-219th-st-bayside-ny-11361/l0RktVHcbeg"
"f6HQny9CHz6","4040 203rd St Unit 6B, Bayside, NY 11361","350000","2","Stock Cooperative","Active","https://onekeymls.com/home-details/4040-203rd-st-unit-6b-bayside-ny-11361/f6HQny9CHz6"
"6br1Ug4vOxR","3521 205th St Unit 314, Bayside, NY 11361","259000","1","Stock Cooperative","Active","https://onekeymls.com/home-details/3521-205th-st-unit-314-bayside-ny-11361/6br1Ug4vOxR"
"5tgYSGuqhAb","20910 41st Ave Unit 3N, Bayside, NY 11361","379800","2","Stock Cooperative","Active","https://onekeymls.com/home-details/20910-41st-ave-unit-3n-bayside-ny-11361/5tgYSGuqhAb"
"jMqmpyEOhZX","4734 206th St, Bayside, NY 11361","775000","2","Single Family Residence","Active","https://onekeymls.com/home-details/4734-206th-st-bayside-ny-11361/jMqmpyEOhZX"
"e7dGDjzehAH","20106 Rocky Hill Rd Unit 6g2, Bayside, NY 11361","518000","2","Condominium","Active","https://onekeymls.com/home-details/20106-rocky-hill-rd-unit-6g2-bayside-ny-11361/e7dGDjzehAH"
"5BZEXZ2Owj0","3824 215th St, Bayside, NY 11361","2290000","6","Triplex","Pending","https://onekeymls.com/home-details/3824-215th-st-bayside-ny-11361/5BZEXZ2Owj0"
"8DZqiKp2DJu","22055 46th Ave Unit 12E, Bayside, NY 11361","360000","1","Stock Cooperative","Pending","https://onekeymls.com/home-details/22055-46th-ave-unit-12e-bayside-ny-11361/8DZqiKp2DJu"
"79f3bYvPssy","20237 46th Ave, Bayside, NY 11361","828000","3","Single Family Residence","Active","https://onekeymls.com/home-details/20237-46th-ave-bayside-ny-11361/79f3bYvPssy"
"jBgOvWmPtU8","21110 34th Rd, Bayside, NY 11361","1225000","3","Single Family Residence","Active","https://onekeymls.com/home-details/21110-34th-rd-bayside-ny-11361/jBgOvWmPtU8"
"7ODnqkKuIIv","4312 214th Pl Unit 3E, Bayside, NY 11361","688000","2","Condominium","Active","https://onekeymls.com/home-details/4312-214th-pl-unit-3e-bayside-ny-11361/7ODnqkKuIIv"
"4vNWoTSxy91","20234 46th Rd, Bayside, NY 11361","1648000","6","Duplex","Active","https://onekeymls.com/home-details/20234-46th-rd-bayside-ny-11361/4vNWoTSxy91"
"fyFHhJSqQ5X","3822 205th St, Bayside, NY 11361","1438000","5","Single Family Residence","Active","https://onekeymls.com/home-details/3822-205th-st-bayside-ny-11361/fyFHhJSqQ5X"
"4X1ldnXZKX6","3620 221st St, Bayside, NY 11361","1170000","3","Single Family Residence","Active","https://onekeymls.com/home-details/3620-221st-st-bayside-ny-11361/4X1ldnXZKX6"
"g4mUomBIiRL","3610 217th St, Bayside, NY 11361","1100000","4","Single Family Residence","Active","https://onekeymls.com/home-details/3610-217th-st-bayside-ny-11361/g4mUomBIiRL"
"9DReCkxvNlE","20659 46th Ave, Bayside, NY 11361","899000","3","Single Family Residence","Pending","https://onekeymls.com/home-details/20659-46th-ave-bayside-ny-11361/9DReCkxvNlE"
"24vD5PDRcre","3323 200th St, Bayside, NY 11361","888888","3","Single Family Residence","Active","https://onekeymls.com/home-details/3323-200th-st-bayside-ny-11361/24vD5PDRcre"
"a0moeaXVb2r","4511 220th Pl, Bayside, NY 11361","1599999","5","Single Family Residence","Coming Soon","https://onekeymls.com/home-details/4511-220th-pl-bayside-ny-11361/a0moeaXVb2r"
"fKEayiO6viO","3233 202nd St, Bayside, NY 11361","930000","3","Single Family Residence","Active","https://onekeymls.com/home-details/3233-202nd-st-bayside-ny-11361/fKEayiO6viO"
"6SOtLJqN27J","6438 Marathon Pkwy, Little Neck, NY 11362","1388000","3","Single Family Residence","Active","https://onekeymls.com/home-details/6438-marathon-pkwy-little-neck-ny-11362/6SOtLJqN27J"
"dUpkorfY3fZ","5854 256th St, Little Neck, NY 11362","1350000","7","Duplex","Active","https://onekeymls.com/home-details/5854-256th-st-little-neck-ny-11362/dUpkorfY3fZ"
"2U5SMCm3YDy","26 Van Nostrand Ct, Little Neck, NY 11362","998000","4","Single Family Residence","Active","https://onekeymls.com/home-details/26-van-nostrand-ct-little-neck-ny-11362/2U5SMCm3YDy"
"e2WOqUYXAaY","5204 Redfield St, Douglaston, NY 11362","1799888","7","Single Family Residence","Active","https://onekeymls.com/home-details/5204-redfield-st-douglaston-ny-11362/e2WOqUYXAaY"
"cJH9FYIPhHJ","24043 69th Ave, Douglaston, NY 11362","1555000","7","Duplex","Active","https://onekeymls.com/home-details/24043-69th-ave-douglaston-ny-11362/cJH9FYIPhHJ"
"c3swHBYIOta","24571 61st Ave, Little Neck, NY 11362","1980000","6","Duplex","Active","https://onekeymls.com/home-details/24571-61st-ave-little-neck-ny-11362/c3swHBYIOta"
"k8jxOz2iFu9","242-07A Oak Park Dr, Douglaston, NY 11362","929000","2","Condominium","Pending","https://onekeymls.com/home-details/242-07a-oak-park-dr-douglaston-ny-11362/k8jxOz2iFu9"
"cW6P1oCMd4L","25407 60th Ave, Little Neck, NY 11362","1488888","0","Duplex","Pending","https://onekeymls.com/home-details/25407-60th-ave-little-neck-ny-11362/cW6P1oCMd4L"
"hMbE116v7Fx","5440 Little Neck Pkwy Unit 4A, Little Neck, NY 11362","179000","0","Stock Cooperative","Active","https://onekeymls.com/home-details/5440-little-neck-pkwy-unit-4a-little-neck-ny-11362/hMbE116v7Fx"
"aAZek0LdcYp","6337 Douglaston Pkwy, Little Neck, NY 11362","998000","4","Condominium","Active","https://onekeymls.com/home-details/6337-douglaston-pkwy-little-neck-ny-11362/aAZek0LdcYp"
"cBnErb8FvtV","25134 61st Ave Unit 1, Little Neck, NY 11362","380000","2","Stock Cooperative","Active","https://onekeymls.com/home-details/25134-61st-ave-unit-1-little-neck-ny-11362/cBnErb8FvtV"
"58ASdQnJxaf","24512 62nd Ave 2nd Fl, Douglaston, NY 11362","358000","2","Stock Cooperative","Active","https://onekeymls.com/home-details/24512-62nd-ave-2nd-fl-douglaston-ny-11362/58ASdQnJxaf"
"9I6oFiMQ5MI","5444 Little Neck Pkwy Unit 5U, Little Neck, NY 11362","249000","1","Stock Cooperative","Active","https://onekeymls.com/home-details/5444-little-neck-pkwy-unit-5u-little-neck-ny-11362/9I6oFiMQ5MI"
"goQXYVdA0Kp","25324 61st Ave Unit 24, Little Neck, NY 11362","349000","3","Stock Cooperative","Active","https://onekeymls.com/home-details/25324-61st-ave-unit-24-little-neck-ny-11362/goQXYVdA0Kp"
"51X6YDL0196","26447 Grand Central Pkwy, Flushing, NY 11362","1418000","4","Single Family Residence","Active","https://onekeymls.com/home-details/26447-grand-central-pkwy-flushing-ny-11362/51X6YDL0196"
"1iK1QKZQdgT","24933 64th Ave Fl 1, Little Neck, NY 11362","390000","2","Stock Cooperative","Active","https://onekeymls.com/home-details/24933-64th-ave-fl-1-little-neck-ny-11362/1iK1QKZQdgT"
"c97hIvc6lo","25214 63rd Ave Unit 1337, Little Neck, NY 11362","349000","3","Stock Cooperative","Active","https://onekeymls.com/home-details/25214-63rd-ave-unit-1337-little-neck-ny-11362/c97hIvc6lo"
"1miBK9AXqh5","4756 Glenwood St, Little Neck, NY 11362","1999888","4","Single Family Residence","Active","https://onekeymls.com/home-details/4756-glenwood-st-little-neck-ny-11362/1miBK9AXqh5"
"8TSr4ZPWHB3","5748 246th Cres Unit C8, Little Neck, NY 11362","420000","2","Stock Cooperative","Active","https://onekeymls.com/home-details/5748-246th-cres-unit-c8-little-neck-ny-11362/8TSr4ZPWHB3"
"6QkMjcXg8l8","25151 52nd Ave, Little Neck, NY 11362","2788000","4","Single Family Residence","Active","https://onekeymls.com/home-details/25151-52nd-ave-little-neck-ny-11362/6QkMjcXg8l8"
"ciuiRlJ0eSL","12 Carolina Rd, Douglaston, NY 11362","1295000","4","Single Family Residence","Active","https://onekeymls.com/home-details/12-carolina-rd-douglaston-ny-11362/ciuiRlJ0eSL"
"fghV4k4MdCy","24920 57th Ave Unit 262, Little Neck, NY 11362","439000","2","Stock Cooperative","Pending","https://onekeymls.com/home-details/24920-57th-ave-unit-262-little-neck-ny-11362/fghV4k4MdCy"
"bv1AMUmhMEE","5812 264th St, Little Neck, NY 11362","1198000","4","Single Family Residence","Active","https://onekeymls.com/home-details/5812-264th-st-little-neck-ny-11362/bv1AMUmhMEE"
"b3xLgXv6FyC","5022 Overbrook St, Douglaston, NY 11362","1375000","3","Single Family Residence","Active","https://onekeymls.com/home-details/5022-overbrook-st-douglaston-ny-11362/b3xLgXv6FyC"
"h1BtnYxdQIg","23955 65th Ave, Little Neck, NY 11362","875000","3","Single Family Residence","Active","https://onekeymls.com/home-details/23955-65th-ave-little-neck-ny-11362/h1BtnYxdQIg"
"kbJ5ZhAcGnW","24814 Van Zandt Ave, Little Neck, NY 11362","1880000","4","Single Family Residence","Active","https://onekeymls.com/home-details/24814-van-zandt-ave-little-neck-ny-11362/kbJ5ZhAcGnW"
"a8BpsKXORd6","25104 63rd Ave Unit 4-1288, Little Neck, NY 11362","375000","3","Stock Cooperative","Active","https://onekeymls.com/home-details/25104-63rd-ave-unit-4-1288-little-neck-ny-11362/a8BpsKXORd6"
"9u0QfZmNjCK","24640 Alameda Ave, Little Neck, NY 11362","1799000","5","Single Family Residence","Active","https://onekeymls.com/home-details/24640-alameda-ave-little-neck-ny-11362/9u0QfZmNjCK"
"f0v8GAwCcEJ","24571 62nd Ave Unit B1-12, Little Neck, NY 11362","360000","2","Stock Cooperative","Active","https://onekeymls.com/home-details/24571-62nd-ave-unit-b1-12-little-neck-ny-11362/f0v8GAwCcEJ"
"7ZuVGn6fKac","5809 246th Cres Unit Upper Unit, Douglaston, NY 11362","429000","3","Stock Cooperative","Active","https://onekeymls.com/home-details/5809-246th-cres-unit-upper-unit-douglaston-ny-11362/7ZuVGn6fKac"
"69bBaXLxncN","6914 230th St, Oakland Gardens, NY 11364","1150000","3","Single Family Residence","Active","https://onekeymls.com/home-details/6914-230th-st-oakland-gardens-ny-11364/69bBaXLxncN"
"3Xmg28cz0UE","7505 Bell Boulevard Unit 2C, Bayside, NY 11364","249000","1","Stock Cooperative","Active","https://onekeymls.com/home-details/7505-bell-boulevard-unit-2c-bayside-ny-11364/3Xmg28cz0UE"
"70DtSTEoLVd","7938 Bell Blvd, Hollis Hills, NY 11364","1048000","4","Single Family Residence","Pending","https://onekeymls.com/home-details/7938-bell-blvd-hollis-hills-ny-11364/70DtSTEoLVd"
"NfxqisdUHD","6148 220th St, Oakland Gardens, NY 11364","1250000","3","Single Family Residence","Active","https://onekeymls.com/home-details/6148-220th-st-oakland-gardens-ny-11364/NfxqisdUHD"
"55sN6BZFay3","22609 Union Tpke Unit B, Oakland Gardens, NY 11364","319999","1","Stock Cooperative","Active","https://onekeymls.com/home-details/22609-union-tpke-unit-b-oakland-gardens-ny-11364/55sN6BZFay3"
"aHX2saZzP0u","22414 Kingsbury Ave Unit B, Bayside, NY 11364","319000","1","Stock Cooperative","Active","https://onekeymls.com/home-details/22414-kingsbury-ave-unit-b-bayside-ny-11364/aHX2saZzP0u"
"ir6Uzal9hKQ","224-24 Union Street Unit 4R, Bayside, NY 11364","358850","2","Stock Cooperative","Active","https://onekeymls.com/home-details/224-24-union-street-unit-4r-bayside-ny-11364/ir6Uzal9hKQ"
"aZMJIxbxsgK","22424 Union Tpke Unit 4H, Oakland Gardens, NY 11364","349000","2","Stock Cooperative","Active","https://onekeymls.com/home-details/22424-union-tpke-unit-4h-oakland-gardens-ny-11364/aZMJIxbxsgK"
"kO0AjNUD01m","22423 Kingsbury Ave Unit B, Oakland Gardens, NY 11364","285000","1","Stock Cooperative","Active","https://onekeymls.com/home-details/22423-kingsbury-ave-unit-b-oakland-gardens-ny-11364/kO0AjNUD01m"
"hEGC8bi0LZ","22017 75th Ave Unit 85a2, Oakland Gardens, NY 11364","349000","2","Stock Cooperative","Active","https://onekeymls.com/home-details/22017-75th-ave-unit-85a2-oakland-gardens-ny-11364/hEGC8bi0LZ"
"3UiUIhhjQXU","21722A 73rd Ave Unit Upper, Bayside, NY 11364","328888","2","Stock Cooperative","Active","https://onekeymls.com/home-details/21722a-73rd-ave-unit-upper-bayside-ny-11364/3UiUIhhjQXU"
"h7xJTetOrnl","22626 Union Tpke Unit 1F, Oakland Gardens, NY 11364","229000","2","Stock Cooperative","Active","https://onekeymls.com/home-details/22626-union-tpke-unit-1f-oakland-gardens-ny-11364/h7xJTetOrnl"
"8K6e8HB7uD8","22659 76th Rd, Oakland Gardens, NY 11364","1250000","3","Single Family Residence","Active","https://onekeymls.com/home-details/22659-76th-rd-oakland-gardens-ny-11364/8K6e8HB7uD8"
"7PMAHEWbHLo","6939 213th St Unit 218, Oakland Gardens, NY 11364","325000","1","Stock Cooperative","Active","https://onekeymls.com/home-details/6939-213th-st-unit-218-oakland-gardens-ny-11364/7PMAHEWbHLo"
"6gdDPdJFt2S","6933 210th St Unit B, Bayside, NY 11364","285000","1","Stock Cooperative","Active","https://onekeymls.com/home-details/6933-210th-st-unit-b-bayside-ny-11364/6gdDPdJFt2S"
"kZWcugG1iWn","6104 217th St, Oakland Gardens, NY 11364","1698000","5","Triplex","Coming Soon","https://onekeymls.com/home-details/6104-217th-st-oakland-gardens-ny-11364/kZWcugG1iWn"
"2lo0SB7Dfqj","21110 73rd Ave Unit 4G, Bayside, NY 11364","249000","1","Stock Cooperative","Active","https://onekeymls.com/home-details/21110-73rd-ave-unit-4g-bayside-ny-11364/2lo0SB7Dfqj"
"3VK4x37zEP","5807 210th St, Oakland Gardens, NY 11364","1399000","5","Single Family Residence","Active","https://onekeymls.com/home-details/5807-210th-st-oakland-gardens-ny-11364/3VK4x37zEP"
"lifvLHAKy5L","6914 Bell Blvd Unit Lower, Bayside, NY 11364","265000","1","Stock Cooperative","Active","https://onekeymls.com/home-details/6914-bell-blvd-unit-lower-bayside-ny-11364/lifvLHAKy5L"
"g6TZRmNoTql","21405 53rd Avenue, Bayside, NY 11364","1988000","4","Single Family Residence","Pending","https://onekeymls.com/home-details/21405-53rd-avenue-bayside-ny-11364/g6TZRmNoTql"
"1hLSH8Axubf","21950 74th Ave Unit 328a2, Bayside, NY 11364","349999","2","Stock Cooperative","Pending","https://onekeymls.com/home-details/21950-74th-ave-unit-328a2-bayside-ny-11364/1hLSH8Axubf"
"cFd8wnxLAdt","21005 53rd Ave, Bayside, NY 11364","1350000","5","Single Family Residence","Active","https://onekeymls.com/home-details/21005-53rd-ave-bayside-ny-11364/cFd8wnxLAdt"
"8Hgh31NczRl","22424 Union Tpke Unit 6G, Oakland Gardens, NY 11364","315000","2","Stock Cooperative","Active","https://onekeymls.com/home-details/22424-union-tpke-unit-6g-oakland-gardens-ny-11364/8Hgh31NczRl"
"9fFs24D2aQ6","21936 64th Ave Unit 36A, Bayside, NY 11364","499000","1","Condominium","Active","https://onekeymls.com/home-details/21936-64th-ave-unit-36a-bayside-ny-11364/9fFs24D2aQ6"
"c6kkulJA6Zo","22015 75th Ave Unit 86a2, Oakland Gardens, NY 11364","310000","2","Stock Cooperative","Active","https://onekeymls.com/home-details/22015-75th-ave-unit-86a2-oakland-gardens-ny-11364/c6kkulJA6Zo"
"7tmQmLZupMy","4806 215th Street, Oakland Gardens, NY 11364","1295000","4","Single Family Residence","Coming Soon","https://onekeymls.com/home-details/4806-215th-street-oakland-gardens-ny-11364/7tmQmLZupMy"
"2U2TeyECetP","21909 74th Ave Unit 446b2, Oakland Gardens, NY 11364","325000","2","Stock Cooperative","Active","https://onekeymls.com/home-details/21909-74th-ave-unit-446b2-oakland-gardens-ny-11364/2U2TeyECetP"
"9vdvPoFJeWN","7325 220th St Unit 137a2, Oakland Gardens, NY 11364","349000","2","Stock Cooperative","Active","https://onekeymls.com/home-details/7325-220th-st-unit-137a2-oakland-gardens-ny-11364/9vdvPoFJeWN"
"7wHMcIo946d","6703 214th St, Bayside, NY 11364","975000","3","Single Family Residence","Coming Soon","https://onekeymls.com/home-details/6703-214th-st-bayside-ny-11364/7wHMcIo946d"
"c66AytXpJ2j","6704 215th St, Oakland Gardens, NY 11364","849000","2","Single Family Residence","Pending","https://onekeymls.com/home-details/6704-215th-st-oakland-gardens-ny-11364/c66AytXpJ2j"
"7vcaPZzJpzI","6906 Fresh Meadow Ln, Fresh Meadows, NY 11365","999000","4","Single Family Residence","Active","https://onekeymls.com/home-details/6906-fresh-meadow-ln-fresh-meadows-ny-11365/7vcaPZzJpzI"
"k85sZk9x9U4","7139 166th St, Fresh Meadows, NY 11365","1958000","0","Duplex","Active","https://onekeymls.com/home-details/7139-166th-st-fresh-meadows-ny-11365/k85sZk9x9U4"
"czVeUqVbiyE","5332 187th St, Fresh Meadows, NY 11365","1290000","4","Single Family Residence","Active","https://onekeymls.com/home-details/5332-187th-st-fresh-meadows-ny-11365/czVeUqVbiyE"
"glUn3AM0MJL","7010 172nd St, Fresh Meadows, NY 11365","1888000","5","Single Family Residence","Active","https://onekeymls.com/home-details/7010-172nd-st-fresh-meadows-ny-11365/glUn3AM0MJL"
"l6VmaHQ0u1t","6144 164th St, Flushing, NY 11365","1580000","5","Triplex","Active","https://onekeymls.com/home-details/6144-164th-st-flushing-ny-11365/l6VmaHQ0u1t"
"kiPADet9RMw","7128 163rd St Unit 2A, Fresh Meadows, NY 11365","565000","2","Condominium","Active","https://onekeymls.com/home-details/7128-163rd-st-unit-2a-fresh-meadows-ny-11365/kiPADet9RMw"
"f9QOoNsYRDx","5027 192nd St, Fresh Meadows, NY 11365","1158000","4","Single Family Residence","Active","https://onekeymls.com/home-details/5027-192nd-st-fresh-meadows-ny-11365/f9QOoNsYRDx"
"3gH7N1i0JXd","6927 169th St, Fresh Meadows, NY 11365","948888","3","Single Family Residence","Active","https://onekeymls.com/home-details/6927-169th-st-fresh-meadows-ny-11365/3gH7N1i0JXd"
"9oz4YTiy78e","7177 159th St Unit 4D, Fresh Meadows, NY 11365","588888","2","Condominium","Active","https://onekeymls.com/home-details/7177-159th-st-unit-4d-fresh-meadows-ny-11365/9oz4YTiy78e"
"8BEZT8FySmn","17516 Underhill Ave, Fresh Meadows, NY 11365","950000","2","Single Family Residence","Active","https://onekeymls.com/home-details/17516-underhill-ave-fresh-meadows-ny-11365/8BEZT8FySmn"
"hpYAKqOHLp4","4840 186th St, Fresh Meadows, NY 11365","950000","2","Single Family Residence","Active","https://onekeymls.com/home-details/4840-186th-st-fresh-meadows-ny-11365/hpYAKqOHLp4"
"b42Pj9cGT2R","7166 Parsons Blvd Unit 3F, Fresh Meadows, NY 11365","459000","1","Condominium","Active","https://onekeymls.com/home-details/7166-parsons-blvd-unit-3f-fresh-meadows-ny-11365/b42Pj9cGT2R"
"ebuPMGunAcV","6712 197th St Unit 1, Fresh Meadows, NY 11365","239000","1","Stock Cooperative","Active","https://onekeymls.com/home-details/6712-197th-st-unit-1-fresh-meadows-ny-11365/ebuPMGunAcV"
"bymrl6kyGRN","17019 Pidgeon Meadow Rd, Fresh Meadows, NY 11365","998000","4","Single Family Residence","Pending","https://onekeymls.com/home-details/17019-pidgeon-meadow-rd-fresh-meadows-ny-11365/bymrl6kyGRN"
"hD60bfnzyvB","4851 190th St, Fresh Meadows, NY 11365","1468000","5","Duplex","Active","https://onekeymls.com/home-details/4851-190th-st-fresh-meadows-ny-11365/hD60bfnzyvB"
"8SSHTPsLoK5","6125 165th St, Flushing, NY 11365","851200","2","Duplex","Pending","https://onekeymls.com/home-details/6125-165th-st-flushing-ny-11365/8SSHTPsLoK5"
"ca2qSDKuktl","6005 168th St, Fresh Meadows, NY 11365","910000","3","Single Family Residence","Active","https://onekeymls.com/home-details/6005-168th-st-fresh-meadows-ny-11365/ca2qSDKuktl"
"hWcQxHILlVO","7024 Utopia Pkwy, Fresh Meadows, NY 11365","1188000","3","Duplex","Active","https://onekeymls.com/home-details/7024-utopia-pkwy-fresh-meadows-ny-11365/hWcQxHILlVO"
"4eqoLm8g2gq","7008 165th St, Fresh Meadows, NY 11365","969000","3","Single Family Residence","Pending","https://onekeymls.com/home-details/7008-165th-st-fresh-meadows-ny-11365/4eqoLm8g2gq"
"80giKZ75iJa","16306 71st Ave Unit 1323, Fresh Meadows, NY 11365","990000","3","Condominium","Active","https://onekeymls.com/home-details/16306-71st-ave-unit-1323-fresh-meadows-ny-11365/80giKZ75iJa"
"fHr3KZlDTfq","19629 69th Ave Unit 1st, Fresh Meadows, NY 11365","239000","1","Stock Cooperative","Active","https://onekeymls.com/home-details/19629-69th-ave-unit-1st-fresh-meadows-ny-11365/fHr3KZlDTfq"
"lWEafpOs7jK","6119 170th St, Fresh Meadows, NY 11365","1498000","6","Duplex","Active","https://onekeymls.com/home-details/6119-170th-st-fresh-meadows-ny-11365/lWEafpOs7jK"
"cFfQhfJLKDV","Undisclosed Address, Fresh Meadows, NY 11365","1399000","3","Single Family Residence","Active","https://onekeymls.com/home-details/undisclosed-address-fresh-meadows-ny-11365/cFfQhfJLKDV"
"g94Heqpv5M0","5714 163rd St, Fresh Meadows, NY 11365","2599999","10","Triplex","Active","https://onekeymls.com/home-details/5714-163rd-st-fresh-meadows-ny-11365/g94Heqpv5M0"
"akyY2p0VrnU","5716 163rd St, Fresh Meadows, NY 11365","2599999","10","Triplex","Active","https://onekeymls.com/home-details/5716-163rd-st-fresh-meadows-ny-11365/akyY2p0VrnU"
"3ibpC7IcHgY","7128 163rd St Unit 3B, Fresh Meadows, NY 11365","608800","2","Condominium","Active","https://onekeymls.com/home-details/7128-163rd-st-unit-3b-fresh-meadows-ny-11365/3ibpC7IcHgY"
"6tQT9vPga8n","5941 161st St, Fresh Meadows, NY 11365","999888","4","Single Family Residence","Active","https://onekeymls.com/home-details/5941-161st-st-fresh-meadows-ny-11365/6tQT9vPga8n"
"9EPOwu5leXr","6511 168th St, Fresh Meadows, NY 11365","1249999","4","Single Family Residence","Active","https://onekeymls.com/home-details/6511-168th-st-fresh-meadows-ny-11365/9EPOwu5leXr"
"74OSTpSTO4r","6511 175th St, Fresh Meadows, NY 11365","1039000","3","Single Family Residence","Active","https://onekeymls.com/home-details/6511-175th-st-fresh-meadows-ny-11365/74OSTpSTO4r"
"jHBTlLRD3v7","19404 56th Ave, Fresh Meadows, NY 11365","1169000","4","Single Family Residence","Active","https://onekeymls.com/home-details/19404-56th-ave-fresh-meadows-ny-11365/jHBTlLRD3v7"
"5SPBtVMqZh1","7519 188th St, Fresh Meadows, NY 11366","1428000","4","Single Family Residence","Active","https://onekeymls.com/home-details/7519-188th-st-fresh-meadows-ny-11366/5SPBtVMqZh1"
"8sXozNpRE5v","7636 166th St, Fresh Meadows, NY 11366","890000","3","Single Family Residence","Active","https://onekeymls.com/home-details/7636-166th-st-fresh-meadows-ny-11366/8sXozNpRE5v"
"byV35ZRL6k","16016 78th Ave, Fresh Meadows, NY 11366","1090000","4","Duplex","Active","https://onekeymls.com/home-details/16016-78th-ave-fresh-meadows-ny-11366/byV35ZRL6k"
"fiafjc2lkZB","7627 175th St, Fresh Meadows, NY 11366","1850000","5","Single Family Residence","Active","https://onekeymls.com/home-details/7627-175th-st-fresh-meadows-ny-11366/fiafjc2lkZB"
"hpuRedp6FEc","7519 171st St, Fresh Meadows, NY 11366","1188000","4","Single Family Residence","Active","https://onekeymls.com/home-details/7519-171st-st-fresh-meadows-ny-11366/hpuRedp6FEc"
"fEuGC6hdNMQ","8019 Utopia Parkway, Jamaica Estates, NY 11432","1489000","4","Single Family Residence","Active","https://onekeymls.com/home-details/8019-utopia-parkway-jamaica-estates-ny-11432/fEuGC6hdNMQ"
"2RD1uLQtCIq","15816 79th Ave, Fresh Meadows, NY 11366","748000","2","Condominium","Active","https://onekeymls.com/home-details/15816-79th-ave-fresh-meadows-ny-11366/2RD1uLQtCIq"
"4drM8cJBPVD","15839 77th Rd, Fresh Meadows, NY 11366","1998000","6","Duplex","Active","https://onekeymls.com/home-details/15839-77th-rd-fresh-meadows-ny-11366/4drM8cJBPVD"
"7X9UUG36Bq7","196-23 73rd Ave Unit 2, Fresh Meadows, NY 11366","298000","2","Stock Cooperative","Active","https://onekeymls.com/home-details/196-23-73rd-ave-unit-2-fresh-meadows-ny-11366/7X9UUG36Bq7"
"8XFwhPJhmKo","7518 197th St, Fresh Meadows, NY 11366","1250000","4","Duplex","Pending","https://onekeymls.com/home-details/7518-197th-st-fresh-meadows-ny-11366/8XFwhPJhmKo"
"fJ9xunbpTkl","7307 185th St, Fresh Meadows, NY 11366","1528000","4","Single Family Residence","Active","https://onekeymls.com/home-details/7307-185th-st-fresh-meadows-ny-11366/fJ9xunbpTkl"
"51xMyCGPCrK","16029 76th Ave, Fresh Meadows, NY 11366","1060000","3","Single Family Residence","Active","https://onekeymls.com/home-details/16029-76th-ave-fresh-meadows-ny-11366/51xMyCGPCrK"
"kOXuhOelnqv","7307 Utopia Pkwy, Fresh Meadows, NY 11366","888000","3","Single Family Residence","Pending","https://onekeymls.com/home-details/7307-utopia-pkwy-fresh-meadows-ny-11366/kOXuhOelnqv"
"4iktRFXFA9","7531 175th St, Fresh Meadows, NY 11366","1880000","4","Single Family Residence","Active","https://onekeymls.com/home-details/7531-175th-st-fresh-meadows-ny-11366/4iktRFXFA9"
"eZdwYzpWwW3","7702 164th St, Fresh Meadows, NY 11366","2450000","","Mixed Use","Active","https://onekeymls.com/home-details/7702-164th-st-fresh-meadows-ny-11366/eZdwYzpWwW3"
"ba3Dq8HAi4Z","7719 Parsons Blvd, Fresh Meadows, NY 11366","1598000","5","Duplex","Active","https://onekeymls.com/home-details/7719-parsons-blvd-fresh-meadows-ny-11366/ba3Dq8HAi4Z"
"1DU0OxH6yVr","7363 192nd St, Fresh Meadows, NY 11366","1999000","4","Single Family Residence","Active","https://onekeymls.com/home-details/7363-192nd-st-fresh-meadows-ny-11366/1DU0OxH6yVr"
"LOtKSNEqcf","17519 74th Ave, Fresh Meadows, NY 11366","995000","3","Single Family Residence","Pending","https://onekeymls.com/home-details/17519-74th-ave-fresh-meadows-ny-11366/LOtKSNEqcf"
"hf3v4uMjw1g","7618 Utopia Pkwy, Fresh Meadows, NY 11366","899000","3","Single Family Residence","Active","https://onekeymls.com/home-details/7618-utopia-pkwy-fresh-meadows-ny-11366/hf3v4uMjw1g"
"y5vgYqOXB4","15815 Union Tpke Unit 402N, Fresh Meadows, NY 11366","598000","2","Condominium","Active","https://onekeymls.com/home-details/15815-union-tpke-unit-402n-fresh-meadows-ny-11366/y5vgYqOXB4"
"6LylMjftZ0x","15815 Union Tpke Unit 3F, Fresh Meadows, NY 11366","688000","3","Condominium","Pending","https://onekeymls.com/home-details/15815-union-tpke-unit-3f-fresh-meadows-ny-11366/6LylMjftZ0x"
"93r0gAwKipH","7333 188th St, Fresh Meadows, NY 11366","1250000","3","Single Family Residence","Active","https://onekeymls.com/home-details/7333-188th-st-fresh-meadows-ny-11366/93r0gAwKipH"
"xg4Mw7M4AM","7732 168th St, Fresh Meadows, NY 11366","2398000","6","Duplex","Active","https://onekeymls.com/home-details/7732-168th-st-fresh-meadows-ny-11366/xg4Mw7M4AM"
"dTD3D9CP8sN","7575 180th St, Fresh Meadows, NY 11366","1488000","4","Single Family Residence","Active","https://onekeymls.com/home-details/7575-180th-st-fresh-meadows-ny-11366/dTD3D9CP8sN"
"cue0cNyNLFE","16438 76th Rd, Fresh Meadows, NY 11366","1200000","3","Single Family Residence","Active","https://onekeymls.com/home-details/16438-76th-rd-fresh-meadows-ny-11366/cue0cNyNLFE"
"2JpD2Kfhedn","15815 Union Tpke Unit 4C, Fresh Meadows, NY 11366","569000","1","Condominium","Active","https://onekeymls.com/home-details/15815-union-tpke-unit-4c-fresh-meadows-ny-11366/2JpD2Kfhedn"
"eZNlGEvMLUI","19669 73rd Ave Unit 2, Fresh Meadows, NY 11366","358000","2","Stock Cooperative","Active","https://onekeymls.com/home-details/19669-73rd-ave-unit-2-fresh-meadows-ny-11366/eZNlGEvMLUI"
"1J1AjH1EOdB","7653 172nd St, Fresh Meadows, NY 11366","1088000","4","Single Family Residence","Active","https://onekeymls.com/home-details/7653-172nd-st-fresh-meadows-ny-11366/1J1AjH1EOdB"
"7dfpSfiNpK2","7548 183rd St, Fresh Meadows, NY 11366","1195000","3","Single Family Residence","Pending","https://onekeymls.com/home-details/7548-183rd-st-fresh-meadows-ny-11366/7dfpSfiNpK2"
"7TcysP34vHn","7626 176th St, Fresh Meadows, NY 11366","1388000","3","Single Family Residence","Active","https://onekeymls.com/home-details/7626-176th-st-fresh-meadows-ny-11366/7TcysP34vHn"
"r2nlkJUQrN","144-15 78th Rd Unit 3A, Kew Garden Hills, NY 11367","195000","1","Stock Cooperative","Pending","https://onekeymls.com/home-details/144-15-78th-rd-unit-3a-kew-garden-hills-ny-11367/r2nlkJUQrN"
"7HfvAWDPiWC","13835 64th Ave, Flushing, NY 11367","940000","3","Single Family Residence","Pending","https://onekeymls.com/home-details/13835-64th-ave-flushing-ny-11367/7HfvAWDPiWC"
"i6fbUd0Z4l9","150-15 79 Avenue Unit 1A, Kew Garden Hills, NY 11367","319000","1","Stock Cooperative","Active","https://onekeymls.com/home-details/150-15-79-avenue-unit-1a-kew-garden-hills-ny-11367/i6fbUd0Z4l9"
"asawom1CKRO","6711 150th St Unit 362A, Flushing, NY 11367","385000","2","Stock Cooperative","Active","https://onekeymls.com/home-details/6711-150th-st-unit-362a-flushing-ny-11367/asawom1CKRO"
"jJgb1gH6swJ","6912 138th St Unit B, Flushing, NY 11367","299000","1","Stock Cooperative","Active","https://onekeymls.com/home-details/6912-138th-st-unit-b-flushing-ny-11367/jJgb1gH6swJ"
"1jZTBHyi1oD","13604 68th Dr Unit A, Flushing, NY 11367","459000","3","Stock Cooperative","Active","https://onekeymls.com/home-details/13604-68th-dr-unit-a-flushing-ny-11367/1jZTBHyi1oD"
"9XLht50hD95","6912 140th St Unit 2C, Flushing, NY 11367","278000","1","Stock Cooperative","Active","https://onekeymls.com/home-details/6912-140th-st-unit-2c-flushing-ny-11367/9XLht50hD95"
"6CsHOcoaWDp","138-35 Jewel Ave. Unit 3D, Kew Garden Hills, NY 11367","289000","1","Stock Cooperative","Active","https://onekeymls.com/home-details/138-35-jewel-ave-unit-3d-kew-garden-hills-ny-11367/6CsHOcoaWDp"
"a8NB1uX5BJ7","13633 68th Dr Unit A, Flushing, NY 11367","399000","2","Stock Cooperative","Active","https://onekeymls.com/home-details/13633-68th-dr-unit-a-flushing-ny-11367/a8NB1uX5BJ7"
"3mAsYsICXV3","70-07 Park Drive E Unit A, Kew Garden Hills, NY 11367","427000","1","Condominium","Active","https://onekeymls.com/home-details/70-07-park-drive-e-unit-a-kew-garden-hills-ny-11367/3mAsYsICXV3"
"jJNfhFMLcKL","13846 68th Dr Unit A, Flushing, NY 11367","399000","2","Stock Cooperative","Active","https://onekeymls.com/home-details/13846-68th-dr-unit-a-flushing-ny-11367/jJNfhFMLcKL"
"GLx55btiqK","6143 157th St, Flushing, NY 11367","1168000","0","Duplex","Active","https://onekeymls.com/home-details/6143-157th-st-flushing-ny-11367/GLx55btiqK"
"aEdfsD5Y4xe","138-30 78th Avenue Unit 42A, Kew Garden Hills, NY 11367","299000","1","Stock Cooperative","Active","https://onekeymls.com/home-details/138-30-78th-avenue-unit-42a-kew-garden-hills-ny-11367/aEdfsD5Y4xe"
"5rqucwSG0QT","14148 78th Ave Unit 3G, Flushing, NY 11367","288000","1","Stock Cooperative","Active","https://onekeymls.com/home-details/14148-78th-ave-unit-3g-flushing-ny-11367/5rqucwSG0QT"
"8JZQx8RMXEF","6301 138th St, Flushing, NY 11367","1288000","4","Single Family Residence","Pending","https://onekeymls.com/home-details/6301-138th-st-flushing-ny-11367/8JZQx8RMXEF"
"jEA8C3eawXv","15020 71st Avenue Unit 6J, Kew Garden Hills, NY 11367","380000","2","Stock Cooperative","Active","https://onekeymls.com/home-details/15020-71st-avenue-unit-6j-kew-garden-hills-ny-11367/jEA8C3eawXv"
"es6RJBBgWz8","14745 69th Rd Unit B, Flushing, NY 11367","260000","1","Stock Cooperative","Active","https://onekeymls.com/home-details/14745-69th-rd-unit-b-flushing-ny-11367/es6RJBBgWz8"
"4VPHNC82lIA","6955 150th St Unit 33B, Flushing, NY 11367","309000","1","Stock Cooperative","Active","https://onekeymls.com/home-details/6955-150th-st-unit-33b-flushing-ny-11367/4VPHNC82lIA"
"3kTsEm9kOfc","15247 Jewel Ave Unit B, Flushing, NY 11367","315000","1","Stock Cooperative","Active","https://onekeymls.com/home-details/15247-jewel-ave-unit-b-flushing-ny-11367/3kTsEm9kOfc"
"5Ujq7KW2wsd","15229 Jewel Ave Unit A, Flushing, NY 11367","399000","2","Stock Cooperative","Active","https://onekeymls.com/home-details/15229-jewel-ave-unit-a-flushing-ny-11367/5Ujq7KW2wsd"
"a3l0gOLWTpF","15048 Melbourne Ave Unit 254A, Flushing, NY 11367","289000","1","Stock Cooperative","Active","https://onekeymls.com/home-details/15048-melbourne-ave-unit-254a-flushing-ny-11367/a3l0gOLWTpF"
"7amRjpMDr1H","14103 Union Tpke Unit 3J, Flushing, NY 11367","399000","2","Stock Cooperative","Active","https://onekeymls.com/home-details/14103-union-tpke-unit-3j-flushing-ny-11367/7amRjpMDr1H"
"j1NCgIxrM2T","144-43 77th Avenue, Kew Garden Hills, NY 11367","869000","3","Single Family Residence","Active","https://onekeymls.com/home-details/144-43-77th-avenue-kew-garden-hills-ny-11367/j1NCgIxrM2T"
"6NE4YEQjeDk","14124 78th Rd Unit 1B, Flushing, NY 11367","399000","3","Stock Cooperative","Active","https://onekeymls.com/home-details/14124-78th-rd-unit-1b-flushing-ny-11367/6NE4YEQjeDk"
"aZSlIfIgrqB","15043 77th Rd, Flushing, NY 11367","898000","3","Single Family Residence","Pending","https://onekeymls.com/home-details/15043-77th-rd-flushing-ny-11367/aZSlIfIgrqB"
"5YKP24eLS4w","7548 Parsons Blvd Unit 2A, Fresh Meadows, NY 11366","598000","2","Condominium","Pending","https://onekeymls.com/home-details/7548-parsons-blvd-unit-2a-fresh-meadows-ny-11366/5YKP24eLS4w"
"fuhG4mlFewQ","6242 Main St, Flushing, NY 11367","1288000","4","Single Family Residence","Active","https://onekeymls.com/home-details/6242-main-st-flushing-ny-11367/fuhG4mlFewQ"
"1XUCcqKFMns","15038 Union Tpke Unit 6F, Flushing, NY 11367","669000","2","Condominium","Active","https://onekeymls.com/home-details/15038-union-tpke-unit-6f-flushing-ny-11367/1XUCcqKFMns"
"lgXlWHAPyEw","78-35 147th Street Unit 2E, Kew Garden Hills, NY 11367","229900","1","Stock Cooperative","Active","https://onekeymls.com/home-details/78-35-147th-street-unit-2e-kew-garden-hills-ny-11367/lgXlWHAPyEw"
"1YLsyY96Yei","136-35 68th Drive Unit A, Kew Garden Hills, NY 11367","399999","2","Stock Cooperative","Pending","https://onekeymls.com/home-details/136-35-68th-drive-unit-a-kew-garden-hills-ny-11367/1YLsyY96Yei"
"7TdC8CfvR6H","2354 97th St, East Elmhurst, NY 11369","1400000","5","Single Family Residence","Active","https://onekeymls.com/home-details/2354-97th-st-east-elmhurst-ny-11369/7TdC8CfvR6H"
"7VcMiN3Vw03","10505 Ditmars Blvd, East Elmhurst, NY 11369","2650000","6","Single Family Residence","Active","https://onekeymls.com/home-details/10505-ditmars-blvd-east-elmhurst-ny-11369/7VcMiN3Vw03"
"50NFN4cNu5F","2449 92nd St, East Elmhurst, NY 11369","999999","4","Single Family Residence","Active","https://onekeymls.com/home-details/2449-92nd-st-east-elmhurst-ny-11369/50NFN4cNu5F"
"b4LOYs07KT5","2537 89th St, East Elmhurst, NY 11369","899000","4","Single Family Residence","Active","https://onekeymls.com/home-details/2537-89th-st-east-elmhurst-ny-11369/b4LOYs07KT5"
"bjCTC7b4uHA","29-37 Gilmore Street, East Elmhurst, NY 11369","1470000","6","Duplex","Active","https://onekeymls.com/home-details/29-37-gilmore-street-east-elmhurst-ny-11369/bjCTC7b4uHA"
"2Gk5f2VnaJH","2242 93rd St, East Elmhurst, NY 11369","989000","4","Duplex","Active","https://onekeymls.com/home-details/2242-93rd-st-east-elmhurst-ny-11369/2Gk5f2VnaJH"
"e4RxHeCJCeb","2444 Ericsson St, East Elmhurst, NY 11369","899999","3","Single Family Residence","Active","https://onekeymls.com/home-details/2444-ericsson-st-east-elmhurst-ny-11369/e4RxHeCJCeb"
"9vZ3NMKcQW3","2434 87th St, East Elmhurst, NY 11369","1050000","3","Single Family Residence","Active","https://onekeymls.com/home-details/2434-87th-st-east-elmhurst-ny-11369/9vZ3NMKcQW3"
"wSU08AKCN7","2329 95th St, East Elmhurst, NY 11369","599000","3","Single Family Residence","Active","https://onekeymls.com/home-details/2329-95th-st-east-elmhurst-ny-11369/wSU08AKCN7"
"253SeobQYxn","3242 89th St Unit C605, East Elmhurst, NY 11369","239000","1","Stock Cooperative","Active","https://onekeymls.com/home-details/3242-89th-st-unit-c605-east-elmhurst-ny-11369/253SeobQYxn"
"jc9XoCkvhAb","32-43 90th Unit 306, East Elmhurst, NY 11369","249000","1","Stock Cooperative","Active","https://onekeymls.com/home-details/32-43-90th-unit-306-east-elmhurst-ny-11369/jc9XoCkvhAb"
"9O4lOEJezTB","2576 99th St, East Elmhurst, NY 11369","1760000","2","Duplex","Active","https://onekeymls.com/home-details/2576-99th-st-east-elmhurst-ny-11369/9O4lOEJezTB"
"ggyZDixNSBM","10520 Ditmars Blvd, East Elmhurst, NY 11369","1750000","6","Single Family Residence","Active","https://onekeymls.com/home-details/10520-ditmars-blvd-east-elmhurst-ny-11369/ggyZDixNSBM"
"l3h5e4C6yX4","2366 95th St, East Elmhurst, NY 11369","1148000","3","Single Family Residence","Active","https://onekeymls.com/home-details/2366-95th-st-east-elmhurst-ny-11369/l3h5e4C6yX4"
"cXtZkzMEqfA","90-09 Northern Blvd Unit 102, Jackson Heights, NY 11372","289000","1","Stock Cooperative","Active","https://onekeymls.com/home-details/90-09-northern-blvd-unit-102-jackson-heights-ny-11372/cXtZkzMEqfA"
"2wWstS6W4k2","9420 32nd Ave, East Elmhurst, NY 11369","1398888","7","Duplex","Active","https://onekeymls.com/home-details/9420-32nd-ave-east-elmhurst-ny-11369/2wWstS6W4k2"
"adB45ueXgGm","2556 90th St, East Elmhurst, NY 11369","1100000","3","Duplex","Active","https://onekeymls.com/home-details/2556-90th-st-east-elmhurst-ny-11369/adB45ueXgGm"
"5y0tusFtd6h","2319 100th St, East Elmhurst, NY 11369","1199000","5","Duplex","Active","https://onekeymls.com/home-details/2319-100th-st-east-elmhurst-ny-11369/5y0tusFtd6h"
"s9YKd4CUuw","2717 Ericsson St, East Elmhurst, NY 11369","1475000","4","Single Family Residence","Active","https://onekeymls.com/home-details/2717-ericsson-st-east-elmhurst-ny-11369/s9YKd4CUuw"
"cDF8VsXzGkX","Undisclosed Address, East Elmhurst, NY 11369","999000","7","Single Family Residence","Active","https://onekeymls.com/home-details/undisclosed-address-east-elmhurst-ny-11369/cDF8VsXzGkX"
"6je9WAhNajn","2743 Humphrey St, East Elmhurst, NY 11369","899000","3","Single Family Residence","Active","https://onekeymls.com/home-details/2743-humphrey-st-east-elmhurst-ny-11369/6je9WAhNajn"
"2AgldoN5v1o","10309 32nd Ave, East Elmhurst, NY 11369","824555","5","Single Family Residence","Active","https://onekeymls.com/home-details/10309-32nd-ave-east-elmhurst-ny-11369/2AgldoN5v1o"
"6j4bEeL2j5B","2550 86th St, East Elmhurst, NY 11369","850000","2","Single Family Residence","Pending","https://onekeymls.com/home-details/2550-86th-st-east-elmhurst-ny-11369/6j4bEeL2j5B"
"d9lJ1znuaZl","2323 93rd St, East Elmhurst, NY 11369","1320000","6","Triplex","Pending","https://onekeymls.com/home-details/2323-93rd-st-east-elmhurst-ny-11369/d9lJ1znuaZl"
"5Yc7nIWhrEn","9010 32nd Ave Unit 305, East Elmhurst, NY 11369","235000","1","Stock Cooperative","Active","https://onekeymls.com/home-details/9010-32nd-ave-unit-305-east-elmhurst-ny-11369/5Yc7nIWhrEn"
"2JBZPfqEJjG","3222 92nd St Unit D502, East Elmhurst, NY 11369","289000","1","Stock Cooperative","Active","https://onekeymls.com/home-details/3222-92nd-st-unit-d502-east-elmhurst-ny-11369/2JBZPfqEJjG"
"3yUJGlKxqsv","2427 92nd St, East Elmhurst, NY 11369","1099000","4","Single Family Residence","Active","https://onekeymls.com/home-details/2427-92nd-st-east-elmhurst-ny-11369/3yUJGlKxqsv"
"2nnV652NwQW","3223 88th St Unit 306, East Elmhurst, NY 11369","245000","1","Stock Cooperative","Active","https://onekeymls.com/home-details/3223-88th-st-unit-306-east-elmhurst-ny-11369/2nnV652NwQW"
"6aOBrgArcI6","3222 92nd St Unit 603, East Elmhurst, NY 11369","489000","3","Stock Cooperative","Active","https://onekeymls.com/home-details/3222-92nd-st-unit-603-east-elmhurst-ny-11369/6aOBrgArcI6"
"gqUBKLGiZ1V","3231 71st St, East Elmhurst, NY 11370","1099000","4","Duplex","Active","https://onekeymls.com/home-details/3231-71st-st-east-elmhurst-ny-11370/gqUBKLGiZ1V"
"ep9nSDOhuJT","3241 84th St, East Elmhurst, NY 11370","1329000","4","Duplex","Active","https://onekeymls.com/home-details/3241-84th-st-east-elmhurst-ny-11370/ep9nSDOhuJT"
"40w4d3VpESs","3218 70th St, East Elmhurst, NY 11370","1350000","5","Triplex","Pending","https://onekeymls.com/home-details/3218-70th-st-east-elmhurst-ny-11370/40w4d3VpESs"
"efFd6cv82QR","80-09 30th Avenue, Jackson Heights, NY 11370","1100000","2","Duplex","Coming Soon","https://onekeymls.com/home-details/80-09-30th-avenue-jackson-heights-ny-11370/efFd6cv82QR"
"3rHtnCZlQSf","8103 31st Ave Unit 2, East Elmhurst, NY 11370","1658000","8","Duplex","Active","https://onekeymls.com/home-details/8103-31st-ave-unit-2-east-elmhurst-ny-11370/3rHtnCZlQSf"
"aIwEATnoniK","70-11 Ditmars Boulevard, Astoria, NY 11370","2100000","","","Active","https://onekeymls.com/home-details/70-11-ditmars-boulevard-astoria-ny-11370/aIwEATnoniK"
"jL5YNxbwMSB","2127 77th St Unit 2, East Elmhurst, NY 11370","549999","2","Condominium","Coming Soon","https://onekeymls.com/home-details/2127-77th-st-unit-2-east-elmhurst-ny-11370/jL5YNxbwMSB"
"2PfuKXPaFLO","2547 71st St, East Elmhurst, NY 11370","1399000","3","Duplex","Active","https://onekeymls.com/home-details/2547-71st-st-east-elmhurst-ny-11370/2PfuKXPaFLO"
"bz4iup4uQrr","2025 74th St, East Elmhurst, NY 11370","1799000","7","Quadruplex","Active","https://onekeymls.com/home-details/2025-74th-st-east-elmhurst-ny-11370/bz4iup4uQrr"
"5BwaSKeFh5D","3251 72nd St, East Elmhurst, NY 11370","1075000","3","Duplex","Active","https://onekeymls.com/home-details/3251-72nd-st-east-elmhurst-ny-11370/5BwaSKeFh5D"
"jChsBhJMjgN","7107 Ditmars Blvd, East Elmhurst, NY 11370","1595000","4","Duplex","Pending","https://onekeymls.com/home-details/7107-ditmars-blvd-east-elmhurst-ny-11370/jChsBhJMjgN"
"cZ4Kio1gIeq","3127 84th St, East Elmhurst, NY 11370","1199000","5","Duplex","Active","https://onekeymls.com/home-details/3127-84th-st-east-elmhurst-ny-11370/cZ4Kio1gIeq"
"7sw862qLZzW","2154 74th St, East Elmhurst, NY 11370","1598000","4","Duplex","Active","https://onekeymls.com/home-details/2154-74th-st-east-elmhurst-ny-11370/7sw862qLZzW"
"8PQhg3oU48Z","3032 84th St, East Elmhurst, NY 11370","1180000","4","Single Family Residence","Active","https://onekeymls.com/home-details/3032-84th-st-east-elmhurst-ny-11370/8PQhg3oU48Z"
"hu5c87xA2VJ","2433 82nd St, East Elmhurst, NY 11370","979000","4","Duplex","Active","https://onekeymls.com/home-details/2433-82nd-st-east-elmhurst-ny-11370/hu5c87xA2VJ"
"e2hJoqole9n","3007 84th St, East Elmhurst, NY 11370","1198000","4","Single Family Residence","Active","https://onekeymls.com/home-details/3007-84th-st-east-elmhurst-ny-11370/e2hJoqole9n"
"fANLy15MKjl","2519 76th St, East Elmhurst, NY 11370","1000000","3","Single Family Residence","Active","https://onekeymls.com/home-details/2519-76th-st-east-elmhurst-ny-11370/fANLy15MKjl"
"lT3hkl2QNiy","25-18 82nd Street, Jackson Heights, NY 11370","999000","3","Single Family Residence","Active","https://onekeymls.com/home-details/25-18-82nd-street-jackson-heights-ny-11370/lT3hkl2QNiy"
"8AdAL3FBhZi","2063 Hazen St, East Elmhurst, NY 11370","988000","5","Duplex","Pending","https://onekeymls.com/home-details/2063-hazen-st-east-elmhurst-ny-11370/8AdAL3FBhZi"
"gKUrn2isNQU","1948 80th St Unit 1, Astoria, NY 11370","578000","2","Condominium","Pending","https://onekeymls.com/home-details/1948-80th-st-unit-1-astoria-ny-11370/gKUrn2isNQU"
"e0uKqVEZejv","2145 80th St, East Elmhurst, NY 11370","1099000","3","Single Family Residence","Pending","https://onekeymls.com/home-details/2145-80th-st-east-elmhurst-ny-11370/e0uKqVEZejv"
"hwIXeuJQW7m","3034 85th St, East Elmhurst, NY 11370","1200000","3","Single Family Residence","Active","https://onekeymls.com/home-details/3034-85th-st-east-elmhurst-ny-11370/hwIXeuJQW7m"
"gTCGXxDAN5v","7611 Ditmars Blvd Unit 2, East Elmhurst, NY 11370","698000","2","Condominium","Active","https://onekeymls.com/home-details/7611-ditmars-blvd-unit-2-east-elmhurst-ny-11370/gTCGXxDAN5v"
"fMzxwjUsEwz","3210 82nd St, East Elmhurst, NY 11370","1049000","","Multi Family","Active","https://onekeymls.com/home-details/3210-82nd-st-east-elmhurst-ny-11370/fMzxwjUsEwz"
"eVkDsUPaaHy","3059 82nd St, East Elmhurst, NY 11370","1088000","3","Duplex","Active","https://onekeymls.com/home-details/3059-82nd-st-east-elmhurst-ny-11370/eVkDsUPaaHy"
"hN5eQQ9yMFz","7612 Ditmars Blvd Unit B3, East Elmhurst, NY 11370","435000","1","Condominium","Pending","https://onekeymls.com/home-details/7612-ditmars-blvd-unit-b3-east-elmhurst-ny-11370/hN5eQQ9yMFz"
"J4sfLeRvNT","7907 24th Ave, East Elmhurst, NY 11370","1248000","3","Duplex","Active","https://onekeymls.com/home-details/7907-24th-ave-east-elmhurst-ny-11370/J4sfLeRvNT"
"gOo3JpC2IPt","2137 76th St, East Elmhurst, NY 11370","1299000","4","Duplex","Active","https://onekeymls.com/home-details/2137-76th-st-east-elmhurst-ny-11370/gOo3JpC2IPt"
"gJL2uDLfmje","3034 71st St, East Elmhurst, NY 11370","1250000","5","Triplex","Active","https://onekeymls.com/home-details/3034-71st-st-east-elmhurst-ny-11370/gJL2uDLfmje"
"hr2MESZNyVC","2239 78th St Unit 3C, East Elmhurst, NY 11370","569000","2","Condominium","Pending","https://onekeymls.com/home-details/2239-78th-st-unit-3c-east-elmhurst-ny-11370/hr2MESZNyVC"
"7hvjzRAtQ29","6089 54th St, Maspeth, NY 11378","1499998","7","Triplex","Active","https://onekeymls.com/home-details/6089-54th-st-maspeth-ny-11378/7hvjzRAtQ29"
"77yAwJfKyRT","5814 58th Ave, Maspeth, NY 11378","999000","6","Duplex","Active","https://onekeymls.com/home-details/5814-58th-ave-maspeth-ny-11378/77yAwJfKyRT"
"27n9mdy5UmO","5958 69th Pl, Maspeth, NY 11378","885000","2","Single Family Residence","Active","https://onekeymls.com/home-details/5958-69th-pl-maspeth-ny-11378/27n9mdy5UmO"
"86d7cBjtNeY","6731 52nd Rd, Maspeth, NY 11378","1099000","4","Single Family Residence","Active","https://onekeymls.com/home-details/6731-52nd-rd-maspeth-ny-11378/86d7cBjtNeY"
"kkz3q8vUSpB","5243 72nd Pl, Maspeth, NY 11378","1980000","6","Duplex","Active","https://onekeymls.com/home-details/5243-72nd-pl-maspeth-ny-11378/kkz3q8vUSpB"
"7NplrY24Yt7","5241 72nd Pl, Maspeth, NY 11378","1980000","6","Duplex","Active","https://onekeymls.com/home-details/5241-72nd-pl-maspeth-ny-11378/7NplrY24Yt7"
"hQWwc7BVgtN","5962 61st St, Maspeth, NY 11378","1398000","6","Duplex","Active","https://onekeymls.com/home-details/5962-61st-st-maspeth-ny-11378/hQWwc7BVgtN"
"iodLYJvvm7g","6016 68th St, Maspeth, NY 11378","1349999","3","Single Family Residence","Active","https://onekeymls.com/home-details/6016-68th-st-maspeth-ny-11378/iodLYJvvm7g"
"fACCdj0ZHhc","6016 69th Ln, Maspeth, NY 11378","1080000","3","Single Family Residence","Active","https://onekeymls.com/home-details/6016-69th-ln-maspeth-ny-11378/fACCdj0ZHhc"
"b36QVjCiKcY","5267 72nd St, Maspeth, NY 11378","1799000","7","Duplex","Active","https://onekeymls.com/home-details/5267-72nd-st-maspeth-ny-11378/b36QVjCiKcY"
"bqTwfDekB7q","6103 Maspeth Ave, Maspeth, NY 11378","1050000","0","Duplex","Active","https://onekeymls.com/home-details/6103-maspeth-ave-maspeth-ny-11378/bqTwfDekB7q"
"2XxfJoP3dB1","6064 54th Pl, Maspeth, NY 11378","1499000","4","Quadruplex","Active","https://onekeymls.com/home-details/6064-54th-pl-maspeth-ny-11378/2XxfJoP3dB1"
"ddTsYdGgV8k","6151 56th Ave, Maspeth, NY 11378","898888","5","Duplex","Active","https://onekeymls.com/home-details/6151-56th-ave-maspeth-ny-11378/ddTsYdGgV8k"
"dIQ1cQSMIQF","6112 56th Dr, Maspeth, NY 11378","775000","3","Duplex","Active","https://onekeymls.com/home-details/6112-56th-dr-maspeth-ny-11378/dIQ1cQSMIQF"
"1WSWwjpVPlx","6114 56th Dr, Maspeth, NY 11378","815000","3","Duplex","Active","https://onekeymls.com/home-details/6114-56th-dr-maspeth-ny-11378/1WSWwjpVPlx"
"jYIpaHsNKM8","5768 Mazeau St, Maspeth, NY 11378","899000","3","Single Family Residence","Active","https://onekeymls.com/home-details/5768-mazeau-st-maspeth-ny-11378/jYIpaHsNKM8"
"4pZVy1WwPeC","5455 65th Pl, Maspeth, NY 11378","850000","0","Duplex","Active","https://onekeymls.com/home-details/5455-65th-pl-maspeth-ny-11378/4pZVy1WwPeC"
"gcHyoMRyHCc","6802 Jay Ave, Maspeth, NY 11378","1360000","0","Duplex","Active","https://onekeymls.com/home-details/6802-jay-ave-maspeth-ny-11378/gcHyoMRyHCc"
"7zmNhCGpVVi","5807 Maspeth Ave, Maspeth, NY 11378","898000","5","Duplex","Active","https://onekeymls.com/home-details/5807-maspeth-ave-maspeth-ny-11378/7zmNhCGpVVi"
"kGA1rpgKm49","6812 60th Rd, Maspeth, NY 11378","649999","2","Single Family Residence","Active","https://onekeymls.com/home-details/6812-60th-rd-maspeth-ny-11378/kGA1rpgKm49"
"fXNqiDwJq1W","5301 62nd St, Maspeth, NY 11378","1088000","4","Duplex","Active","https://onekeymls.com/home-details/5301-62nd-st-maspeth-ny-11378/fXNqiDwJq1W"
"kVLcPVmPFTu","5374 62nd St, Maspeth, NY 11378","888000","2","Single Family Residence","Active","https://onekeymls.com/home-details/5374-62nd-st-maspeth-ny-11378/kVLcPVmPFTu"
"4Ej9IcY3nb","5230 62nd St, Maspeth, NY 11378","1099000","4","Single Family Residence","Active","https://onekeymls.com/home-details/5230-62nd-st-maspeth-ny-11378/4Ej9IcY3nb"
"eT1xKsHbixI","6925 59th Dr, Maspeth, NY 11378","1050000","3","Duplex","Active","https://onekeymls.com/home-details/6925-59th-dr-maspeth-ny-11378/eT1xKsHbixI"
"5SPloVHQYjI","6027 60th St, Maspeth, NY 11378","899000","0","Duplex","Active","https://onekeymls.com/home-details/6027-60th-st-maspeth-ny-11378/5SPloVHQYjI"
"ZoqQvRH2Wd","5536 69th Pl Unit R3, Maspeth, NY 11378","375000","1","Condominium","Active","https://onekeymls.com/home-details/5536-69th-pl-unit-r3-maspeth-ny-11378/ZoqQvRH2Wd"
"eQ0MoLbLwfV","6617 Clinton Ave, Maspeth, NY 11378","1770000","9","Manufactured Home","Active","https://onekeymls.com/home-details/6617-clinton-ave-maspeth-ny-11378/eQ0MoLbLwfV"
"dn7gOsc4DFh","5418 Nurge Ave, Maspeth, NY 11378","799000","5","Duplex","Active","https://onekeymls.com/home-details/5418-nurge-ave-maspeth-ny-11378/dn7gOsc4DFh"
"fdeYcjxvX0I","5286 73rd St, Maspeth, NY 11378","859000","3","Single Family Residence","Pending","https://onekeymls.com/home-details/5286-73rd-st-maspeth-ny-11378/fdeYcjxvX0I"
"15hf6gmhtgt","6033 69th Ln, Maspeth, NY 11378","1385000","3","Single Family Residence","Pending","https://onekeymls.com/home-details/6033-69th-ln-maspeth-ny-11378/15hf6gmhtgt"
"7VnadLVkMt5","6327 72nd St, Middle Village, NY 11379","1089000","3","Single Family Residence","Active","https://onekeymls.com/home-details/6327-72nd-st-middle-village-ny-11379/7VnadLVkMt5"
"9J46Qp83oyz","6423 84th St, Middle Village, NY 11379","1160000","4","Single Family Residence","Active","https://onekeymls.com/home-details/6423-84th-st-middle-village-ny-11379/9J46Qp83oyz"
"47DjwYYag1W","6110 84th St, Middle Village, NY 11379","928888","3","Single Family Residence","Active","https://onekeymls.com/home-details/6110-84th-st-middle-village-ny-11379/47DjwYYag1W"
"3dtKzd8w0SM","8214 60th Rd, Middle Village, NY 11379","829000","3","Single Family Residence","Active","https://onekeymls.com/home-details/8214-60th-rd-middle-village-ny-11379/3dtKzd8w0SM"
"gjrr5WXLw3X","6316 76th St, Middle Village, NY 11379","899999","3","Single Family Residence","Active","https://onekeymls.com/home-details/6316-76th-st-middle-village-ny-11379/gjrr5WXLw3X"
"cpsUhxADsjc","6214 62nd Rd, Middle Village, NY 11379","1199999","4","Duplex","Active","https://onekeymls.com/home-details/6214-62nd-rd-middle-village-ny-11379/cpsUhxADsjc"
"eNWruFTg0IY","6417 Eliot Ave, Middle Village, NY 11379","1225000","4","Duplex","Pending","https://onekeymls.com/home-details/6417-eliot-ave-middle-village-ny-11379/eNWruFTg0IY"
"29UlcQQkldu","7531 Furmanville Ave, Middle Village, NY 11379","988000","3","Single Family Residence","Active","https://onekeymls.com/home-details/7531-furmanville-ave-middle-village-ny-11379/29UlcQQkldu"
"2O12fBcjcbx","6540 79th St, Middle Village, NY 11379","1050000","3","Single Family Residence","Active","https://onekeymls.com/home-details/6540-79th-st-middle-village-ny-11379/2O12fBcjcbx"
"lVawdXLnCc5","7904 Juniper Valley Rd, Middle Village, NY 11379","1359000","4","Duplex","Active","https://onekeymls.com/home-details/7904-juniper-valley-rd-middle-village-ny-11379/lVawdXLnCc5"
"l7mrr3sQhgd","6424 Pleasantview St, Middle Village, NY 11379","829000","2","Single Family Residence","Active","https://onekeymls.com/home-details/6424-pleasantview-st-middle-village-ny-11379/l7mrr3sQhgd"
"aGDN5zSMRwD","6660 69th St, Middle Village, NY 11379","1689999","7","Triplex","Pending","https://onekeymls.com/home-details/6660-69th-st-middle-village-ny-11379/aGDN5zSMRwD"
"13P6DCguBsG","7321 Cook Ave, Middle Village, NY 11379","749999","2","Single Family Residence","Active","https://onekeymls.com/home-details/7321-cook-ave-middle-village-ny-11379/13P6DCguBsG"
"7rXZuUfeaXQ","6145 82nd St, Middle Village, NY 11379","700000","3","Single Family Residence","Active","https://onekeymls.com/home-details/6145-82nd-st-middle-village-ny-11379/7rXZuUfeaXQ"
"amG5U9hNHxf","6530 78th St, Middle Village, NY 11379","898000","3","Single Family Residence","Active","https://onekeymls.com/home-details/6530-78th-st-middle-village-ny-11379/amG5U9hNHxf"
"1fdKt8y8qJK","6911 62nd Dr, Middle Village, NY 11379","743000","3","Single Family Residence","Active","https://onekeymls.com/home-details/6911-62nd-dr-middle-village-ny-11379/1fdKt8y8qJK"
"e2yVLBZZO4z","7618 57th Rd, Middle Village, NY 11379","2280000","8","Duplex","Active","https://onekeymls.com/home-details/7618-57th-rd-middle-village-ny-11379/e2yVLBZZO4z"
"jbFQhxNAR4b","7221 66th Dr, Middle Village, NY 11379","868000","3","Single Family Residence","Pending","https://onekeymls.com/home-details/7221-66th-dr-middle-village-ny-11379/jbFQhxNAR4b"
"dQNwLr1V3ux","6615 Gray St, Middle Village, NY 11379","825000","2","Single Family Residence","Pending","https://onekeymls.com/home-details/6615-gray-st-middle-village-ny-11379/dQNwLr1V3ux"
"gZjSEAJHwKq","6334 83rd Pl, Middle Village, NY 11379","849000","3","Single Family Residence","Pending","https://onekeymls.com/home-details/6334-83rd-pl-middle-village-ny-11379/gZjSEAJHwKq"
"4AAFazLTOuc","6542 Metropolitan Ave, Middle Village, NY 11379","1728000","6","Duplex","Active","https://onekeymls.com/home-details/6542-metropolitan-ave-middle-village-ny-11379/4AAFazLTOuc"
"b2fPoQgoNdC","7215 Juniper Valley Rd, Middle Village, NY 11379","979000","3","Single Family Residence","Active","https://onekeymls.com/home-details/7215-juniper-valley-rd-middle-village-ny-11379/b2fPoQgoNdC"
"dixg6GazUGT","6361 76th St, Middle Village, NY 11379","1188000","3","Single Family Residence","Active","https://onekeymls.com/home-details/6361-76th-st-middle-village-ny-11379/dixg6GazUGT"
"kAz6M99JUf1","5840 80th St, Middle Village, NY 11379","828000","2","Single Family Residence","Active","https://onekeymls.com/home-details/5840-80th-st-middle-village-ny-11379/kAz6M99JUf1"
"4S9ckjFV6SP","6431 Admiral Ave, Middle Village, NY 11379","949000","5","Duplex","Active","https://onekeymls.com/home-details/6431-admiral-ave-middle-village-ny-11379/4S9ckjFV6SP"
"eInzQRvJbm3","6671 74th St, Middle Village, NY 11379","1349000","5","Single Family Residence","Active","https://onekeymls.com/home-details/6671-74th-st-middle-village-ny-11379/eInzQRvJbm3"
"17Y2ZdA4tNf","6602 78th St, Middle Village, NY 11379","1050000","3","Single Family Residence","Active","https://onekeymls.com/home-details/6602-78th-st-middle-village-ny-11379/17Y2ZdA4tNf"
"1CPM6sSegZ8","6953 73rd Pl, Middle Village, NY 11379","894900","3","Single Family Residence","Active","https://onekeymls.com/home-details/6953-73rd-pl-middle-village-ny-11379/1CPM6sSegZ8"
"k0BayjuoBng","7947 68th Rd, Middle Village, NY 11379","975000","2","Duplex","Active","https://onekeymls.com/home-details/7947-68th-rd-middle-village-ny-11379/k0BayjuoBng"
"84YkBprPJmS","8440 63rd Rd, Middle Village, NY 11379","995000","3","Single Family Residence","Pending","https://onekeymls.com/home-details/8440-63rd-rd-middle-village-ny-11379/84YkBprPJmS"
"3tMKNYYSISE","7031 67th Pl, Glendale, NY 11385","1599000","9","Quadruplex","Pending","https://onekeymls.com/home-details/7031-67th-pl-glendale-ny-11385/3tMKNYYSISE"
"dcGfffKL7QH","7837 64th Pl, Glendale, NY 11385","850000","2","Duplex","Active","https://onekeymls.com/home-details/7837-64th-pl-glendale-ny-11385/dcGfffKL7QH"
"8Zs4HlZbefl","1739 Decatur St, Ridgewood, NY 11385","1049000","5","Duplex","Active","https://onekeymls.com/home-details/1739-decatur-st-ridgewood-ny-11385/8Zs4HlZbefl"
"7poZjnND0wB","7358 71st St, Glendale, NY 11385","1128000","5","Duplex","Active","https://onekeymls.com/home-details/7358-71st-st-glendale-ny-11385/7poZjnND0wB"
"aHwbKZTvWdg","7520 64th Pl, Glendale, NY 11385","1100000","6","Duplex","Active","https://onekeymls.com/home-details/7520-64th-pl-glendale-ny-11385/aHwbKZTvWdg"
"eFn0mbQ5KKo","6017 80th Ave, Glendale, NY 11385","969999","5","Duplex","Active","https://onekeymls.com/home-details/6017-80th-ave-glendale-ny-11385/eFn0mbQ5KKo"
"kWEt2In2JZC","7431 64th St, Glendale, NY 11385","849000","3","Single Family Residence","Active","https://onekeymls.com/home-details/7431-64th-st-glendale-ny-11385/kWEt2In2JZC"
"dMxB9SG0wU5","7002 69th St, Glendale, NY 11385","1350000","5","Quadruplex","Coming Soon","https://onekeymls.com/home-details/7002-69th-st-glendale-ny-11385/dMxB9SG0wU5"
"fXijp5PJyOk","6814 60th St, Ridgewood, NY 11385","1198000","5","Duplex","Coming Soon","https://onekeymls.com/home-details/6814-60th-st-ridgewood-ny-11385/fXijp5PJyOk"
"jH1eAbWeipc","7036 70th St, Glendale, NY 11385","1599000","7","Duplex","Active","https://onekeymls.com/home-details/7036-70th-st-glendale-ny-11385/jH1eAbWeipc"
"aR0ZuricvXH","79-35 77th Avenue, Ridgewood, NY 11385","1198000","6","Duplex","Active","https://onekeymls.com/home-details/79-35-77th-avenue-ridgewood-ny-11385/aR0ZuricvXH"
"cmcc9PCMjV3","6069 80th Ave, Glendale, NY 11385","1199000","5","Manufactured Home","Pending","https://onekeymls.com/home-details/6069-80th-ave-glendale-ny-11385/cmcc9PCMjV3"
"7bSAM3nZtUg","7351 70th St, Glendale, NY 11385","1049000","5","Triplex","Pending","https://onekeymls.com/home-details/7351-70th-st-glendale-ny-11385/7bSAM3nZtUg"
"7LHB28Dwjig","71-27 69th Street, Ridgewood, NY 11385","1250000","9","Duplex","Active","https://onekeymls.com/home-details/71-27-69th-street-ridgewood-ny-11385/7LHB28Dwjig"
"icv4S9JCBSE","1719 Woodbine St, Ridgewood, NY 11385","1050000","","Multi Family","Active","https://onekeymls.com/home-details/1719-woodbine-st-ridgewood-ny-11385/icv4S9JCBSE"
"9HzjwULiyeZ","7936 77th Ave, Glendale, NY 11385","899000","5","Duplex","Pending","https://onekeymls.com/home-details/7936-77th-ave-glendale-ny-11385/9HzjwULiyeZ"
"kobL8IfksJp","6419 Myrtle Avenue, Ridgewood, NY 11385","2998000","","Mixed Use","Active","https://onekeymls.com/home-details/6419-myrtle-avenue-ridgewood-ny-11385/kobL8IfksJp"
"4V5ULHa47y3","7764 79th St, Glendale, NY 11385","1599000","5","Triplex","Active","https://onekeymls.com/home-details/7764-79th-st-glendale-ny-11385/4V5ULHa47y3"
"aAFo9ChQX4w","7221 67th Street, Ridgewood, NY 11385","2700000","","Multi Family","Active","https://onekeymls.com/home-details/7221-67th-street-ridgewood-ny-11385/aAFo9ChQX4w"
"hKlEE6Im0uM","1678 Gates Ave, Ridgewood, NY 11385","1150000","","Multi Family","Active","https://onekeymls.com/home-details/1678-gates-ave-ridgewood-ny-11385/hKlEE6Im0uM"
"c4C6YhIkhpw","8835 75th Ave, Glendale, NY 11385","1098000","3","Single Family Residence","Active","https://onekeymls.com/home-details/8835-75th-ave-glendale-ny-11385/c4C6YhIkhpw"
"ibv3bD53J7u","1643 Norman St, Ridgewood, NY 11385","1200000","6","Duplex","Pending","https://onekeymls.com/home-details/1643-norman-st-ridgewood-ny-11385/ibv3bD53J7u"
"a2XoHIx4XwY","8737 Union Tpke, Glendale, NY 11385","1325000","3","Single Family Residence","Active","https://onekeymls.com/home-details/8737-union-tpke-glendale-ny-11385/a2XoHIx4XwY"
"fvOKAoenHB6","5926 Grove St, Ridgewood, NY 11385","1659000","7","Triplex","Active","https://onekeymls.com/home-details/5926-grove-st-ridgewood-ny-11385/fvOKAoenHB6"
"fULwHE4gNpm","6014 Menahan St, Ridgewood, NY 11385","1980000","8","Triplex","Active","https://onekeymls.com/home-details/6014-menahan-st-ridgewood-ny-11385/fULwHE4gNpm"
"lkJZsdLbMSu","6002 68th Rd, Ridgewood, NY 11385","2100000","0","Quadruplex","Active","https://onekeymls.com/home-details/6002-68th-rd-ridgewood-ny-11385/lkJZsdLbMSu"
"BTyDBZAE3i","6937 68th St, Glendale, NY 11385","860000","3","Duplex","Active","https://onekeymls.com/home-details/6937-68th-st-glendale-ny-11385/BTyDBZAE3i"
"8yamycGpOo3","6407 68th Ave, Ridgewood, NY 11385","1765000","5","Duplex","Pending","https://onekeymls.com/home-details/6407-68th-ave-ridgewood-ny-11385/8yamycGpOo3"
"9Ml7YL74shI","5909 71st Ave, Ridgewood, NY 11385","2299000","","Mixed Use","Active","https://onekeymls.com/home-details/5909-71st-ave-ridgewood-ny-11385/9Ml7YL74shI"
"8CIVAONWOiJ","655 Woodward Ave, Ridgewood, NY 11385","1299000","12","Manufactured Home","Active","https://onekeymls.com/home-details/655-woodward-ave-ridgewood-ny-11385/8CIVAONWOiJ"
"c3aScQ7n47s","10242 86th Rd, Richmond Hill, NY 11418","1498000","8","Triplex","Active","https://onekeymls.com/home-details/10242-86th-rd-richmond-hill-ny-11418/c3aScQ7n47s"
"gB3O2liipc8","10418 89th Ave, Richmond Hill, NY 11418","1175000","5","Duplex","Active","https://onekeymls.com/home-details/10418-89th-ave-richmond-hill-ny-11418/gB3O2liipc8"
"k2Dz1PasniM","12615 Jamaica Ave, Richmond Hill, NY 11418","1565000","3","Quadruplex","Active","https://onekeymls.com/home-details/12615-jamaica-ave-richmond-hill-ny-11418/k2Dz1PasniM"
"lblw4i44tLu","8734 132nd St, Richmond Hill, NY 11418","1199000","8","Duplex","Active","https://onekeymls.com/home-details/8734-132nd-st-richmond-hill-ny-11418/lblw4i44tLu"
"99Ye0j4VLJG","8631 131st St, Richmond Hill, NY 11418","949000","4","Duplex","Active","https://onekeymls.com/home-details/8631-131st-st-richmond-hill-ny-11418/99Ye0j4VLJG"
"Pqi9920QHC","10212 85th Rd, Richmond Hill, NY 11418","999000","4","Single Family Residence","Active","https://onekeymls.com/home-details/10212-85th-rd-richmond-hill-ny-11418/Pqi9920QHC"
"lNmidlXbWZq","10238 85th Rd, Richmond Hill, NY 11418","838000","3","Single Family Residence","Active","https://onekeymls.com/home-details/10238-85th-rd-richmond-hill-ny-11418/lNmidlXbWZq"
"cYF7fDfD6Qu","10003 90th Ave, Richmond Hill, NY 11418","1399000","6","Duplex","Active","https://onekeymls.com/home-details/10003-90th-ave-richmond-hill-ny-11418/cYF7fDfD6Qu"
"eFQcvxDmRQc","13119 86th Rd, Richmond Hill, NY 11418","879000","4","Single Family Residence","Active","https://onekeymls.com/home-details/13119-86th-rd-richmond-hill-ny-11418/eFQcvxDmRQc"
"2GqJ36UNbTf","9211 107th St, Richmond Hill, NY 11418","1149000","5","Triplex","Active","https://onekeymls.com/home-details/9211-107th-st-richmond-hill-ny-11418/2GqJ36UNbTf"
"eVRZuKJY3xF","13111 Kew Gardens Rd Unit 4H, Richmond Hill, NY 11418","315000","2","Stock Cooperative","Active","https://onekeymls.com/home-details/13111-kew-gardens-rd-unit-4h-richmond-hill-ny-11418/eVRZuKJY3xF"
"87JB7CKi08E","12404 Jamaica Ave, Richmond Hill, NY 11418","1190000","","Mixed Use","Active","https://onekeymls.com/home-details/12404-jamaica-ave-richmond-hill-ny-11418/87JB7CKi08E"
"d3lsnUG7Are","11525 84th Ave Unit 6K, Richmond Hill, NY 11418","269000","1","Stock Cooperative","Active","https://onekeymls.com/home-details/11525-84th-ave-unit-6k-richmond-hill-ny-11418/d3lsnUG7Are"
"f7bRypCJgHC","8384 116th St Unit 1J, Richmond Hill, NY 11418","388888","2","Stock Cooperative","Active","https://onekeymls.com/home-details/8384-116th-st-unit-1j-richmond-hill-ny-11418/f7bRypCJgHC"
"dweuNKeCF3p","8371 116th St Unit 4B, Kew Gardens, NY 11418","445000","1","Condominium","Active","https://onekeymls.com/home-details/8371-116th-st-unit-4b-kew-gardens-ny-11418/dweuNKeCF3p"
"77zAqMbudqX","10515 Jamaica Avenue, Richmond Hill North, NY 11418","1329000","","Mixed Use","Active","https://onekeymls.com/home-details/10515-jamaica-avenue-richmond-hill-north-ny-11418/77zAqMbudqX"
"2n5QgmZ3GJq","8334 116th St, Kew Gardens, NY 11418","1888000","6","Single Family Residence","Active","https://onekeymls.com/home-details/8334-116th-st-kew-gardens-ny-11418/2n5QgmZ3GJq"
"ggqgHypobsd","83-19 116th Street Unit 1D, Kew Gardens, NY 11418","170000","1","Stock Cooperative","Pending","https://onekeymls.com/home-details/83-19-116th-street-unit-1d-kew-gardens-ny-11418/ggqgHypobsd"
"hWefKC5WWtU","13111 Kew Gardens Rd Unit 5B, Kew Gardens, NY 11418","190000","0","Stock Cooperative","Active","https://onekeymls.com/home-details/13111-kew-gardens-rd-unit-5b-kew-gardens-ny-11418/hWefKC5WWtU"
"cesoym65Tca","10228 Jamaica Ave, Richmond Hill, NY 11418","1798000","","Mixed Use","Active","https://onekeymls.com/home-details/10228-jamaica-ave-richmond-hill-ny-11418/cesoym65Tca"
"jM24XaAtFPx","117-01 Park Lane South Unit C2m, Kew Gardens, NY 11418","549000","2","Stock Cooperative","Active","https://onekeymls.com/home-details/117-01-park-lane-south-unit-c2m-kew-gardens-ny-11418/jM24XaAtFPx"
"hmiyaFuvMKt","8554 106th St, Richmond Hill, NY 11418","999000","5","Duplex","Active","https://onekeymls.com/home-details/8554-106th-st-richmond-hill-ny-11418/hmiyaFuvMKt"
"4lOWdHtagxa","8632 122nd St, Richmond Hill, NY 11418","1100000","6","Duplex","Active","https://onekeymls.com/home-details/8632-122nd-st-richmond-hill-ny-11418/4lOWdHtagxa"
"gf2HOIjPKa0","8564 104th St, Richmond Hill, NY 11418","1200000","6","Single Family Residence","Active","https://onekeymls.com/home-details/8564-104th-st-richmond-hill-ny-11418/gf2HOIjPKa0"
"5AQdVIor0Dv","8910 121st St, Richmond Hill, NY 11418","799000","3","Duplex","Pending","https://onekeymls.com/home-details/8910-121st-st-richmond-hill-ny-11418/5AQdVIor0Dv"
"bUhN6TmqD9W","8536 112th St, Richmond Hill, NY 11418","1068000","6","Triplex","Pending","https://onekeymls.com/home-details/8536-112th-st-richmond-hill-ny-11418/bUhN6TmqD9W"
"5M4aojoKiJ6","108-01 Atlantic Ave, Richmond Hill, NY 11418","9300000","","Retail","Active","https://onekeymls.com/home-details/108-01-atlantic-ave-richmond-hill-ny-11418/5M4aojoKiJ6"
"4ClyJ0HsGOg","8418 108th St, Richmond Hill, NY 11418","1425000","7","Triplex","Pending","https://onekeymls.com/home-details/8418-108th-st-richmond-hill-ny-11418/4ClyJ0HsGOg"
"9wgCZrRqFEr","10244 85th Ave, Richmond Hill, NY 11418","750000","3","Single Family Residence","Pending","https://onekeymls.com/home-details/10244-85th-ave-richmond-hill-ny-11418/9wgCZrRqFEr"
"6vOH37MCdbr","9011 130th St, Richmond Hill, NY 11418","1499000","","Industrial","Active","https://onekeymls.com/home-details/9011-130th-st-richmond-hill-ny-11418/6vOH37MCdbr"
"6RfkFRKPq5b","8407 89th Ave, Woodhaven, NY 11421","900000","4","Duplex","Coming Soon","https://onekeymls.com/home-details/8407-89th-ave-woodhaven-ny-11421/6RfkFRKPq5b"
"jXOhNqc1t46","8520 90th St, Woodhaven, NY 11421","899999","5","Duplex","Active","https://onekeymls.com/home-details/8520-90th-st-woodhaven-ny-11421/jXOhNqc1t46"
"h19hPIY6apH","8065 89th Ave, Woodhaven, NY 11421","1388880","5","Duplex","Active","https://onekeymls.com/home-details/8065-89th-ave-woodhaven-ny-11421/h19hPIY6apH"
"ig0XeNM0wbA","8636 96th St, Woodhaven, NY 11421","698000","4","Single Family Residence","Active","https://onekeymls.com/home-details/8636-96th-st-woodhaven-ny-11421/ig0XeNM0wbA"
"4j1o2SJu9Vs","8816 85th St, Woodhaven, NY 11421","1200000","7","Duplex","Active","https://onekeymls.com/home-details/8816-85th-st-woodhaven-ny-11421/4j1o2SJu9Vs"
"dDWhYnXqdzK","8305 98th St Unit 5B, Woodhaven, NY 11421","177000","1","Stock Cooperative","Active","https://onekeymls.com/home-details/8305-98th-st-unit-5b-woodhaven-ny-11421/dDWhYnXqdzK"
"9cKsca6BXfC","9216 Woodhaven Blvd, Woodhaven, NY 11421","889888","3","Single Family Residence","Pending","https://onekeymls.com/home-details/9216-woodhaven-blvd-woodhaven-ny-11421/9cKsca6BXfC"
"hZKqYLInSXO","8619 79th St, Woodhaven, NY 11421","849000","4","Duplex","Pending","https://onekeymls.com/home-details/8619-79th-st-woodhaven-ny-11421/hZKqYLInSXO"
"6H9354Kzfri","9113 77th St, Woodhaven, NY 11421","1379900","0","Quadruplex","Active","https://onekeymls.com/home-details/9113-77th-st-woodhaven-ny-11421/6H9354Kzfri"
"6jdGrWrFip7","8615 88th Ave, Woodhaven, NY 11421","799888","3","Single Family Residence","Active","https://onekeymls.com/home-details/8615-88th-ave-woodhaven-ny-11421/6jdGrWrFip7"
"8UC0EINw9jq","8325 98th St Unit 5P, Woodhaven, NY 11421","298000","2","Stock Cooperative","Active","https://onekeymls.com/home-details/8325-98th-st-unit-5p-woodhaven-ny-11421/8UC0EINw9jq"
"7pAd49jBdqQ","9114 86th Dr, Woodhaven, NY 11421","1168000","4","Duplex","Active","https://onekeymls.com/home-details/9114-86th-dr-woodhaven-ny-11421/7pAd49jBdqQ"
"5FlcLDnTmnw","8442 88th St, Woodhaven, NY 11421","1399900","4","Duplex","Coming Soon","https://onekeymls.com/home-details/8442-88th-st-woodhaven-ny-11421/5FlcLDnTmnw"
"8NTD7CZJHDa","8909 11/13 Jamaica Ave, Woodhaven, NY 11421","1999999","","Multi Family","Pending","https://onekeymls.com/home-details/8909-1113-jamaica-ave-woodhaven-ny-11421/8NTD7CZJHDa"
"inpmjUNuwZG","8933 96th St, Woodhaven, NY 11421","779000","3","Single Family Residence","Active","https://onekeymls.com/home-details/8933-96th-st-woodhaven-ny-11421/inpmjUNuwZG"
"cWjOojuR8pV","8320 98th St Unit 5D, Woodhaven, NY 11421","229999","2","Stock Cooperative","Active","https://onekeymls.com/home-details/8320-98th-st-unit-5d-woodhaven-ny-11421/cWjOojuR8pV"
"bBjdunfU4ym","8933 91st St, Woodhaven, NY 11421","699000","4","Single Family Residence","Active","https://onekeymls.com/home-details/8933-91st-st-woodhaven-ny-11421/bBjdunfU4ym"
"e756fO3a1xX","8915 86th St, Woodhaven, NY 11421","878888","4","Single Family Residence","Active","https://onekeymls.com/home-details/8915-86th-st-woodhaven-ny-11421/e756fO3a1xX"
"2C1fxpm2WYi","9703 Jamaica Ave, Jamaica, NY 11421","699000","2","Duplex","Active","https://onekeymls.com/home-details/9703-jamaica-ave-jamaica-ny-11421/2C1fxpm2WYi"
"hefJJsVabIM","8050 88th Rd, Woodhaven, NY 11421","829000","4","Single Family Residence","Active","https://onekeymls.com/home-details/8050-88th-rd-woodhaven-ny-11421/hefJJsVabIM"
"2fRGhgTbwzj","8385 Woodhaven Blvd Unit 3R, Woodhaven, NY 11421","289000","2","Stock Cooperative","Active","https://onekeymls.com/home-details/8385-woodhaven-blvd-unit-3r-woodhaven-ny-11421/2fRGhgTbwzj"
"4BNm7qqMElC","8375 Woodhaven Blvd Unit 1, Woodhaven, NY 11421","310000","2","Stock Cooperative","Active","https://onekeymls.com/home-details/8375-woodhaven-blvd-unit-1-woodhaven-ny-11421/4BNm7qqMElC"
"6JrmrnBiEsz","9116 91st Ave, Woodhaven, NY 11421","599000","3","Single Family Residence","Active","https://onekeymls.com/home-details/9116-91st-ave-woodhaven-ny-11421/6JrmrnBiEsz"
"i2GW9my3CFD","8540 79th St, Woodhaven, NY 11421","799000","5","Single Family Residence","Active","https://onekeymls.com/home-details/8540-79th-st-woodhaven-ny-11421/i2GW9my3CFD"
"dcNww22gT8L","85-19 91st Street, Woodhaven, NY 11421","1358000","0","Duplex","Active","https://onekeymls.com/home-details/85-19-91st-street-woodhaven-ny-11421/dcNww22gT8L"
"65MfOEkD7Im","8765 95th St, Woodhaven, NY 11421","1499000","0","Duplex","Active","https://onekeymls.com/home-details/8765-95th-st-woodhaven-ny-11421/65MfOEkD7Im"
"kM1Lxc0lxc6","8330 98th St Unit 1H, Woodhaven, NY 11421","420000","2","Stock Cooperative","Active","https://onekeymls.com/home-details/8330-98th-st-unit-1h-woodhaven-ny-11421/kM1Lxc0lxc6"
"6fpZw91YOZu","8058 88th Rd, Woodhaven, NY 11421","669000","3","Single Family Residence","Pending","https://onekeymls.com/home-details/8058-88th-rd-woodhaven-ny-11421/6fpZw91YOZu"
"aaAXq4DqKkZ","9153 96th St, Woodhaven, NY 11421","849000","3","Single Family Residence","Active","https://onekeymls.com/home-details/9153-96th-st-woodhaven-ny-11421/aaAXq4DqKkZ"
"1tZf1S0nouH","9101 80th St, Woodhaven, NY 11421","1750000","6","Duplex","Active","https://onekeymls.com/home-details/9101-80th-st-woodhaven-ny-11421/1tZf1S0nouH"
"8HH3G2jH8N2","17629 80th Dr, Jamaica, NY 11432","1950000","5","Single Family Residence","Active","https://onekeymls.com/home-details/17629-80th-dr-jamaica-ny-11432/8HH3G2jH8N2"
"bJNEq9ydWRS","88-20 Parson Blvd Unit 5H, Jamaica, NY 11432","590000","2","Condominium","Active","https://onekeymls.com/home-details/88-20-parson-blvd-unit-5h-jamaica-ny-11432/bJNEq9ydWRS"
"6Tk5BPxoiEi","8900 170th St Unit 7D, Jamaica, NY 11432","245000","2","Stock Cooperative","Active","https://onekeymls.com/home-details/8900-170th-st-unit-7d-jamaica-ny-11432/6Tk5BPxoiEi"
"eZ9TLNKAFMM","89-00 170 Street Unit 5E, Jamaica Hills, NY 11432","130990","1","Stock Cooperative","Active","https://onekeymls.com/home-details/89-00-170-street-unit-5e-jamaica-hills-ny-11432/eZ9TLNKAFMM"
"cFkJinLIGSS","80-15B 168th Street, Jamaica Estates, NY 11432","1238888","5","Single Family Residence","Active","https://onekeymls.com/home-details/80-15b-168th-street-jamaica-estates-ny-11432/cFkJinLIGSS"
"baJUK0M1xzm","17225A 91st Ave, Jamaica, NY 11432","1349000","8","Triplex","Active","https://onekeymls.com/home-details/17225a-91st-ave-jamaica-ny-11432/baJUK0M1xzm"
"aDsw8UhidaC","186-32 Avon Road, Jamaica Estates, NY 11432","1970000","6","Single Family Residence","Active","https://onekeymls.com/home-details/186-32-avon-road-jamaica-estates-ny-11432/aDsw8UhidaC"
"HL2BtF0VAJ","84-50 169th Street Unit 607, Jamaica Hills, NY 11432","319000","2","Stock Cooperative","Active","https://onekeymls.com/home-details/84-50-169th-street-unit-607-jamaica-hills-ny-11432/HL2BtF0VAJ"
"4QiBW0uFpYY","172-70 Highland Avenue Unit 3M, Jamaica Estates, NY 11432","199000","1","Stock Cooperative","Coming Soon","https://onekeymls.com/home-details/172-70-highland-avenue-unit-3m-jamaica-estates-ny-11432/4QiBW0uFpYY"
"bLf1qvMK8un","84-49 168th Street Unit 2V, Jamaica Hills, NY 11432","180000","1","Stock Cooperative","Pending","https://onekeymls.com/home-details/84-49-168th-street-unit-2v-jamaica-hills-ny-11432/bLf1qvMK8un"
"23S4gjXXVtX","9225 176th St, Jamaica, NY 11433","1200000","6","Duplex","Pending","https://onekeymls.com/home-details/9225-176th-st-jamaica-ny-11433/23S4gjXXVtX"
"8LTWo79rbK8","8900 170th St Unit 3J, Jamaica, NY 11432","189900","1","Stock Cooperative","Active","https://onekeymls.com/home-details/8900-170th-st-unit-3j-jamaica-ny-11432/8LTWo79rbK8"
"gUPqzdTDHHt","84-50 169th Street Unit 410, Jamaica Hills, NY 11432","189000","1","Stock Cooperative","Active","https://onekeymls.com/home-details/84-50-169th-street-unit-410-jamaica-hills-ny-11432/gUPqzdTDHHt"
"gp044II4cEN","17045 83rd Ave, Jamaica, NY 11432","1099000","4","Single Family Residence","Active","https://onekeymls.com/home-details/17045-83rd-ave-jamaica-ny-11432/gp044II4cEN"
"2ZsH91Y909l","8654 Somerset Street, Jamaica Estates, NY 11432","1325000","3","Single Family Residence","Pending","https://onekeymls.com/home-details/8654-somerset-street-jamaica-estates-ny-11432/2ZsH91Y909l"
"1iEsv1RuaOW","8717 160th St, Jamaica, NY 11432","1199999","7","Duplex","Pending","https://onekeymls.com/home-details/8717-160th-st-jamaica-ny-11432/1iEsv1RuaOW"
"1yjHIZBXi22","84-49 168th St Unit 2K, Jamaica Estates, NY 11432","175000","1","Stock Cooperative","Active","https://onekeymls.com/home-details/84-49-168th-st-unit-2k-jamaica-estates-ny-11432/1yjHIZBXi22"
"cUSXiZwbl2m","9022 161st St, Jamaica, NY 11432","2498000","0","Triplex","Active","https://onekeymls.com/home-details/9022-161st-st-jamaica-ny-11432/cUSXiZwbl2m"
"f3h72A6Hndy","17524 89th Ave Unit C, Jamaica, NY 11432","469000","2","Condominium","Active","https://onekeymls.com/home-details/17524-89th-ave-unit-c-jamaica-ny-11432/f3h72A6Hndy"
"iq2Kh1kslDe","182-25 Wexford Terrace Unit 410, Jamaica Estates, NY 11432","248000","1","Stock Cooperative","Active","https://onekeymls.com/home-details/182-25-wexford-terrace-unit-410-jamaica-estates-ny-11432/iq2Kh1kslDe"
"9BKaLA6Kt7g","164-20 85th Avenue, Jamaica Hills, NY 11432","2690000","10","Duplex","Active","https://onekeymls.com/home-details/164-20-85th-avenue-jamaica-hills-ny-11432/9BKaLA6Kt7g"
"fYIgmYSid2J","84-50 169th Street Unit 508, Jamaica Hills, NY 11432","235000","1","Stock Cooperative","Active","https://onekeymls.com/home-details/84-50-169th-street-unit-508-jamaica-hills-ny-11432/fYIgmYSid2J"
"cVOjGOikbTe","88-20 Parsons Unit 6D, Jamaica, NY 11432","650000","2","Condominium","Active","https://onekeymls.com/home-details/88-20-parsons-unit-6d-jamaica-ny-11432/cVOjGOikbTe"
"fJcxca1Dv1v","8366 Charlecote Ridge, Jamaica Estates, NY 11432","2278888","3","Single Family Residence","Active","https://onekeymls.com/home-details/8366-charlecote-ridge-jamaica-estates-ny-11432/fJcxca1Dv1v"
"cELFUY55W1","170-12 Highland Avenue Unit 304, Jamaica Estates, NY 11432","518888","2","Condominium","Active","https://onekeymls.com/home-details/170-12-highland-avenue-unit-304-jamaica-estates-ny-11432/cELFUY55W1"
"8dNBfMA7IoE","17528 89th Ave Unit C, Jamaica, NY 11432","349900","2","Condominium","Active","https://onekeymls.com/home-details/17528-89th-ave-unit-c-jamaica-ny-11432/8dNBfMA7IoE"
"hJ7UNf04S7E","87-67 Chevy Chase Street, Jamaica Estates, NY 11432","1599000","4","Single Family Residence","Active","https://onekeymls.com/home-details/87-67-chevy-chase-street-jamaica-estates-ny-11432/hJ7UNf04S7E"
"1rJ4nVaYctr","8900 170th St Unit 7C, Jamaica, NY 11432","125000","0","Stock Cooperative","Active","https://onekeymls.com/home-details/8900-170th-st-unit-7c-jamaica-ny-11432/1rJ4nVaYctr"
"dtMX6GxQJ77","150-29 86th Avenue, Briarwood, NY 11432","1399000","6","Duplex","Pending","https://onekeymls.com/home-details/150-29-86th-avenue-briarwood-ny-11432/dtMX6GxQJ77"
"dmkiGkJAQ3C","80-15 164th Street, Fresh Meadows, NY 11432","12900000","","Office","Active","https://onekeymls.com/home-details/80-15-164th-street-fresh-meadows-ny-11432/dmkiGkJAQ3C"
"aO0ga9XBX1q","14116 84th Dr Unit 3D, Briarwood, NY 11435","439999","1","Condominium","Active","https://onekeymls.com/home-details/14116-84th-dr-unit-3d-briarwood-ny-11435/aO0ga9XBX1q"
"bwPjJcK7FoZ","13817 102nd Ave, Jamaica, NY 11435","775000","4","Single Family Residence","Active","https://onekeymls.com/home-details/13817-102nd-ave-jamaica-ny-11435/bwPjJcK7FoZ"
"hI2gsU1fwAr","14116 84th Dr Unit 4B, Briarwood, NY 11435","479000","2","Condominium","Active","https://onekeymls.com/home-details/14116-84th-dr-unit-4b-briarwood-ny-11435/hI2gsU1fwAr"
"jzjsewcf7up","144-15 Village Unit 3gc, Briarwood, NY 11435","239000","1","Stock Cooperative","Active","https://onekeymls.com/home-details/144-15-village-unit-3gc-briarwood-ny-11435/jzjsewcf7up"
"IUy8NMWPnO","8401 Main St Unit 207, Briarwood, NY 11435","239000","1","Stock Cooperative","Active","https://onekeymls.com/home-details/8401-main-st-unit-207-briarwood-ny-11435/IUy8NMWPnO"
"fClGjA2YXTk","8515 Main St Unit 12J, Briarwood, NY 11435","488888","4","Stock Cooperative","Active","https://onekeymls.com/home-details/8515-main-st-unit-12j-briarwood-ny-11435/fClGjA2YXTk"
"5uvyig0yIRx","85-15 Main Street Unit 12B, Briarwood, NY 11435","148888","0","Stock Cooperative","Active","https://onekeymls.com/home-details/85-15-main-street-unit-12b-briarwood-ny-11435/5uvyig0yIRx"
"8VgDEaYysRi","8401 Main St Unit 618, Briarwood, NY 11435","275000","1","Stock Cooperative","Active","https://onekeymls.com/home-details/8401-main-st-unit-618-briarwood-ny-11435/8VgDEaYysRi"
"heOUN9gF9sz","80-14 150th Unit 25D, Jamaica, NY 11435","399900","2","Stock Cooperative","Active","https://onekeymls.com/home-details/80-14-150th-unit-25d-jamaica-ny-11435/heOUN9gF9sz"
"juQ3E4EwE7Y","8239 134th St Unit 1H, Briarwood, NY 11435","155000","1","Stock Cooperative","Pending","https://onekeymls.com/home-details/8239-134th-st-unit-1h-briarwood-ny-11435/juQ3E4EwE7Y"
"lFaVKDd9bQz","14547 109th Ave, Jamaica, NY 11435","1319000","7","Duplex","Pending","https://onekeymls.com/home-details/14547-109th-ave-jamaica-ny-11435/lFaVKDd9bQz"
"gZb6ptkN7d8","8560 143rd St, Briarwood, NY 11435","1150000","6","Single Family Residence","Pending","https://onekeymls.com/home-details/8560-143rd-st-briarwood-ny-11435/gZb6ptkN7d8"
"782XO82qS22","8515 Main St Unit 4I, Briarwood, NY 11435","549888","3","Stock Cooperative","Active","https://onekeymls.com/home-details/8515-main-st-unit-4i-briarwood-ny-11435/782XO82qS22"
"xvqDfrLtjz","14318 84th Ave, Briarwood, NY 11435","1700000","6","Duplex","Active","https://onekeymls.com/home-details/14318-84th-ave-briarwood-ny-11435/xvqDfrLtjz"
"aKwXCK8Y8gQ","14123 Hoover Ave, Briarwood, NY 11435","1349000","3","Single Family Residence","Active","https://onekeymls.com/home-details/14123-hoover-ave-briarwood-ny-11435/aKwXCK8Y8gQ"
"hrwhK53ghyH","10914 142nd St, Jamaica, NY 11435","1100000","0","Duplex","Active","https://onekeymls.com/home-details/10914-142nd-st-jamaica-ny-11435/hrwhK53ghyH"
"fupwrSYle6K","8515 Main St Unit 9B, Briarwood, NY 11435","159000","0","Stock Cooperative","Active","https://onekeymls.com/home-details/8515-main-st-unit-9b-briarwood-ny-11435/fupwrSYle6K"
"cgyUcvHuQwq","14235 84th Dr Unit 2K, Jamaica, NY 11435","310000","2","Stock Cooperative","Active","https://onekeymls.com/home-details/14235-84th-dr-unit-2k-jamaica-ny-11435/cgyUcvHuQwq"
"3iJ9QTfM2By","14341 84th Dr Unit 6E, Briarwood, NY 11435","488000","1","Condominium","Active","https://onekeymls.com/home-details/14341-84th-dr-unit-6e-briarwood-ny-11435/3iJ9QTfM2By"
"aS3bKFDSKgC","10741 Sutphin Boulevard, Jamaica South, NY 11435","990000","5","Duplex","Active","https://onekeymls.com/home-details/10741-sutphin-boulevard-jamaica-south-ny-11435/aS3bKFDSKgC"
"cRz4RsVTQt","14341 84th Dr Unit 1A, Briarwood, NY 11435","379999","1","Condominium","Active","https://onekeymls.com/home-details/14341-84th-dr-unit-1a-briarwood-ny-11435/cRz4RsVTQt"
"58NLgr54vA4","13909 84th Dr Unit 307, Briarwood, NY 11435","220000","1","Stock Cooperative","Active","https://onekeymls.com/home-details/13909-84th-dr-unit-307-briarwood-ny-11435/58NLgr54vA4"
"1knjZmXYUj5","13915 83rd Ave Unit 117, Briarwood, NY 11435","295000","1","Stock Cooperative","Active","https://onekeymls.com/home-details/13915-83rd-ave-unit-117-briarwood-ny-11435/1knjZmXYUj5"
"3RolsIKRdGZ","141-05 Pershing Crescent Unit 202, Briarwood, NY 11435","244500","1","Stock Cooperative","Active","https://onekeymls.com/home-details/141-05-pershing-crescent-unit-202-briarwood-ny-11435/3RolsIKRdGZ"
"aDPbF9mXUAx","14018 Burden Cres Unit 305, Briarwood, NY 11435","218000","1","Stock Cooperative","Active","https://onekeymls.com/home-details/14018-burden-cres-unit-305-briarwood-ny-11435/aDPbF9mXUAx"
"8NzWtPjcExw","14103 Hoover Ave, Briarwood, NY 11435","999999","3","Single Family Residence","Active","https://onekeymls.com/home-details/14103-hoover-ave-briarwood-ny-11435/8NzWtPjcExw"
"kWUET7y9GOT","8311 139th St Unit 4, Briarwood, NY 11435","239900","1","Stock Cooperative","Active","https://onekeymls.com/home-details/8311-139th-st-unit-4-briarwood-ny-11435/kWUET7y9GOT"
"9Mfr1GaB9iq","8515 Main St Unit 5F, Jamaica, NY 11435","299000","1","Stock Cooperative","Active","https://onekeymls.com/home-details/8515-main-st-unit-5f-jamaica-ny-11435/9Mfr1GaB9iq"
"k4dUoAvohVN","14728 Charter Rd Unit 33ga, Briarwood, NY 11435","419000","2","Stock Cooperative","Active","https://onekeymls.com/home-details/14728-charter-rd-unit-33ga-briarwood-ny-11435/k4dUoAvohVN"
"hGWIN2YhqtE","14537 105th Ave, Jamaica, NY 11435","1199999","6","Duplex","Pending","https://onekeymls.com/home-details/14537-105th-ave-jamaica-ny-11435/hGWIN2YhqtE"
"bkm3VxbrbKW","75 Columbia St Unit 5A, Brooklyn, NY 11201","1995000","3","Condominium","Pending","https://onekeymls.com/home-details/75-columbia-st-unit-5a-brooklyn-ny-11201/bkm3VxbrbKW"
"jogpmKfhAyr","167 Sands St Unit 307, Brooklyn, NY 11201","389000","1","Stock Cooperative","Active","https://onekeymls.com/home-details/167-sands-st-unit-307-brooklyn-ny-11201/jogpmKfhAyr"
"4LXuMAx1ibl","120 Bergen Street N Unit 5, Brooklyn, NY 11201","750000","2","Stock Cooperative","Active","https://onekeymls.com/home-details/120-bergen-street-n-unit-5-brooklyn-ny-11201/4LXuMAx1ibl"
"lrlG2DFQxL3","225 Adams Street Unit H-1, Brooklyn, NY 11201","728000","2","Stock Cooperative","Active","https://onekeymls.com/home-details/225-adams-street-unit-h-1-brooklyn-ny-11201/lrlG2DFQxL3"
"j2eQsiYXHnL","138 Willoughby St Unit 48A, Brooklyn, NY 11201","2295000","2","Condominium","Active","https://onekeymls.com/home-details/138-willoughby-st-unit-48a-brooklyn-ny-11201/j2eQsiYXHnL"
"2dxsUE1syjI","1 City Pt Unit 53C, Brooklyn, NY 11201","2468280","2","Condominium","Pending","https://onekeymls.com/home-details/1-city-pt-unit-53c-brooklyn-ny-11201/2dxsUE1syjI"
"6Vg06L3bNGV","1 City Pt Unit 45C, Brooklyn, NY 11201","2227000","2","Condominium","Pending","https://onekeymls.com/home-details/1-city-pt-unit-45c-brooklyn-ny-11201/6Vg06L3bNGV"
"9qPIqZL7F6r","1 City Pt Unit 23E, Brooklyn, NY 11201","2132610","2","Condominium","Pending","https://onekeymls.com/home-details/1-city-pt-unit-23e-brooklyn-ny-11201/9qPIqZL7F6r"
"45McodgmMAt","167 Sands St Unit 406, Brooklyn, NY 11201","450000","1","Stock Cooperative","Active","https://onekeymls.com/home-details/167-sands-st-unit-406-brooklyn-ny-11201/45McodgmMAt"
"8EwOOw5KKZm","167 Sands St Unit 506, Brooklyn, NY 11201","420000","1","Stock Cooperative","Active","https://onekeymls.com/home-details/167-sands-st-unit-506-brooklyn-ny-11201/8EwOOw5KKZm"
"3nAJneeT3RZ","100 Jay St Unit 28B, Brooklyn, NY 11201","1185000","1","Condominium","Pending","https://onekeymls.com/home-details/100-jay-st-unit-28b-brooklyn-ny-11201/3nAJneeT3RZ"
"jQvUNjupJHc","1 City Pt Unit 16D, Brooklyn, NY 11201","1299888","1","Condominium","Active","https://onekeymls.com/home-details/1-city-pt-unit-16d-brooklyn-ny-11201/jQvUNjupJHc"
"5ttDJSLz2vJ","11 Hoyt St Unit 36H, Brooklyn, NY 11201","880000","0","Condominium","Active","https://onekeymls.com/home-details/11-hoyt-st-unit-36h-brooklyn-ny-11201/5ttDJSLz2vJ"
"9U2fQKm3KCC","1 City Pt Unit 15E, Brooklyn, NY 11201","1995000","2","Condominium","Active","https://onekeymls.com/home-details/1-city-pt-unit-15e-brooklyn-ny-11201/9U2fQKm3KCC"
"21JZNBvjyzD","15 Evans St, Brooklyn, NY 11201","2800000","6","Duplex","Active","https://onekeymls.com/home-details/15-evans-st-brooklyn-ny-11201/21JZNBvjyzD"
"4KYLRiT5Nxd","110 Livingston St Unit 11N, Brooklyn, NY 11201","760000","0","Condominium","Active","https://onekeymls.com/home-details/110-livingston-st-unit-11n-brooklyn-ny-11201/4KYLRiT5Nxd"
"5hdRt99hOJV","1 City Pt Unit 41E, Brooklyn, NY 11201","2750000","3","Condominium","Active","https://onekeymls.com/home-details/1-city-pt-unit-41e-brooklyn-ny-11201/5hdRt99hOJV"
"ce52PF0p9N3","10 Nevins St Unit 12I, Brooklyn, NY 11217","595000","0","Condominium","Active","https://onekeymls.com/home-details/10-nevins-st-unit-12i-brooklyn-ny-11217/ce52PF0p9N3"
"2jpGcnZDTmx","85 Livingston St Unit 8O, Brooklyn, NY 11201","350000","1","Stock Cooperative","Active","https://onekeymls.com/home-details/85-livingston-st-unit-8o-brooklyn-ny-11201/2jpGcnZDTmx"
"jaf32IY89em","47 Bridge St Unit 6B, Brooklyn, NY 11201","1695000","2","Condominium","Active","https://onekeymls.com/home-details/47-bridge-st-unit-6b-brooklyn-ny-11201/jaf32IY89em"
"kpKoTWwWIfe","50 Bridge Park Dr Unit 22C, Brooklyn, NY 11201","3595000","3","Condominium","Active","https://onekeymls.com/home-details/50-bridge-park-dr-unit-22c-brooklyn-ny-11201/kpKoTWwWIfe"
"gV7V7qupK5w","91 Hudson Ave, Brooklyn, NY 11201","3750000","9","Triplex","Active","https://onekeymls.com/home-details/91-hudson-ave-brooklyn-ny-11201/gV7V7qupK5w"
"9hg3jSTqNL3","Undisclosed Address, Brooklyn, NY 11201","1390000","1","Condominium","Active","https://onekeymls.com/home-details/undisclosed-address-brooklyn-ny-11201/9hg3jSTqNL3"
"9Xoa3ob3EBQ","167 Sands St Unit 218, Brooklyn, NY 11201","380000","2","Stock Cooperative","Pending","https://onekeymls.com/home-details/167-sands-st-unit-218-brooklyn-ny-11201/9Xoa3ob3EBQ"
"ferI46BV1j6","1 City Pt Unit 31E, Brooklyn, NY 11201","2117394","2","Condominium","Active","https://onekeymls.com/home-details/1-city-pt-unit-31e-brooklyn-ny-11201/ferI46BV1j6"
"6zO2S1YY039","50 Bridge Park Dr Unit 25A, Brooklyn, NY 11201","5750000","4","Condominium","Active","https://onekeymls.com/home-details/50-bridge-park-dr-unit-25a-brooklyn-ny-11201/6zO2S1YY039"
"hvUlpJcDa66","365 Bridge St Unit 14D, Brooklyn, NY 11201","1675000","2","Condominium","Active","https://onekeymls.com/home-details/365-bridge-st-unit-14d-brooklyn-ny-11201/hvUlpJcDa66"
"wm55O0Tkgq","1 City Pt Unit 59E, Brooklyn, NY 11201","3100000","3","Condominium","Active","https://onekeymls.com/home-details/1-city-pt-unit-59e-brooklyn-ny-11201/wm55O0Tkgq"
"kzEhbjwxM97","225 Adams St Unit 7E, Brooklyn, NY 11201","348000","1","Stock Cooperative","Active","https://onekeymls.com/home-details/225-adams-st-unit-7e-brooklyn-ny-11201/kzEhbjwxM97"
"9ofdmgKunu0","44 Remsen St Unit 1/2, Brooklyn, NY 11201","1650000","2","Stock Cooperative","Active","https://onekeymls.com/home-details/44-remsen-st-unit-12-brooklyn-ny-11201/9ofdmgKunu0"
"7oFMzmyjlu4","904 Bedford Ave Unit 1A, Brooklyn, NY 11205","1450000","5","Condominium","Pending","https://onekeymls.com/home-details/904-bedford-ave-unit-1a-brooklyn-ny-11205/7oFMzmyjlu4"
"itBL9mjjR2F","91 Grand Ave Unit 4D, Brooklyn, NY 11205","998895","1","Condominium","Active","https://onekeymls.com/home-details/91-grand-ave-unit-4d-brooklyn-ny-11205/itBL9mjjR2F"
"7mzism469zl","185 Hall St Unit 1010, Brooklyn, NY 11205","575000","1","Stock Cooperative","Active","https://onekeymls.com/home-details/185-hall-st-unit-1010-brooklyn-ny-11205/7mzism469zl"
"8gsnuwZtfn6","195 Willoughby Ave Unit 1708, Brooklyn, NY 11205","599000","1","Stock Cooperative","Pending","https://onekeymls.com/home-details/195-willoughby-ave-unit-1708-brooklyn-ny-11205/8gsnuwZtfn6"
"l2sAOlpVYMt","102 Walworth St, Brooklyn, NY 11205","4350000","","","Active","https://onekeymls.com/home-details/102-walworth-st-brooklyn-ny-11205/l2sAOlpVYMt"
"kDmJGItJykP","185 Hall St Unit 1717, Brooklyn, NY 11205","348888","0","Stock Cooperative","Pending","https://onekeymls.com/home-details/185-hall-st-unit-1717-brooklyn-ny-11205/kDmJGItJykP"
"5JtAhqvNiPp","140 Clinton Ave, Brooklyn, NY 11205","5500000","6","Single Family Residence","Active","https://onekeymls.com/home-details/140-clinton-ave-brooklyn-ny-11205/5JtAhqvNiPp"
"bYcMiwEa5eY","304 Waverly Ave, Brooklyn, NY 11205","2875000","2","Single Family Residence","Pending","https://onekeymls.com/home-details/304-waverly-ave-brooklyn-ny-11205/bYcMiwEa5eY"
"d43MyGVmMqv","75 Stagg St, Brooklyn, NY 11206","1650000","","Industrial","Active","https://onekeymls.com/home-details/75-stagg-st-brooklyn-ny-11206/d43MyGVmMqv"
"LcnfL5hWiy","233 Vernon Ave, Brooklyn, NY 11206","2900000","5","Manufactured On Land","Active","https://onekeymls.com/home-details/233-vernon-ave-brooklyn-ny-11206/LcnfL5hWiy"
"j18pj6lsYbZ","100 Scholes St Unit 3A, Brooklyn, NY 11206","1025000","1","Condominium","Active","https://onekeymls.com/home-details/100-scholes-st-unit-3a-brooklyn-ny-11206/j18pj6lsYbZ"
"FMhqFMlFfW","251 Graham Ave, Brooklyn, NY 11206","1200000","2","Duplex","Active","https://onekeymls.com/home-details/251-graham-ave-brooklyn-ny-11206/FMhqFMlFfW"
"hkmULGwyrWE","376 Vernon Ave Unit 3A, Brooklyn, NY 11206","1252790","4","Condominium","Pending","https://onekeymls.com/home-details/376-vernon-ave-unit-3a-brooklyn-ny-11206/hkmULGwyrWE"
"hJlyA78XPHo","4 Hart St, Brooklyn, NY 11206","2450000","0","Single Family Residence","Active","https://onekeymls.com/home-details/4-hart-st-brooklyn-ny-11206/hJlyA78XPHo"
"ilSfDQTJ7zk","590 Marcy Ave, Brooklyn, NY 11206","2800000","6","Single Family Residence","Active","https://onekeymls.com/home-details/590-marcy-ave-brooklyn-ny-11206/ilSfDQTJ7zk"
"erMHlZSUfhB","71 Montrose Ave, Brooklyn, NY 11206","5500000","","Industrial","Active","https://onekeymls.com/home-details/71-montrose-ave-brooklyn-ny-11206/erMHlZSUfhB"
"iKRvUGMkihv","25 Meserole St Unit 3R, Brooklyn, NY 11206","650000","1","Condominium","Pending","https://onekeymls.com/home-details/25-meserole-st-unit-3r-brooklyn-ny-11206/iKRvUGMkihv"
"df9KQN73J4A","139 Evergreen Ave, Brooklyn, NY 11206","1749000","8","Triplex","Pending","https://onekeymls.com/home-details/139-evergreen-ave-brooklyn-ny-11206/df9KQN73J4A"
"aDUwDrCyRXp","443 Bushwick Ave, Brooklyn, NY 11206","1775000","","Multi Family","Active","https://onekeymls.com/home-details/443-bushwick-ave-brooklyn-ny-11206/aDUwDrCyRXp"
"99XvYyJysG8","493 Marcy Ave, Brooklyn, NY 11206","1999000","9","Single Family Residence","Active","https://onekeymls.com/home-details/493-marcy-ave-brooklyn-ny-11206/99XvYyJysG8"
"cFLp8TOBTYW","147 Manhattan Ave, Brooklyn, NY 11206","740000","","Retail","Active","https://onekeymls.com/home-details/147-manhattan-ave-brooklyn-ny-11206/cFLp8TOBTYW"
"l5ZquXUQdp1","100 Scholes St Unit 2B, Brooklyn, NY 11206","955000","1","Condominium","Active","https://onekeymls.com/home-details/100-scholes-st-unit-2b-brooklyn-ny-11206/l5ZquXUQdp1"
"4PLPVT8E4QC","100 Scholes St Unit 1B, Brooklyn, NY 11206","1649000","1","Condominium","Active","https://onekeymls.com/home-details/100-scholes-st-unit-1b-brooklyn-ny-11206/4PLPVT8E4QC"
"75shHWnj9df","100 Scholes St Unit 4B, Brooklyn, NY 11206","1325000","2","Condominium","Active","https://onekeymls.com/home-details/100-scholes-st-unit-4b-brooklyn-ny-11206/75shHWnj9df"
"lYeAPIQIbP6","555 Flushing Ave Unit 7L, Brooklyn, NY 11206","1750000","4","Condominium","Active","https://onekeymls.com/home-details/555-flushing-ave-unit-7l-brooklyn-ny-11206/lYeAPIQIbP6"
"7F2pYHcPjIj","504 Willoughby Ave, Brooklyn, NY 11206","2500000","0","Quadruplex","Active","https://onekeymls.com/home-details/504-willoughby-ave-brooklyn-ny-11206/7F2pYHcPjIj"
"jtb0qzFhLph","87 Graham Ave, Brooklyn, NY 11206","9999999","","Multi Family","Active","https://onekeymls.com/home-details/87-graham-ave-brooklyn-ny-11206/jtb0qzFhLph"
"1uoLxKPAOzh","66 Moore St, Brooklyn, NY 11206","2690000","","Mixed Use","Active","https://onekeymls.com/home-details/66-moore-st-brooklyn-ny-11206/1uoLxKPAOzh"
"3xqYKuTYLjH","57 Lorimer St Unit 1A, Brooklyn, NY 11206","1844999","5","Condominium","Pending","https://onekeymls.com/home-details/57-lorimer-st-unit-1a-brooklyn-ny-11206/3xqYKuTYLjH"
"qZXV1iy8OW","274 Wallabout St Unit 7B, Brooklyn, NY 11206","1200000","3","Condominium","Pending","https://onekeymls.com/home-details/274-wallabout-st-unit-7b-brooklyn-ny-11206/qZXV1iy8OW"
"4gWlm9OHEK0","327 Vernon Ave, Brooklyn, NY 11206","1025000","","Multi Family","Pending","https://onekeymls.com/home-details/327-vernon-ave-brooklyn-ny-11206/4gWlm9OHEK0"
"2STrMLXHNtL","141 Marcus Garvey Blvd, Brooklyn, NY 11206","1399000","4","Triplex","Pending","https://onekeymls.com/home-details/141-marcus-garvey-blvd-brooklyn-ny-11206/2STrMLXHNtL"
"gFtieAnkw81","206 Montrose Ave Unit 3A, Brooklyn, NY 11206","765000","1","Condominium","Pending","https://onekeymls.com/home-details/206-montrose-ave-unit-3a-brooklyn-ny-11206/gFtieAnkw81"
"y5Pb5luqrc","68 Middleton St # A, Brooklyn, NY 11206","1700000","3","Townhouse","Pending","https://onekeymls.com/home-details/68-middleton-st-a-brooklyn-ny-11206/y5Pb5luqrc"
"fRH9zxlfUAN","773 Park Ave, Brooklyn, NY 11206","2699999","","Mixed Use","Pending","https://onekeymls.com/home-details/773-park-ave-brooklyn-ny-11206/fRH9zxlfUAN"
"hV1fJa8hbqb","76 Beaver St, Brooklyn, NY 11206","1449000","0","Duplex","Pending","https://onekeymls.com/home-details/76-beaver-st-brooklyn-ny-11206/hV1fJa8hbqb"
"koaiytAxWs0","332 Manhattan Ave, Brooklyn, NY 11211","3989000","0","Quadruplex","Active","https://onekeymls.com/home-details/332-manhattan-ave-brooklyn-ny-11211/koaiytAxWs0"
"9Tv3YoKH7MO","163 Marcy Avenue, Brooklyn, NY 11211","175000","","Mixed Use","Active","https://onekeymls.com/home-details/163-marcy-avenue-brooklyn-ny-11211/9Tv3YoKH7MO"
"jDT53CkYUsg","76 Richardson St Unit 7, Brooklyn, NY 11211","499000","2","Stock Cooperative","Active","https://onekeymls.com/home-details/76-richardson-st-unit-7-brooklyn-ny-11211/jDT53CkYUsg"
"kyrC96nZb6E","350 S 4th St Unit 4F, Brooklyn, NY 11211","495000","2","Stock Cooperative","Active","https://onekeymls.com/home-details/350-s-4th-st-unit-4f-brooklyn-ny-11211/kyrC96nZb6E"
"b8zHO4bxPnd","427 Metropolitan Ave, Brooklyn, NY 11211","4390000","8","Triplex","Active","https://onekeymls.com/home-details/427-metropolitan-ave-brooklyn-ny-11211/b8zHO4bxPnd"
"7owmVDuTD9P","149 S 4th St Unit 1, Brooklyn, NY 11211","451000","2","Stock Cooperative","Active","https://onekeymls.com/home-details/149-s-4th-st-unit-1-brooklyn-ny-11211/7owmVDuTD9P"
"azOj4P1uX5X","236 N 7th St Unit 4L, Brooklyn, NY 11211","850000","1","Condominium","Active","https://onekeymls.com/home-details/236-n-7th-st-unit-4l-brooklyn-ny-11211/azOj4P1uX5X"
"eLVnkCrx6TL","382 Manhattan Ave, Brooklyn, NY 11211","3099000","7","Triplex","Active","https://onekeymls.com/home-details/382-manhattan-ave-brooklyn-ny-11211/eLVnkCrx6TL"
"3tDFSHjz014","104 Division Ave Unit 17, Brooklyn, NY 11211","745000","3","Stock Cooperative","Active","https://onekeymls.com/home-details/104-division-ave-unit-17-brooklyn-ny-11211/3tDFSHjz014"
"8iWhnyc1sxs","108 Division Ave Unit 26, Brooklyn, NY 11211","330000","3","Stock Cooperative","Active","https://onekeymls.com/home-details/108-division-ave-unit-26-brooklyn-ny-11211/8iWhnyc1sxs"
"eHiAmu0Vpx3","176 N 8th St, Brooklyn, NY 11211","5595000","","Multi Family","Active","https://onekeymls.com/home-details/176-n-8th-st-brooklyn-ny-11211/eHiAmu0Vpx3"
"3LpIBpIYsO5","149 S 4th St Unit 25, Brooklyn, NY 11211","480000","3","Stock Cooperative","Pending","https://onekeymls.com/home-details/149-s-4th-st-unit-25-brooklyn-ny-11211/3LpIBpIYsO5"
"kc8TQPJ5zTU","395 S 2nd St Unit 1, Brooklyn, NY 11211","1595000","3","Condominium","Active","https://onekeymls.com/home-details/395-s-2nd-st-unit-1-brooklyn-ny-11211/kc8TQPJ5zTU"
"6M6lbFC389L","308 Hooper St, Brooklyn, NY 11211","3690000","","Mixed Use","Active","https://onekeymls.com/home-details/308-hooper-st-brooklyn-ny-11211/6M6lbFC389L"
"4yYYydpYFLa","407 Keap St Unit 5, Brooklyn, NY 11211","699000","2","Condominium","Active","https://onekeymls.com/home-details/407-keap-st-unit-5-brooklyn-ny-11211/4yYYydpYFLa"
"2LwWC81SrEk","360 S 3rd St, Brooklyn, NY 11211","3580000","7","Triplex","Active","https://onekeymls.com/home-details/360-s-3rd-st-brooklyn-ny-11211/2LwWC81SrEk"
"kvXaUkgPHFP","234 Powers St # 238, Brooklyn, NY 11211","3500000","","Multi Family","Active","https://onekeymls.com/home-details/234-powers-st-238-brooklyn-ny-11211/kvXaUkgPHFP"
"bNbQYlrcX4i","396 Graham Ave, Brooklyn, NY 11211","2350000","2","Duplex","Pending","https://onekeymls.com/home-details/396-graham-ave-brooklyn-ny-11211/bNbQYlrcX4i"
"jFu7X0h2Ugp","236 N 7th St Unit 2R, Brooklyn, NY 11211","1325000","1","Condominium","Active","https://onekeymls.com/home-details/236-n-7th-st-unit-2r-brooklyn-ny-11211/jFu7X0h2Ugp"
"gpZVKEsj2ja","318 Humboldt St, Brooklyn, NY 11211","3880000","","Multi Family","Active","https://onekeymls.com/home-details/318-humboldt-st-brooklyn-ny-11211/gpZVKEsj2ja"
"8Fb9Lu5EV9J","850 Metropolitan Ave Unit 1E, Brooklyn, NY 11211","878000","1","Condominium","Active","https://onekeymls.com/home-details/850-metropolitan-ave-unit-1e-brooklyn-ny-11211/8Fb9Lu5EV9J"
"ioVQa5cMfyr","154 S 3rd St Unit 24, Brooklyn, NY 11211","510000","3","Stock Cooperative","Pending","https://onekeymls.com/home-details/154-s-3rd-st-unit-24-brooklyn-ny-11211/ioVQa5cMfyr"
"bMyztHgbfOe","100 Maspeth Ave Unit 3N, Brooklyn, NY 11211","679888","1","Condominium","Active","https://onekeymls.com/home-details/100-maspeth-ave-unit-3n-brooklyn-ny-11211/bMyztHgbfOe"
"by5Cx3SeltA","100 Maspeth Ave Unit 5H, Brooklyn, NY 11211","1099888","2","Condominium","Pending","https://onekeymls.com/home-details/100-maspeth-ave-unit-5h-brooklyn-ny-11211/by5Cx3SeltA"
"1Oi33bqWlb0","154 S 3rd St Unit 3, Brooklyn, NY 11211","459888","2","Stock Cooperative","Pending","https://onekeymls.com/home-details/154-s-3rd-st-unit-3-brooklyn-ny-11211/1Oi33bqWlb0"
"82OuwhhwXSA","391 Manhattan Ave Unit 1, Brooklyn, NY 11211","3100000","3","Apartment","Active","https://onekeymls.com/home-details/391-manhattan-ave-unit-1-brooklyn-ny-11211/82OuwhhwXSA"
"4lLHDIlInCs","526 Union Ave Unit 408, Brooklyn, NY 11211","1575000","2","Condominium","Pending","https://onekeymls.com/home-details/526-union-ave-unit-408-brooklyn-ny-11211/4lLHDIlInCs"
"29iUvm7kAlN","150 N 5th St Unit 2I, Brooklyn, NY 11211","1350000","1","Condominium","Active","https://onekeymls.com/home-details/150-n-5th-st-unit-2i-brooklyn-ny-11211/29iUvm7kAlN"
"fPwRWjg6T9F","100 Maspeth Ave Unit 2H, Brooklyn, NY 11211","8998888","2","Condominium","Active","https://onekeymls.com/home-details/100-maspeth-ave-unit-2h-brooklyn-ny-11211/fPwRWjg6T9F"
"lbxih2YVGCM","218 N 8th St Unit 1A, Brooklyn, NY 11211","1070000","1","Condominium","Active","https://onekeymls.com/home-details/218-n-8th-st-unit-1a-brooklyn-ny-11211/lbxih2YVGCM"
"klivQ1RDaQS","100 Engert Ave Unit 5C, Brooklyn, NY 11222","1299000","2","Condominium","Active","https://onekeymls.com/home-details/100-engert-ave-unit-5c-brooklyn-ny-11222/klivQ1RDaQS"
"a7YmDmfg4XG","168 Russell St, Brooklyn, NY 11222","3500000","12","Triplex","Active","https://onekeymls.com/home-details/168-russell-st-brooklyn-ny-11222/a7YmDmfg4XG"
"htKRd1amEbA","977 Lorimer St, Brooklyn, NY 11222","3195000","7","Triplex","Pending","https://onekeymls.com/home-details/977-lorimer-st-brooklyn-ny-11222/htKRd1amEbA"
"DKOszEhvTF","103 Greenpoint Ave, Brooklyn, NY 11222","2500000","","Multi Family","Active","https://onekeymls.com/home-details/103-greenpoint-ave-brooklyn-ny-11222/DKOszEhvTF"
"kyMQ8uG1Qnw","74 Diamond St Unit 4B, Brooklyn, NY 11222","1490000","2","Duplex","Active","https://onekeymls.com/home-details/74-diamond-st-unit-4b-brooklyn-ny-11222/kyMQ8uG1Qnw"
"jvuPomEsCoi","74 Diamond St Unit 1A, Brooklyn, NY 11222","2240000","2","Duplex","Active","https://onekeymls.com/home-details/74-diamond-st-unit-1a-brooklyn-ny-11222/jvuPomEsCoi"
"65PKrDF56LZ","74 Diamond St Unit 3B, Brooklyn, NY 11222","865000","1","Apartment","Active","https://onekeymls.com/home-details/74-diamond-st-unit-3b-brooklyn-ny-11222/65PKrDF56LZ"
"i6ELP5PkUdl","161 Dupont St Unit Ph, Brooklyn, NY 11222","1399000","2","Condominium","Active","https://onekeymls.com/home-details/161-dupont-st-unit-ph-brooklyn-ny-11222/i6ELP5PkUdl"
"73NDhkeBqVJ","145 Mcguinness Blvd Unit Dpx1, Brooklyn, NY 11222","825000","0","Condominium","Active","https://onekeymls.com/home-details/145-mcguinness-blvd-unit-dpx1-brooklyn-ny-11222/73NDhkeBqVJ"
"1geuesSxyjY","37 Apollo St, Brooklyn, NY 11222","2225000","3","Duplex","Active","https://onekeymls.com/home-details/37-apollo-st-brooklyn-ny-11222/1geuesSxyjY"
"fcbzFuDfEkm","125 Beadel St, Brooklyn, NY 11222","1940000","7","Duplex","Active","https://onekeymls.com/home-details/125-beadel-st-brooklyn-ny-11222/fcbzFuDfEkm"
"igC8wX2J8yk","42 Driggs Ave, Brooklyn, NY 11222","4100000","","Multi Family","Active","https://onekeymls.com/home-details/42-driggs-ave-brooklyn-ny-11222/igC8wX2J8yk"
"8rAmppwYwKR","129 Engert Ave, Brooklyn, NY 11222","2450000","","","Active","https://onekeymls.com/home-details/129-engert-ave-brooklyn-ny-11222/8rAmppwYwKR"
"7KxCRrBlAad","183 Mcguinness Blvd Unit 6C, Brooklyn, NY 11222","850000","1","Condominium","Active","https://onekeymls.com/home-details/183-mcguinness-blvd-unit-6c-brooklyn-ny-11222/7KxCRrBlAad"
"33KxSTtYceO","317 Eckford St, Brooklyn, NY 11222","2000000","0","Quadruplex","Active","https://onekeymls.com/home-details/317-eckford-st-brooklyn-ny-11222/33KxSTtYceO"
"hqt3QYfNw2c","59 Newell St, Brooklyn, NY 11222","2988000","","Multi Family","Active","https://onekeymls.com/home-details/59-newell-st-brooklyn-ny-11222/hqt3QYfNw2c"
"nIvx0Ls8F8","300 Kingsland Ave, Brooklyn, NY 11222","7390000","","Industrial","Active","https://onekeymls.com/home-details/300-kingsland-ave-brooklyn-ny-11222/nIvx0Ls8F8"
"41eymUyDdJI","151 Freeman St Unit Phb, Brooklyn, NY 11222","3538000","3","Condominium","Active","https://onekeymls.com/home-details/151-freeman-st-unit-phb-brooklyn-ny-11222/41eymUyDdJI"
"keKPuWjJS44","183 Mcguinness Blvd Unit 3A, Brooklyn, NY 11222","1284999","2","Condominium","Active","https://onekeymls.com/home-details/183-mcguinness-blvd-unit-3a-brooklyn-ny-11222/keKPuWjJS44"
"1aNaC7KjcwK","941 Manhattan Ave, Brooklyn, NY 11222","3350000","","Multi Family","Active","https://onekeymls.com/home-details/941-manhattan-ave-brooklyn-ny-11222/1aNaC7KjcwK"
"6fku4neGuCa","151 Freeman St Unit 2B, Brooklyn, NY 11222","2700000","3","Condominium","Active","https://onekeymls.com/home-details/151-freeman-st-unit-2b-brooklyn-ny-11222/6fku4neGuCa"
"cFX54FB2LMe","215 Calyer St Unit 3, Brooklyn, NY 11222","1785000","2","Condominium","Active","https://onekeymls.com/home-details/215-calyer-st-unit-3-brooklyn-ny-11222/cFX54FB2LMe"
"9C79tSOMXXp","184 Huron St Unit 2A, Brooklyn, NY 11222","975000","1","Condominium","Active","https://onekeymls.com/home-details/184-huron-st-unit-2a-brooklyn-ny-11222/9C79tSOMXXp"
"4PGU2ABqm9W","954 Manhattan Ave, Brooklyn, NY 11222","3200000","","Multi Family","Active","https://onekeymls.com/home-details/954-manhattan-ave-brooklyn-ny-11222/4PGU2ABqm9W"
"8BFVWAyARQ6","29 Huron St Unit 6cw, Brooklyn, NY 11222","3425000","3","Condominium","Active","https://onekeymls.com/home-details/29-huron-st-unit-6cw-brooklyn-ny-11222/8BFVWAyARQ6"
"ejibNPhYMiO","160 West St Unit Phc, Brooklyn, NY 11222","1985000","2","Condominium","Active","https://onekeymls.com/home-details/160-west-st-unit-phc-brooklyn-ny-11222/ejibNPhYMiO"
"8j7N7siMlQZ","84 Oak St Unit 3B, Brooklyn, NY 11222","3500000","3","Condominium","Active","https://onekeymls.com/home-details/84-oak-st-unit-3b-brooklyn-ny-11222/8j7N7siMlQZ"
"buTh5DCVNCP","122 Newton St Unit, Brooklyn, NY 11222","2450000","3","Condominium","Active","https://onekeymls.com/home-details/122-newton-st-unit-brooklyn-ny-11222/buTh5DCVNCP"
"bOE6lMHW76","29 Huron St Unit 2aw, Brooklyn, NY 11222","2225000","2","Condominium","Active","https://onekeymls.com/home-details/29-huron-st-unit-2aw-brooklyn-ny-11222/bOE6lMHW76"
"8AbGXLzGyRW","215 Calyer St Unit 1, Brooklyn, NY 11222","1675000","2","Condominium","Active","https://onekeymls.com/home-details/215-calyer-st-unit-1-brooklyn-ny-11222/8AbGXLzGyRW"
"iWM51QAzJRc","411 Himrod St, Brooklyn, NY 11237","1350000","","Multi Family","Active","https://onekeymls.com/home-details/411-himrod-st-brooklyn-ny-11237/iWM51QAzJRc"
"3ZByZMetDuM","403 Stockholm St, Brooklyn, NY 11237","1800000","4","Triplex","Active","https://onekeymls.com/home-details/403-stockholm-st-brooklyn-ny-11237/3ZByZMetDuM"
"i5K6GdCAVgt","601 Knickerbocker Ave, Brooklyn, NY 11221","1150000","4","Duplex","Active","https://onekeymls.com/home-details/601-knickerbocker-ave-brooklyn-ny-11221/i5K6GdCAVgt"
"7eIlA1zqGfu","1140 Willoughby Ave, Brooklyn, NY 11237","1998000","9","Triplex","Active","https://onekeymls.com/home-details/1140-willoughby-ave-brooklyn-ny-11237/7eIlA1zqGfu"
"4IN150nlFv9","831 Knickerbocker Ave Unit 4A, Brooklyn, NY 11207","899000","3","Condominium","Active","https://onekeymls.com/home-details/831-knickerbocker-ave-unit-4a-brooklyn-ny-11207/4IN150nlFv9"
"jhKQd5LZwvU","83 Irving Ave, Brooklyn, NY 11237","2150000","","Multi Family","Active","https://onekeymls.com/home-details/83-irving-ave-brooklyn-ny-11237/jhKQd5LZwvU"
"k95uiBxn5x8","95 Wilson Ave, Brooklyn, NY 11237","1200000","","Multi Family","Active","https://onekeymls.com/home-details/95-wilson-ave-brooklyn-ny-11237/k95uiBxn5x8"
"4ywtQu4xlgA","1434 Greene Ave, Brooklyn, NY 11237","899975","","Multi Family","Active","https://onekeymls.com/home-details/1434-greene-ave-brooklyn-ny-11237/4ywtQu4xlgA"
"aigZ5O1UA2J","831 Knickerbocker Ave Unit 2A, Brooklyn, NY 11207","975000","3","Condominium","Pending","https://onekeymls.com/home-details/831-knickerbocker-ave-unit-2a-brooklyn-ny-11207/aigZ5O1UA2J"
"6QZ32u07Axs","106 Wyckoff Ave, Brooklyn, NY 11237","1595000","0","Duplex","Active","https://onekeymls.com/home-details/106-wyckoff-ave-brooklyn-ny-11237/6QZ32u07Axs"
"9UAoJqnWzmL","1475 Jefferson Ave, Brooklyn, NY 11237","1595000","5","Duplex","Active","https://onekeymls.com/home-details/1475-jefferson-ave-brooklyn-ny-11237/9UAoJqnWzmL"
"1NRatUboOX7","1471 Gates Ave, Brooklyn, NY 11237","1435000","6","Duplex","Active","https://onekeymls.com/home-details/1471-gates-ave-brooklyn-ny-11237/1NRatUboOX7"
"fyu1nTFjfMx","585 Meserole St, Brooklyn, NY 11237","11000000","","Warehouse","Active","https://onekeymls.com/home-details/585-meserole-st-brooklyn-ny-11237/fyu1nTFjfMx"
"lGHihI1gAez","358 Grove St Unit 12B, Brooklyn, NY 11237","625000","1","Condominium","Active","https://onekeymls.com/home-details/358-grove-st-unit-12b-brooklyn-ny-11237/lGHihI1gAez"
"feMIPP1Cl7q","283 Wyckoff Ave, Brooklyn, NY 11237","2599999","8","Quadruplex","Active","https://onekeymls.com/home-details/283-wyckoff-ave-brooklyn-ny-11237/feMIPP1Cl7q"
"iqikx0Wcliy","1490 Gates Ave, Brooklyn, NY 11237","900000","5","Manufactured Home","Active","https://onekeymls.com/home-details/1490-gates-ave-brooklyn-ny-11237/iqikx0Wcliy"
"4ZAAG76noOD","417 Menahan St, Brooklyn, NY 11237","950000","","Multi Family","Pending","https://onekeymls.com/home-details/417-menahan-st-brooklyn-ny-11237/4ZAAG76noOD"
"6KSVYgvcb9q","358 Grove St Unit 12A, Brooklyn, NY 11237","950000","2","Condominium","Active","https://onekeymls.com/home-details/358-grove-st-unit-12a-brooklyn-ny-11237/6KSVYgvcb9q"
"bp0ESREfHBk","341 Weirfield St, Brooklyn, NY 11237","1350000","7","Triplex","Pending","https://onekeymls.com/home-details/341-weirfield-st-brooklyn-ny-11237/bp0ESREfHBk"
"3zRjH9McQtu","22 Grattan St, Brooklyn, NY 11206","2300000","","Unimproved Land","Active","https://onekeymls.com/home-details/22-grattan-st-brooklyn-ny-11206/3zRjH9McQtu"
"kKW7Tbfwn9a","925 Hart St, Brooklyn, NY 11237","2400000","5","Single Family Residence","Active","https://onekeymls.com/home-details/925-hart-st-brooklyn-ny-11237/kKW7Tbfwn9a"
"kYLyB6ioBY1","1530 Gates Ave, Brooklyn, NY 11237","950000","","Multi Family","Active","https://onekeymls.com/home-details/1530-gates-ave-brooklyn-ny-11237/kYLyB6ioBY1"
"3w4B0e8YJP8","300 Linden St, Brooklyn, NY 11237","1600000","9","Single Family Residence","Active","https://onekeymls.com/home-details/300-linden-st-brooklyn-ny-11237/3w4B0e8YJP8"
"dsMgip2NG9v","1431 Hancock St, Brooklyn, NY 11237","1348000","7","Duplex","Pending","https://onekeymls.com/home-details/1431-hancock-st-brooklyn-ny-11237/dsMgip2NG9v"
"fHvKRaDrNnE","349 Grove St Unit 6, Brooklyn, NY 11237","899000","0","Triplex","Active","https://onekeymls.com/home-details/349-grove-st-unit-6-brooklyn-ny-11237/fHvKRaDrNnE"
"fbMCdqv17fe","349 Grove St, Brooklyn, NY 11237","899000","","Multi Family","Active","https://onekeymls.com/home-details/349-grove-st-brooklyn-ny-11237/fbMCdqv17fe"
"5tZWrL30P0U","109 Saint Nicholas Ave, Brooklyn, NY 11237","859000","","Multi Family","Active","https://onekeymls.com/home-details/109-saint-nicholas-ave-brooklyn-ny-11237/5tZWrL30P0U"
"9NY2yp80Klj","735 Knickerbocker Ave, Brooklyn, NY 11221","1495000","","Multi Family","Active","https://onekeymls.com/home-details/735-knickerbocker-ave-brooklyn-ny-11221/9NY2yp80Klj"
"kQS0LNVPFcB","236 Suydam St, Brooklyn, NY 11237","999999","","Multi Family","Active","https://onekeymls.com/home-details/236-suydam-st-brooklyn-ny-11237/kQS0LNVPFcB"
"5iga9Ks8uWh","155 Clifton Pl, Brooklyn, NY 11238","2900000","10","Triplex","Active","https://onekeymls.com/home-details/155-clifton-pl-brooklyn-ny-11238/5iga9Ks8uWh"
"77C4m5VwB4K","15 Irving Pl, Brooklyn, NY 11238","1999999","7","Triplex","Active","https://onekeymls.com/home-details/15-irving-pl-brooklyn-ny-11238/77C4m5VwB4K"
"iUKole8uWVe","195 Greene Ave, Brooklyn, NY 11238","3988000","4","Duplex","Active","https://onekeymls.com/home-details/195-greene-ave-brooklyn-ny-11238/iUKole8uWVe"
"1S9iquFlDi0","393 Park Pl, Brooklyn, NY 11238","3495000","4","Triplex","Active","https://onekeymls.com/home-details/393-park-pl-brooklyn-ny-11238/1S9iquFlDi0"
"hUVPwa4PLY9","622 Grand Ave Unit 303, Brooklyn, NY 11238","1475000","3","Condominium","Pending","https://onekeymls.com/home-details/622-grand-ave-unit-303-brooklyn-ny-11238/hUVPwa4PLY9"
"kEfoVizRi3f","498 Classon Ave, Brooklyn, NY 11238","2888000","9","Single Family Residence","Active","https://onekeymls.com/home-details/498-classon-ave-brooklyn-ny-11238/kEfoVizRi3f"
"76giExDiK4L","41 Claver Pl, Brooklyn, NY 11238","3799999","8","Single Family Residence","Active","https://onekeymls.com/home-details/41-claver-pl-brooklyn-ny-11238/76giExDiK4L"
"56BHDHyfkLj","63 Irving Pl, Brooklyn, NY 11238","499999","","","Active","https://onekeymls.com/home-details/63-irving-pl-brooklyn-ny-11238/56BHDHyfkLj"
"i4K08XIVHr8","567 Saint Johns Pl Unit 8, Brooklyn, NY 11238","2100000","","Multi Family","Active","https://onekeymls.com/home-details/567-saint-johns-pl-unit-8-brooklyn-ny-11238/i4K08XIVHr8"
"6VsOSqVwLjz","365 Clinton Ave Unit 6E, Brooklyn, NY 11238","750000","1","Stock Cooperative","Pending","https://onekeymls.com/home-details/365-clinton-ave-unit-6e-brooklyn-ny-11238/6VsOSqVwLjz"
"aQAyc9a7edR","1039 Fulton St, Brooklyn, NY 11238","1850000","3","Single Family Residence","Active","https://onekeymls.com/home-details/1039-fulton-st-brooklyn-ny-11238/aQAyc9a7edR"
"1uQJNVIGe6t","116 Cambridge Pl Unit 2B, Brooklyn, NY 11238","649000","2","Stock Cooperative","Active","https://onekeymls.com/home-details/116-cambridge-pl-unit-2b-brooklyn-ny-11238/1uQJNVIGe6t"
"33uaAa8oMOP","10 Quincy St Unit 3L, Brooklyn, NY 11238","1995000","2","Condominium","Active","https://onekeymls.com/home-details/10-quincy-st-unit-3l-brooklyn-ny-11238/33uaAa8oMOP"
"j7DVN9nQ34v","478 Classon Ave, Brooklyn, NY 11238","2499999","0","Quadruplex","Pending","https://onekeymls.com/home-details/478-classon-ave-brooklyn-ny-11238/j7DVN9nQ34v"
"dGKO2pyLRpW","138 Saint James Pl, Brooklyn, NY 11238","3499999","0","Quadruplex","Pending","https://onekeymls.com/home-details/138-saint-james-pl-brooklyn-ny-11238/dGKO2pyLRpW"
"h1J5ExawGn2","885 Pacific St, Brooklyn, NY 11238","2399000","4","Duplex","Pending","https://onekeymls.com/home-details/885-pacific-st-brooklyn-ny-11238/h1J5ExawGn2"
"dwaGAhEhOo6","1166 Fulton St, Brooklyn, NY 11216","3500000","","Multi Family","Active","https://onekeymls.com/home-details/1166-fulton-st-brooklyn-ny-11216/dwaGAhEhOo6"
"aPAGlUVHS0m","584 Sterling Pl, Brooklyn, NY 11238","3500000","0","Triplex","Active","https://onekeymls.com/home-details/584-sterling-pl-brooklyn-ny-11238/aPAGlUVHS0m"
"3KquzzOZgkQ","643 5th Ave Unit 6D, Brooklyn, NY 11215","876000","2","Condominium","Active","https://onekeymls.com/home-details/643-5th-ave-unit-6d-brooklyn-ny-11215/3KquzzOZgkQ"
"kKaNNMpfPMe","643 5th Ave Unit 5C, Brooklyn, NY 11215","511200","0","Condominium","Active","https://onekeymls.com/home-details/643-5th-ave-unit-5c-brooklyn-ny-11215/kKaNNMpfPMe"
"f663rt3riUn","643 5th Ave Unit 4A, Brooklyn, NY 11215","716400","1","Condominium","Active","https://onekeymls.com/home-details/643-5th-ave-unit-4a-brooklyn-ny-11215/f663rt3riUn"
"j4NdBEXE1z0","643 5th Ave Unit 6B, Brooklyn, NY 11215","700800","1","Condominium","Active","https://onekeymls.com/home-details/643-5th-ave-unit-6b-brooklyn-ny-11215/j4NdBEXE1z0"
"cSMXDcKsbhf","229 9th St Unit 307, Brooklyn, NY 11215","599000","0","Condominium","Active","https://onekeymls.com/home-details/229-9th-st-unit-307-brooklyn-ny-11215/cSMXDcKsbhf"
"42emCNXCPQs","78 8th Ave Unit 1D, Brooklyn, NY 11215","895000","1","Stock Cooperative","Active","https://onekeymls.com/home-details/78-8th-ave-unit-1d-brooklyn-ny-11215/42emCNXCPQs"
"5mX5bLHEZ6z","436 Prospect Ave, Brooklyn, NY 11215","1495000","","Multi Family","Active","https://onekeymls.com/home-details/436-prospect-ave-brooklyn-ny-11215/5mX5bLHEZ6z"
"1IsnDygpGti","251 1st St Unit 4A, Brooklyn, NY 11215","1800000","2","Condominium","Active","https://onekeymls.com/home-details/251-1st-st-unit-4a-brooklyn-ny-11215/1IsnDygpGti"
"Q8wCShz8AM","528 President St, Brooklyn, NY 11215","5999990","","Other","Active","https://onekeymls.com/home-details/528-president-st-brooklyn-ny-11215/Q8wCShz8AM"
"eZN1dW1bLrU","383 10th St, Brooklyn, NY 11215","4995000","3","Single Family Residence","Active","https://onekeymls.com/home-details/383-10th-st-brooklyn-ny-11215/eZN1dW1bLrU"
"f1vbkdieCFV","554 4th Ave Unit 7B, Brooklyn, NY 11215","820000","1","Condominium","Active","https://onekeymls.com/home-details/554-4th-ave-unit-7b-brooklyn-ny-11215/f1vbkdieCFV"
"2VlTyVakWCv","622 5th Ave, Brooklyn, NY 11215","1988888","","Mixed Use","Active","https://onekeymls.com/home-details/622-5th-ave-brooklyn-ny-11215/2VlTyVakWCv"
"5rjbSDyf5At","165 17th St, Brooklyn, NY 11215","1800000","0","Triplex","Active","https://onekeymls.com/home-details/165-17th-st-brooklyn-ny-11215/5rjbSDyf5At"
"lEbVxHfK6o","599 4th Ave Unit C, Brooklyn, NY 11215","1680000","","Retail","Active","https://onekeymls.com/home-details/599-4th-ave-unit-c-brooklyn-ny-11215/lEbVxHfK6o"
"7hhiYAA9M2N","256 18th St, Brooklyn, NY 11215","3995000","4","Single Family Residence","Active","https://onekeymls.com/home-details/256-18th-st-brooklyn-ny-11215/7hhiYAA9M2N"
"fs0rUB3YwrO","298 12th St Unit 1, Brooklyn, NY 11215","1195000","3","Condominium","Active","https://onekeymls.com/home-details/298-12th-st-unit-1-brooklyn-ny-11215/fs0rUB3YwrO"
"icqtI2Qgw2i","417 17th St # A, Brooklyn, NY 11215","2995000","3","Single Family Residence","Active","https://onekeymls.com/home-details/417-17th-st-a-brooklyn-ny-11215/icqtI2Qgw2i"
"66rB9mpSuvN","569 Carroll St Unit 1, Brooklyn, NY 11215","1595000","2","Condominium","Active","https://onekeymls.com/home-details/569-carroll-st-unit-1-brooklyn-ny-11215/66rB9mpSuvN"
"2w6n1FTf7Uc","86 Prospect Park W Unit 3L, Brooklyn, NY 11215","2500000","4","Stock Cooperative","Active","https://onekeymls.com/home-details/86-prospect-park-w-unit-3l-brooklyn-ny-11215/2w6n1FTf7Uc"
"SLsJGk22uG","256 9th St Unit Ph1, Brooklyn, NY 11215","4699000","4","Condominium","Active","https://onekeymls.com/home-details/256-9th-st-unit-ph1-brooklyn-ny-11215/SLsJGk22uG"
"i9PcKlygJ6G","284 20th St Unit 1B, Brooklyn, NY 11215","1425000","3","Condominium","Active","https://onekeymls.com/home-details/284-20th-st-unit-1b-brooklyn-ny-11215/i9PcKlygJ6G"
"d4s2np5G3m2","456 19th St Unit 4/5d, New York (manhattan), NY 11215","2499000","1","Condominium","Active","https://onekeymls.com/home-details/456-19th-st-unit-45d-new-york-manhattan-ny-11215/d4s2np5G3m2"
"1DqsrzWHEw5","228 13th St Unit 305, Brooklyn, NY 11215","1495000","2","Condominium","Active","https://onekeymls.com/home-details/228-13th-st-unit-305-brooklyn-ny-11215/1DqsrzWHEw5"
"k0YMi1GpZ7a","228 13th St Unit 201, Brooklyn, NY 11215","2225000","3","Condominium","Active","https://onekeymls.com/home-details/228-13th-st-unit-201-brooklyn-ny-11215/k0YMi1GpZ7a"
"fuZTcOjFrvs","223 15th St, Brooklyn, NY 11215","2200000","0","Quadruplex","Active","https://onekeymls.com/home-details/223-15th-st-brooklyn-ny-11215/fuZTcOjFrvs"
"sgZ2MRTsMG","140 East 2nd Street Unit 2-O, Brooklyn, NY 11218","675000","1","Stock Cooperative","Active","https://onekeymls.com/home-details/140-east-2nd-street-unit-2-o-brooklyn-ny-11218/sgZ2MRTsMG"
"f5s2AfHXqRk","379 Ocean Pkwy Unit Pha, Brooklyn, NY 11218","1089000","2","Condominium","Active","https://onekeymls.com/home-details/379-ocean-pkwy-unit-pha-brooklyn-ny-11218/f5s2AfHXqRk"
"jGZG3pcYdcz","495 E 7th St Unit 1J, Brooklyn, NY 11218","285000","0","Stock Cooperative","Active","https://onekeymls.com/home-details/495-e-7th-st-unit-1j-brooklyn-ny-11218/jGZG3pcYdcz"
"M3A98u7KQC","379 Ocean Pkwy Unit 6A, Brooklyn, NY 11218","999000","2","Condominium","Pending","https://onekeymls.com/home-details/379-ocean-pkwy-unit-6a-brooklyn-ny-11218/M3A98u7KQC"
"f0SiwQdOILz","1205 Beverley Rd, Brooklyn, NY 11218","3600000","5","Single Family Residence","Active","https://onekeymls.com/home-details/1205-beverley-rd-brooklyn-ny-11218/f0SiwQdOILz"
"wII15PVmrG","234 Dahill Rd, Brooklyn, NY 11218","1180000","6","Single Family Residence","Active","https://onekeymls.com/home-details/234-dahill-rd-brooklyn-ny-11218/wII15PVmrG"
"fb4esSJocfr","415 Beverly Road Unit 6E, Brooklyn, NY 11218","825000","2","Stock Cooperative","Active","https://onekeymls.com/home-details/415-beverly-road-unit-6e-brooklyn-ny-11218/fb4esSJocfr"
"4JoyRI7BnVn","415 Beverley Rd Unit 3C, Brooklyn, NY 11218","1279000","3","Stock Cooperative","Pending","https://onekeymls.com/home-details/415-beverley-rd-unit-3c-brooklyn-ny-11218/4JoyRI7BnVn"
"eTnembSvf7n","488 Ocean Pkwy Unit 3B, Brooklyn, NY 11218","390000","1","Stock Cooperative","Active","https://onekeymls.com/home-details/488-ocean-pkwy-unit-3b-brooklyn-ny-11218/eTnembSvf7n"
"dkJQTLJFRzu","221 Mcdonald Unit 1G, Brooklyn, NY 11218","585000","2","Stock Cooperative","Active","https://onekeymls.com/home-details/221-mcdonald-unit-1g-brooklyn-ny-11218/dkJQTLJFRzu"
"2iDAPs2MORj","82 Kermit Pl, Brooklyn, NY 11218","1675000","9","Duplex","Active","https://onekeymls.com/home-details/82-kermit-pl-brooklyn-ny-11218/2iDAPs2MORj"
"2GazfCHt5kw","1201 37th St, Brooklyn, NY 11218","2099000","5","Single Family Residence","Active","https://onekeymls.com/home-details/1201-37th-st-brooklyn-ny-11218/2GazfCHt5kw"
"dMJqnvw66h1","121 E 2nd St, Brooklyn, NY 11218","1498000","3","Single Family Residence","Active","https://onekeymls.com/home-details/121-e-2nd-st-brooklyn-ny-11218/dMJqnvw66h1"
"19OBn0HIi9i","355 Stratford Rd Unit 5, Brooklyn, NY 11218","995000","2","Condominium","Pending","https://onekeymls.com/home-details/355-stratford-rd-unit-5-brooklyn-ny-11218/19OBn0HIi9i"
"drASASOzoRR","834 Coney Island Ave, Brooklyn, NY 11218","3999999","","Mixed Use","Active","https://onekeymls.com/home-details/834-coney-island-ave-brooklyn-ny-11218/drASASOzoRR"
"5IePhesFmcT","800 Cortelyou Rd Unit 3E, Brooklyn, NY 11218","949000","3","Stock Cooperative","Active","https://onekeymls.com/home-details/800-cortelyou-rd-unit-3e-brooklyn-ny-11218/5IePhesFmcT"
"gIe318ZcFiL","221 Mcdonald Ave Unit 5F, Brooklyn, NY 11218","799000","2","Stock Cooperative","Pending","https://onekeymls.com/home-details/221-mcdonald-ave-unit-5f-brooklyn-ny-11218/gIe318ZcFiL"
"6zOMPOtIVQC","415 Beverley Rd Unit 1R, Brooklyn, NY 11218","750000","2","Stock Cooperative","Pending","https://onekeymls.com/home-details/415-beverley-rd-unit-1r-brooklyn-ny-11218/6zOMPOtIVQC"
"avk9IarOTZ8","599 E 7th St Unit 5R, Brooklyn, NY 11218","699000","2","Stock Cooperative","Pending","https://onekeymls.com/home-details/599-e-7th-st-unit-5r-brooklyn-ny-11218/avk9IarOTZ8"
"3Rrch8d9PmG","618 E 2nd St, Brooklyn, NY 11218","2450000","7","Quadruplex","Active","https://onekeymls.com/home-details/618-e-2nd-st-brooklyn-ny-11218/3Rrch8d9PmG"
"6gyAkk9VmiO","379 Ocean Pkwy Unit 7B, Brooklyn, NY 11218","999000","2","Condominium","Active","https://onekeymls.com/home-details/379-ocean-pkwy-unit-7b-brooklyn-ny-11218/6gyAkk9VmiO"
"7F0mnscgQmG","79 Westminster Rd, Brooklyn, NY 11218","679000","3","Single Family Residence","Pending","https://onekeymls.com/home-details/79-westminster-rd-brooklyn-ny-11218/7F0mnscgQmG"
"gNH2xoSdlhV","488 Ocean Pkwy Unit 6C, Brooklyn, NY 11218","499000","2","Stock Cooperative","Pending","https://onekeymls.com/home-details/488-ocean-pkwy-unit-6c-brooklyn-ny-11218/gNH2xoSdlhV"
"4E6J9NmOWko","176 Seeley St Unit 1D, Brooklyn, NY 11218","1195000","2","Stock Cooperative","Active","https://onekeymls.com/home-details/176-seeley-st-unit-1d-brooklyn-ny-11218/4E6J9NmOWko"
"im4WBPhWInS","207 Prospect Park SW Unit 3C, Brooklyn, NY 11218","995000","2","Condominium","Active","https://onekeymls.com/home-details/207-prospect-park-sw-unit-3c-brooklyn-ny-11218/im4WBPhWInS"
"hdn1txAkcsC","16 Temple Ct, Brooklyn, NY 11218","1795000","2","Single Family Residence","Active","https://onekeymls.com/home-details/16-temple-ct-brooklyn-ny-11218/hdn1txAkcsC"
"6XMgvNaXmmi","275 Webster Ave Unit 4I, Brooklyn, NY 11230","379000","1","Stock Cooperative","Pending","https://onekeymls.com/home-details/275-webster-ave-unit-4i-brooklyn-ny-11230/6XMgvNaXmmi"
"fXezUygT1kU","346 Coney Island Ave Unit 601, Brooklyn, NY 11218","1218000","3","Condominium","Pending","https://onekeymls.com/home-details/346-coney-island-ave-unit-601-brooklyn-ny-11218/fXezUygT1kU"
"cyjuqFw3OFr","596 E 8th St, Brooklyn, NY 11218","1530000","5","Duplex","Pending","https://onekeymls.com/home-details/596-e-8th-st-brooklyn-ny-11218/cyjuqFw3OFr"
"5u3Bdx50q4X","634 E 3rd St, Brooklyn, NY 11218","1550000","7","Duplex","Pending","https://onekeymls.com/home-details/634-e-3rd-st-brooklyn-ny-11218/5u3Bdx50q4X"
"b12wKtM4MPk","1505 Nostrand Ave, Brooklyn, NY 11226","1195000","5","Duplex","Active","https://onekeymls.com/home-details/1505-nostrand-ave-brooklyn-ny-11226/b12wKtM4MPk"
"heYjRJ48TsO","1769 Nostrand Ave, Brooklyn, NY 11226","1300000","6","Triplex","Active","https://onekeymls.com/home-details/1769-nostrand-ave-brooklyn-ny-11226/heYjRJ48TsO"
"hE9pcyeWKfL","950 Flatbush Ave, Brooklyn, NY 11226","3200000","","Multi Family","Active","https://onekeymls.com/home-details/950-flatbush-ave-brooklyn-ny-11226/hE9pcyeWKfL"
"frMg7hw3j50","2811 Clarendon Rd, Brooklyn, NY 11226","1325000","6","Duplex","Active","https://onekeymls.com/home-details/2811-clarendon-rd-brooklyn-ny-11226/frMg7hw3j50"
"fpUXrl7byxS","458 E 25th St Unit 305, Brooklyn, NY 11226","579000","2","Condominium","Active","https://onekeymls.com/home-details/458-e-25th-st-unit-305-brooklyn-ny-11226/fpUXrl7byxS"
"dxbKzDtwHmP","310 Lenox Rd Unit 4U, Brooklyn, NY 11226","314900","1","Stock Cooperative","Active","https://onekeymls.com/home-details/310-lenox-rd-unit-4u-brooklyn-ny-11226/dxbKzDtwHmP"
"KwYEMlNutY","404 E 21st St, Brooklyn, NY 11226","1548000","8","Triplex","Active","https://onekeymls.com/home-details/404-e-21st-st-brooklyn-ny-11226/KwYEMlNutY"
"3wXly02n4qF","372 Parkside Ave, Brooklyn, NY 11226","2200000","6","Duplex","Active","https://onekeymls.com/home-details/372-parkside-ave-brooklyn-ny-11226/3wXly02n4qF"
"ietG8TQaFSL","400 E 17th St Unit 304, Brooklyn, NY 11226","479000","1","Stock Cooperative","Active","https://onekeymls.com/home-details/400-e-17th-st-unit-304-brooklyn-ny-11226/ietG8TQaFSL"
"7ZSfAKcg5RB","99 E 31st St, Brooklyn, NY 11226","999999","7","Triplex","Active","https://onekeymls.com/home-details/99-e-31st-st-brooklyn-ny-11226/7ZSfAKcg5RB"
"3bjndGaqYKP","1281 Nostrand Ave, Brooklyn, NY 11226","2200000","","Multi Family","Active","https://onekeymls.com/home-details/1281-nostrand-ave-brooklyn-ny-11226/3bjndGaqYKP"
"9xk8McZiKdQ","466 E 28th St, Brooklyn, NY 11226","1699000","","Multi Family","Active","https://onekeymls.com/home-details/466-e-28th-st-brooklyn-ny-11226/9xk8McZiKdQ"
"jtHB32eLsEW","2809 Church Ave, Brooklyn, NY 11226","1700000","","Other","Active","https://onekeymls.com/home-details/2809-church-ave-brooklyn-ny-11226/jtHB32eLsEW"
"8TeF2pumD7n","2311 Bedford Ave, Brooklyn, NY 11226","1199000","6","Triplex","Pending","https://onekeymls.com/home-details/2311-bedford-ave-brooklyn-ny-11226/8TeF2pumD7n"
"hhS5r0Y9i2U","1089 Rogers Ave, Brooklyn, NY 11226","890000","","Mixed Use","Active","https://onekeymls.com/home-details/1089-rogers-ave-brooklyn-ny-11226/hhS5r0Y9i2U"
"5o2M2Ou9CC4","49 Lott St Unit 3F, Brooklyn, NY 11226","600000","3","Condominium","Pending","https://onekeymls.com/home-details/49-lott-st-unit-3f-brooklyn-ny-11226/5o2M2Ou9CC4"
"imnoDnFRpv2","86 Marlborough Rd, Brooklyn, NY 11226","2100000","7","Single Family Residence","Active","https://onekeymls.com/home-details/86-marlborough-rd-brooklyn-ny-11226/imnoDnFRpv2"
"iSISMGwy6dD","148 Lott St, Brooklyn, NY 11226","999999","","Multi Family","Pending","https://onekeymls.com/home-details/148-lott-st-brooklyn-ny-11226/iSISMGwy6dD"
"cQBXICkntZx","590 Parkside Ave Unit 1bw, Brooklyn, NY 11226","399000","2","Stock Cooperative","Active","https://onekeymls.com/home-details/590-parkside-ave-unit-1bw-brooklyn-ny-11226/cQBXICkntZx"
"9Pfb2uNL7iM","448 E 26th St, Brooklyn, NY 11226","1999999","","Multi Family","Active","https://onekeymls.com/home-details/448-e-26th-st-brooklyn-ny-11226/9Pfb2uNL7iM"
"eAx5thDmFI6","148 E 32nd St, Brooklyn, NY 11226","829000","0","Duplex","Pending","https://onekeymls.com/home-details/148-e-32nd-st-brooklyn-ny-11226/eAx5thDmFI6"
"exYcJoego3j","316 E 32nd St, Brooklyn, NY 11226","959999","5","Duplex","Active","https://onekeymls.com/home-details/316-e-32nd-st-brooklyn-ny-11226/exYcJoego3j"
"bFXtb6NSglp","18 Lenox Rd 16 & Unit 12, Brooklyn, NY 11226","4650000","","Multi Family","Active","https://onekeymls.com/home-details/18-lenox-rd-16-unit-12-brooklyn-ny-11226/bFXtb6NSglp"
"ilktynEQtBY","2313 Newkirk Ave, Brooklyn, NY 11226","1199999","9","Triplex","Active","https://onekeymls.com/home-details/2313-newkirk-ave-brooklyn-ny-11226/ilktynEQtBY"
"ggLUibgb9AX","353 E 17th St, Brooklyn, NY 11226","4990000","6","Single Family Residence","Active","https://onekeymls.com/home-details/353-e-17th-st-brooklyn-ny-11226/ggLUibgb9AX"
"c9qtgchuY0h","333 E 26th St, Brooklyn, NY 11226","999000","5","Duplex","Pending","https://onekeymls.com/home-details/333-e-26th-st-brooklyn-ny-11226/c9qtgchuY0h"
"g2WCXy2lsT7","1703 Foster Ave, Brooklyn, NY 11230","1325000","4","Mixed Use","Pending","https://onekeymls.com/home-details/1703-foster-ave-brooklyn-ny-11230/g2WCXy2lsT7"
"fIiTsbYkQkR","1818 Newkirk Ave Unit 6T, Brooklyn, NY 11226","450000","1","Stock Cooperative","Pending","https://onekeymls.com/home-details/1818-newkirk-ave-unit-6t-brooklyn-ny-11226/fIiTsbYkQkR"
"12It5qdFVE7","1135 Flatbush Ave, Brooklyn, NY 11226","2988000","","Multi Family","Active","https://onekeymls.com/home-details/1135-flatbush-ave-brooklyn-ny-11226/12It5qdFVE7"
"hOGjyGTrnI1","9255 Shore Rd Unit 3C, Brooklyn, NY 11209","259000","0","Stock Cooperative","Active","https://onekeymls.com/home-details/9255-shore-rd-unit-3c-brooklyn-ny-11209/hOGjyGTrnI1"
"87gl2E0my3I","160 72nd St Unit 758, Brooklyn, NY 11209","299999","2","Stock Cooperative","Active","https://onekeymls.com/home-details/160-72nd-st-unit-758-brooklyn-ny-11209/87gl2E0my3I"
"a8vGoFqyKxn","6911 Shore Rd Unit 1C, Brooklyn, NY 11209","1199999","3","Condominium","Active","https://onekeymls.com/home-details/6911-shore-rd-unit-1c-brooklyn-ny-11209/a8vGoFqyKxn"
"hxkcQyFKiwd","401 95th St Unit G3, Brooklyn, NY 11209","730000","2","Condominium","Active","https://onekeymls.com/home-details/401-95th-st-unit-g3-brooklyn-ny-11209/hxkcQyFKiwd"
"lb8BpVCdTh2","7609 4th Ave Unit F1, Brooklyn, NY 11209","339000","1","Stock Cooperative","Active","https://onekeymls.com/home-details/7609-4th-ave-unit-f1-brooklyn-ny-11209/lb8BpVCdTh2"
"aTz5OtX2TpS","539 72nd St, Brooklyn, NY 11209","1500000","7","Duplex","Active","https://onekeymls.com/home-details/539-72nd-st-brooklyn-ny-11209/aTz5OtX2TpS"
"5T8q9QTm8MB","185 Battery Ave Unit 2A, Brooklyn, NY 11209","1149000","2","Condominium","Active","https://onekeymls.com/home-details/185-battery-ave-unit-2a-brooklyn-ny-11209/5T8q9QTm8MB"
"pu69ERYvjS","7423 Ridge Blvd Unit 1C, Brooklyn, NY 11209","494900","2","Stock Cooperative","Pending","https://onekeymls.com/home-details/7423-ridge-blvd-unit-1c-brooklyn-ny-11209/pu69ERYvjS"
"kWe3dPrayx0","190 72nd St Unit 122, Brooklyn, NY 11209","309000","1","Stock Cooperative","Active","https://onekeymls.com/home-details/190-72nd-st-unit-122-brooklyn-ny-11209/kWe3dPrayx0"
"lWnSmmQUmGZ","7261 Shore Rd Unit 1R, Brooklyn, NY 11209","359000","1","Stock Cooperative","Active","https://onekeymls.com/home-details/7261-shore-rd-unit-1r-brooklyn-ny-11209/lWnSmmQUmGZ"
"kiWxMArVUQ4","7002 Ridge Blvd Unit B14, Brooklyn, NY 11209","275000","1","Stock Cooperative","Active","https://onekeymls.com/home-details/7002-ridge-blvd-unit-b14-brooklyn-ny-11209/kiWxMArVUQ4"
"3j8VYnlKNpF","302 96th St Unit 4G, Brooklyn, NY 11209","355000","1","Stock Cooperative","Active","https://onekeymls.com/home-details/302-96th-st-unit-4g-brooklyn-ny-11209/3j8VYnlKNpF"
"4H2YKXpHGy8","9731 4th Ave Unit 2C, Brooklyn, NY 11209","499000","1","Condominium","Pending","https://onekeymls.com/home-details/9731-4th-ave-unit-2c-brooklyn-ny-11209/4H2YKXpHGy8"
"kAboLiWJpP8","7119 Shore Rd Unit 3E, Brooklyn, NY 11209","489000","1","Stock Cooperative","Active","https://onekeymls.com/home-details/7119-shore-rd-unit-3e-brooklyn-ny-11209/kAboLiWJpP8"
"gdU2zrL0Khm","58 85th St, Brooklyn, NY 11209","2590000","3","Single Family Residence","Active","https://onekeymls.com/home-details/58-85th-st-brooklyn-ny-11209/gdU2zrL0Khm"
"a4y1ekZpfwB","2 Marine Ave Unit 2B, Brooklyn, NY 11209","351975","1","Stock Cooperative","Active","https://onekeymls.com/home-details/2-marine-ave-unit-2b-brooklyn-ny-11209/a4y1ekZpfwB"
"817K1akQy31","255 79th St Unit B10, Brooklyn, NY 11209","329000","1","Stock Cooperative","Active","https://onekeymls.com/home-details/255-79th-st-unit-b10-brooklyn-ny-11209/817K1akQy31"
"7CEGZcWGBIZ","423 95th St Unit 2H, Brooklyn, NY 11209","730000","1","Condominium","Active","https://onekeymls.com/home-details/423-95th-st-unit-2h-brooklyn-ny-11209/7CEGZcWGBIZ"
"kZqewZqPZ6J","9935 Shore Rd Unit 1D, Brooklyn, NY 11209","599000","1","Condominium","Active","https://onekeymls.com/home-details/9935-shore-rd-unit-1d-brooklyn-ny-11209/kZqewZqPZ6J"
"fgyty6Y3CW2","439 84th St, Brooklyn, NY 11209","1529900","0","Duplex","Pending","https://onekeymls.com/home-details/439-84th-st-brooklyn-ny-11209/fgyty6Y3CW2"
"14hxxZC935v","7259 Shore Rd Unit 3A, Brooklyn, NY 11209","245000","0","Stock Cooperative","Active","https://onekeymls.com/home-details/7259-shore-rd-unit-3a-brooklyn-ny-11209/14hxxZC935v"
"gl2o64O6TLC","7119 Shore Rd Unit 6H, Brooklyn, NY 11209","529000","1","Stock Cooperative","Active","https://onekeymls.com/home-details/7119-shore-rd-unit-6h-brooklyn-ny-11209/gl2o64O6TLC"
"6vEl6rOWkW0","7612 5th Ave, Brooklyn, NY 11209","2999999","","Mixed Use","Pending","https://onekeymls.com/home-details/7612-5th-ave-brooklyn-ny-11209/6vEl6rOWkW0"
"f74bkyeZ4id","138 71st St Unit F15, Brooklyn, NY 11209","349000","1","Stock Cooperative","Active","https://onekeymls.com/home-details/138-71st-st-unit-f15-brooklyn-ny-11209/f74bkyeZ4id"
"1Psc75pPYM","9104 3rd Ave, Brooklyn, NY 11209","2380000","","Multi Family","Active","https://onekeymls.com/home-details/9104-3rd-ave-brooklyn-ny-11209/1Psc75pPYM"
"dsV7m0TnxJm","9511 Shore Rd Unit 112, Brooklyn, NY 11209","499999","1","Condominium","Active","https://onekeymls.com/home-details/9511-shore-rd-unit-112-brooklyn-ny-11209/dsV7m0TnxJm"
"eBLIj2YzNR2","10 Bay Ridge Ave, Brooklyn, NY 11220","2100000","6","Triplex","Active","https://onekeymls.com/home-details/10-bay-ridge-ave-brooklyn-ny-11220/eBLIj2YzNR2"
"6Btd6ZsSBZ8","7101 Colonial Rd Unit L5d, Brooklyn, NY 11209","310000","1","Stock Cooperative","Pending","https://onekeymls.com/home-details/7101-colonial-rd-unit-l5d-brooklyn-ny-11209/6Btd6ZsSBZ8"
"3dsEurx3p4R","91 72nd St, Brooklyn, NY 11209","1750000","5","Single Family Residence","Pending","https://onekeymls.com/home-details/91-72nd-st-brooklyn-ny-11209/3dsEurx3p4R"
"5s6Wo8y7YvK","7101 Shore Rd Unit 2C, Brooklyn, NY 11209","395000","1","Stock Cooperative","Pending","https://onekeymls.com/home-details/7101-shore-rd-unit-2c-brooklyn-ny-11209/5s6Wo8y7YvK"
"haCIa9BcQ63","8629 Bay Pkwy Unit 5G, Brooklyn, NY 11214","589000","1","Condominium","Active","https://onekeymls.com/home-details/8629-bay-pkwy-unit-5g-brooklyn-ny-11214/haCIa9BcQ63"
"9JaUgETyJtR","8322 24th Avenue Unit 2A, Brooklyn, NY 11214","895000","2","Condominium","Active","https://onekeymls.com/home-details/8322-24th-avenue-unit-2a-brooklyn-ny-11214/9JaUgETyJtR"
"gLHpG3JVJc1","8322 24th Avenue Unit 2C, Brooklyn, NY 11214","895000","2","Condominium","Active","https://onekeymls.com/home-details/8322-24th-avenue-unit-2c-brooklyn-ny-11214/gLHpG3JVJc1"
"allhT1oZBKR","1830 Bath Ave Unit 102, Brooklyn, NY 11214","750000","3","Condominium","Active","https://onekeymls.com/home-details/1830-bath-ave-unit-102-brooklyn-ny-11214/allhT1oZBKR"
"j5I4sVt7iuB","2260 Benson Ave Unit 1B, Brooklyn, NY 11214","449000","2","Stock Cooperative","Active","https://onekeymls.com/home-details/2260-benson-ave-unit-1b-brooklyn-ny-11214/j5I4sVt7iuB"
"aWINXZV3ovL","8616 21st Ave Unit 3H, Brooklyn, NY 11214","668000","2","Condominium","Active","https://onekeymls.com/home-details/8616-21st-ave-unit-3h-brooklyn-ny-11214/aWINXZV3ovL"
"ib7LCXCPalO","39 Bay 22nd St, Brooklyn, NY 11214","2300000","0","Triplex","Pending","https://onekeymls.com/home-details/39-bay-22nd-st-brooklyn-ny-11214/ib7LCXCPalO"
"225vFd9wyv2","121 Bay 20th St, Brooklyn, NY 11214","1199999","4","Single Family Residence","Active","https://onekeymls.com/home-details/121-bay-20th-st-brooklyn-ny-11214/225vFd9wyv2"
"8k24yDmLLvH","2155 82nd St Unit 5G, Brooklyn, NY 11214","239000","0","Stock Cooperative","Active","https://onekeymls.com/home-details/2155-82nd-st-unit-5g-brooklyn-ny-11214/8k24yDmLLvH"
"dO4nmPQH6fN","56 Bay 40th St, Brooklyn, NY 11214","1768000","0","Triplex","Active","https://onekeymls.com/home-details/56-bay-40th-st-brooklyn-ny-11214/dO4nmPQH6fN"
"21YPemrxAlk","2021 84th St Unit L3, Brooklyn, NY 11214","379000","2","Stock Cooperative","Pending","https://onekeymls.com/home-details/2021-84th-st-unit-l3-brooklyn-ny-11214/21YPemrxAlk"
"lQfiokUWmKL","2106 82nd St, Brooklyn, NY 11214","1399000","5","Duplex","Pending","https://onekeymls.com/home-details/2106-82nd-st-brooklyn-ny-11214/lQfiokUWmKL"
"kaJe41hnUFo","2062 Bath Ave, Brooklyn, NY 11214","1999000","9","Triplex","Active","https://onekeymls.com/home-details/2062-bath-ave-brooklyn-ny-11214/kaJe41hnUFo"
"3pjvDbmkCYb","2111 Bath Ave, Brooklyn, NY 11214","1150000","","Mixed Use","Active","https://onekeymls.com/home-details/2111-bath-ave-brooklyn-ny-11214/3pjvDbmkCYb"
"4VGiO6eYz2u","8807 Bay 16th St Unit 3A, Brooklyn, NY 11214","795000","3","Condominium","Active","https://onekeymls.com/home-details/8807-bay-16th-st-unit-3a-brooklyn-ny-11214/4VGiO6eYz2u"
"ja007NOgP1g","2062 77th St, Brooklyn, NY 11214","1745000","","Multi Family","Active","https://onekeymls.com/home-details/2062-77th-st-brooklyn-ny-11214/ja007NOgP1g"
"dVYBCCLveMd","1902 Stillwell Ave, Brooklyn, NY 11223","1899999","","Mixed Use","Active","https://onekeymls.com/home-details/1902-stillwell-ave-brooklyn-ny-11223/dVYBCCLveMd"
"ilHo0i9exIK","2483 W 16th St Unit 10H, Brooklyn, NY 11214","429000","3","Stock Cooperative","Pending","https://onekeymls.com/home-details/2483-w-16th-st-unit-10h-brooklyn-ny-11214/ilHo0i9exIK"
"1WZxZNkeJeS","1935 Shore Pkwy Unit 15A, Brooklyn, NY 11214","380000","2","Stock Cooperative","Active","https://onekeymls.com/home-details/1935-shore-pkwy-unit-15a-brooklyn-ny-11214/1WZxZNkeJeS"
"lp0a6yRyTIv","2286 Cropsey Ave Unit 10B, Brooklyn, NY 11214","850000","2","Condominium","Active","https://onekeymls.com/home-details/2286-cropsey-ave-unit-10b-brooklyn-ny-11214/lp0a6yRyTIv"
"8bjTAme6nn6","183 Bay 22nd St, Brooklyn, NY 11214","2200000","10","Duplex","Active","https://onekeymls.com/home-details/183-bay-22nd-st-brooklyn-ny-11214/8bjTAme6nn6"
"hVtCXCVBn7g","150 Bay 40th St, Brooklyn, NY 11214","929000","3","Single Family Residence","Active","https://onekeymls.com/home-details/150-bay-40th-st-brooklyn-ny-11214/hVtCXCVBn7g"
"gydN4NGWM4u","8863 19th Ave, Brooklyn, NY 11214","1050000","3","Single Family Residence","Pending","https://onekeymls.com/home-details/8863-19th-ave-brooklyn-ny-11214/gydN4NGWM4u"
"8Kg9wUZIVYy","8735 Bay Pkwy Unit A57, Brooklyn, NY 11214","245000","1","Stock Cooperative","Active","https://onekeymls.com/home-details/8735-bay-pkwy-unit-a57-brooklyn-ny-11214/8Kg9wUZIVYy"
"7mADrMqtBFW","8805 Bay 16th St, Brooklyn, NY 11214","799000","3","Condominium","Pending","https://onekeymls.com/home-details/8805-bay-16th-st-brooklyn-ny-11214/7mADrMqtBFW"
"4uxdhaDR7uB","2155 82nd St Unit 6N, Brooklyn, NY 11214","255000","0","Stock Cooperative","Active","https://onekeymls.com/home-details/2155-82nd-st-unit-6n-brooklyn-ny-11214/4uxdhaDR7uB"
"cJO2elgcH7P","114 Bay 32nd St, Brooklyn, NY 11214","1799000","6","Triplex","Pending","https://onekeymls.com/home-details/114-bay-32nd-st-brooklyn-ny-11214/cJO2elgcH7P"
"ajzZhS3eyH7","2510 85th St, Brooklyn, NY 11214","1799000","8","Duplex","Active","https://onekeymls.com/home-details/2510-85th-st-brooklyn-ny-11214/ajzZhS3eyH7"
"7kM954xlHQT","2348 82nd St, Brooklyn, NY 11214","1350000","","Multi Family","Active","https://onekeymls.com/home-details/2348-82nd-st-brooklyn-ny-11214/7kM954xlHQT"
"3o45k3nbd7M","15 Bay 20th St, Brooklyn, NY 11214","2250000","0","Triplex","Pending","https://onekeymls.com/home-details/15-bay-20th-st-brooklyn-ny-11214/3o45k3nbd7M"
"gtR9hUUZTLC","6710 15th Ave, Brooklyn, NY 11219","2050000","","","Active","https://onekeymls.com/home-details/6710-15th-ave-brooklyn-ny-11219/gtR9hUUZTLC"
"jC1B6RFt4LV","1044 41st, Brooklyn, NY 11219","1999999","6","Duplex","Pending","https://onekeymls.com/home-details/1044-41st-brooklyn-ny-11219/jC1B6RFt4LV"
"jkhxHRaMt0v","1024 Ovington Ave, Brooklyn, NY 11219","1249900","3","Single Family Residence","Active","https://onekeymls.com/home-details/1024-ovington-ave-brooklyn-ny-11219/jkhxHRaMt0v"
"cqMnugDcuGX","4807 Fort Hamilton Pkwy, Brooklyn, NY 11219","1999000","6","Duplex","Active","https://onekeymls.com/home-details/4807-fort-hamilton-pkwy-brooklyn-ny-11219/cqMnugDcuGX"
"8ZBmyF3zlg3","1130 58th St, Brooklyn, NY 11219","2280000","0","Duplex","Active","https://onekeymls.com/home-details/1130-58th-st-brooklyn-ny-11219/8ZBmyF3zlg3"
"1CdXjEcAjjw","1238 63rd St Unit D224, Brooklyn, NY 11219","738000","2","Condominium","Active","https://onekeymls.com/home-details/1238-63rd-st-unit-d224-brooklyn-ny-11219/1CdXjEcAjjw"
"bHzsdtZ1Y8F","1439 43rd St, Brooklyn, NY 11219","2700000","0","Quadruplex","Active","https://onekeymls.com/home-details/1439-43rd-st-brooklyn-ny-11219/bHzsdtZ1Y8F"
"ky0kXzX0FBH","4019 10th Ave, Brooklyn, NY 11219","1650000","0","Quadruplex","Active","https://onekeymls.com/home-details/4019-10th-ave-brooklyn-ny-11219/ky0kXzX0FBH"
"6rS8WpURXl2","1312 66th St, Brooklyn, NY 11219","1670000","","Multi Family","Active","https://onekeymls.com/home-details/1312-66th-st-brooklyn-ny-11219/6rS8WpURXl2"
"5r8gXMoUpLF","1238 63rd St Unit D342, Brooklyn, NY 11219","738000","2","Condominium","Active","https://onekeymls.com/home-details/1238-63rd-st-unit-d342-brooklyn-ny-11219/5r8gXMoUpLF"
"lNky7e1Axzh","6617 10th Ave, Brooklyn, NY 11219","2388888","6","Duplex","Pending","https://onekeymls.com/home-details/6617-10th-ave-brooklyn-ny-11219/lNky7e1Axzh"
"jDIBIMiEbyp","941 57th St Unit 1A, Brooklyn, NY 11219","650000","1","Condominium","Active","https://onekeymls.com/home-details/941-57th-st-unit-1a-brooklyn-ny-11219/jDIBIMiEbyp"
"gdhixw1PgOk","972 52nd St, Brooklyn, NY 11219","1600000","0","Duplex","Pending","https://onekeymls.com/home-details/972-52nd-st-brooklyn-ny-11219/gdhixw1PgOk"
"nqfJ1IQrEJ","233 Bay Ridge Ave, Brooklyn, NY 11220","1320000","0","Triplex","Active","https://onekeymls.com/home-details/233-bay-ridge-ave-brooklyn-ny-11220/nqfJ1IQrEJ"
"lNi0Pqku2lO","818 60th St Unit 6B, Brooklyn, NY 11220","570000","2","Condominium","Active","https://onekeymls.com/home-details/818-60th-st-unit-6b-brooklyn-ny-11220/lNi0Pqku2lO"
"2Zy4IL4lBal","44-58 E 8th Street Unit 3N, New York (manhattan), NY 11220","610000","1","Stock Cooperative","Active","https://onekeymls.com/home-details/44-58-e-8th-street-unit-3n-new-york-manhattan-ny-11220/2Zy4IL4lBal"
"8dD6N24A4u8","10507 Apt 6B, For 66th Road Unit 6B, Forest Hills, NY 11220","324888","1","Stock Cooperative","Active","https://onekeymls.com/home-details/10507-apt-6b-for-66th-road-unit-6b-forest-hills-ny-11220/8dD6N24A4u8"
"8FZyL671k5g","426 54th St, Brooklyn, NY 11220","1749000","4","Single Family Residence","Active","https://onekeymls.com/home-details/426-54th-st-brooklyn-ny-11220/8FZyL671k5g"
"49ZinSrMO1","849 53rd Street Unit Cf-12, Brooklyn, NY 11220","990000","","Office","Active","https://onekeymls.com/home-details/849-53rd-street-unit-cf-12-brooklyn-ny-11220/49ZinSrMO1"
"hpgNhqNfoHt","6665 Colonial Rd Unit 5D, Brooklyn, NY 11220","349900","1","Stock Cooperative","Active","https://onekeymls.com/home-details/6665-colonial-rd-unit-5d-brooklyn-ny-11220/hpgNhqNfoHt"
"ar1IU5BOD8w","6738 6th Ave, Brooklyn, NY 11220","1490000","4","Single Family Residence","Pending","https://onekeymls.com/home-details/6738-6th-ave-brooklyn-ny-11220/ar1IU5BOD8w"
"azchZlfLWWJ","5125 6th Ave, Brooklyn, NY 11220","2199000","","Mixed Use","Active","https://onekeymls.com/home-details/5125-6th-ave-brooklyn-ny-11220/azchZlfLWWJ"
"9rE4fcASeC5","469 47th St, Brooklyn, NY 11220","1779000","7","Triplex","Active","https://onekeymls.com/home-details/469-47th-st-brooklyn-ny-11220/9rE4fcASeC5"
"cisda7TvSYY","816 53rd St, Brooklyn, NY 11220","1399000","3","Single Family Residence","Active","https://onekeymls.com/home-details/816-53rd-st-brooklyn-ny-11220/cisda7TvSYY"
"9d84EizGDgq","462 52nd St Unit 2D, Brooklyn, NY 11220","628000","1","Condominium","Active","https://onekeymls.com/home-details/462-52nd-st-unit-2d-brooklyn-ny-11220/9d84EizGDgq"
"br635w6w8ct","444 68th St, Brooklyn, NY 11220","1080000","0","Triplex","Active","https://onekeymls.com/home-details/444-68th-st-brooklyn-ny-11220/br635w6w8ct"
"asZF3hH7bDG","149 67th St, Brooklyn, NY 11220","2300000","3","Single Family Residence","Active","https://onekeymls.com/home-details/149-67th-st-brooklyn-ny-11220/asZF3hH7bDG"
"f463YuDW6Jy","345 54th St, Brooklyn, NY 11220","1299000","3","Duplex","Active","https://onekeymls.com/home-details/345-54th-st-brooklyn-ny-11220/f463YuDW6Jy"
"EKPTZm7tg7","314 Senator St, Brooklyn, NY 11220","1900000","11","Quadruplex","Active","https://onekeymls.com/home-details/314-senator-st-brooklyn-ny-11220/EKPTZm7tg7"
"kcMuOMPlsPi","775 48th St, Brooklyn, NY 11220","2680000","0","Duplex","Active","https://onekeymls.com/home-details/775-48th-st-brooklyn-ny-11220/kcMuOMPlsPi"
"8V0DmgjiUsr","5411 4th Ave, Brooklyn, NY 11220","1299999","","Multi Family","Active","https://onekeymls.com/home-details/5411-4th-ave-brooklyn-ny-11220/8V0DmgjiUsr"
"2QLHSKP69BM","201 46th St, Brooklyn, NY 11220","18800000","","Warehouse","Active","https://onekeymls.com/home-details/201-46th-st-brooklyn-ny-11220/2QLHSKP69BM"
"5POQLsCJe4u","159 Bay Ridge Ave, Brooklyn, NY 11220","1348888","4","Duplex","Pending","https://onekeymls.com/home-details/159-bay-ridge-ave-brooklyn-ny-11220/5POQLsCJe4u"
"W5BnOZi576","133 57th St, Brooklyn, NY 11220","1450000","6","Triplex","Active","https://onekeymls.com/home-details/133-57th-st-brooklyn-ny-11220/W5BnOZi576"
"69kOxQxSRAn","5907 4th Ave, Brooklyn, NY 11220","1480000","16","Single Family Residence","Active","https://onekeymls.com/home-details/5907-4th-ave-brooklyn-ny-11220/69kOxQxSRAn"
"gbTon9kTeiq","5423 7th Ave Unit 4A, Brooklyn, NY 11220","689000","2","Condominium","Pending","https://onekeymls.com/home-details/5423-7th-ave-unit-4a-brooklyn-ny-11220/gbTon9kTeiq"
"hC6bAjxzWDV","880 60th St Unit 1A, Brooklyn, NY 11220","3990000","","Mixed Use","Active","https://onekeymls.com/home-details/880-60th-st-unit-1a-brooklyn-ny-11220/hC6bAjxzWDV"
"l1mhYox2kMs","5001 4th Ave, Brooklyn, NY 11220","3990000","","Multi Family","Active","https://onekeymls.com/home-details/5001-4th-ave-brooklyn-ny-11220/l1mhYox2kMs"
"4L1lCxVtppf","358 61st St, Brooklyn, NY 11220","1350000","0","Triplex","Active","https://onekeymls.com/home-details/358-61st-st-brooklyn-ny-11220/4L1lCxVtppf"
"2TuR35aeEB1","727 53rd St, Brooklyn, NY 11220","1898000","0","Quadruplex","Active","https://onekeymls.com/home-details/727-53rd-st-brooklyn-ny-11220/2TuR35aeEB1"
"earxwE4pCSF","827 49th St, Brooklyn, NY 11220","2800000","","Multi Family","Active","https://onekeymls.com/home-details/827-49th-st-brooklyn-ny-11220/earxwE4pCSF"
"kYuPqjW45xA","338 56th St, Brooklyn, NY 11220","1600000","7","Duplex","Active","https://onekeymls.com/home-details/338-56th-st-brooklyn-ny-11220/kYuPqjW45xA"
"R6DP2pAcYc","850 57th St Unit Cf1, Brooklyn, NY 11220","1450000","","Warehouse","Active","https://onekeymls.com/home-details/850-57th-st-unit-cf1-brooklyn-ny-11220/R6DP2pAcYc"
"lpWK1E5jyvW","1811 Stillwell Ave, Brooklyn, NY 11223","2750000","","Mixed Use","Active","https://onekeymls.com/home-details/1811-stillwell-ave-brooklyn-ny-11223/lpWK1E5jyvW"
"30yBHYP8DQf","2395 E 3rd St, Brooklyn, NY 11223","1650000","6","Duplex","Active","https://onekeymls.com/home-details/2395-e-3rd-st-brooklyn-ny-11223/30yBHYP8DQf"
"6oPkp33PZiq","1637 W 2nd St, Brooklyn, NY 11223","1100000","4","Single Family Residence","Active","https://onekeymls.com/home-details/1637-w-2nd-st-brooklyn-ny-11223/6oPkp33PZiq"
"9Ru7fjuPHjf","2322 W 7th Street, Brooklyn, NY 11223","2380000","","Warehouse","Active","https://onekeymls.com/home-details/2322-w-7th-street-brooklyn-ny-11223/9Ru7fjuPHjf"
"62p6TVuWYdX","1659 W 3rd St, Brooklyn, NY 11223","1680000","6","Duplex","Active","https://onekeymls.com/home-details/1659-w-3rd-st-brooklyn-ny-11223/62p6TVuWYdX"
"6wdE3OzR3qg","815 Avenue U, Brooklyn, NY 11223","2100000","","Mixed Use","Active","https://onekeymls.com/home-details/815-avenue-u-brooklyn-ny-11223/6wdE3OzR3qg"
"b8WGgZeEhWP","113 Avenue S, Jamaica, NY 11223","180000","","","Active","https://onekeymls.com/home-details/113-avenue-s-jamaica-ny-11223/b8WGgZeEhWP"
"aHaSiGirZvp","1936 W 5th St, Brooklyn, NY 11223","989000","4","Single Family Residence","Pending","https://onekeymls.com/home-details/1936-w-5th-st-brooklyn-ny-11223/aHaSiGirZvp"
"azIPaCqxlY5","2261 Coney Island Ave, Brooklyn, NY 11223","1100000","3","Single Family Residence","Pending","https://onekeymls.com/home-details/2261-coney-island-ave-brooklyn-ny-11223/azIPaCqxlY5"
"4M5jhWmL7jn","1890 W 6th St, Brooklyn, NY 11223","1785000","","Mixed Use","Active","https://onekeymls.com/home-details/1890-w-6th-st-brooklyn-ny-11223/4M5jhWmL7jn"
"aQAnYm0gLVC","735 Avenue W Unit 6M, Brooklyn, NY 11223","249000","1","Stock Cooperative","Active","https://onekeymls.com/home-details/735-avenue-w-unit-6m-brooklyn-ny-11223/aQAnYm0gLVC"
"2T9dG985HWg","1859 W 4th St, Brooklyn, NY 11223","1999999","7","Duplex","Pending","https://onekeymls.com/home-details/1859-w-4th-st-brooklyn-ny-11223/2T9dG985HWg"
"jHjanraXf9R","6D Woodside Ave 60th Street 34th Avenue Unit, Woodside, NY 11223","675000","2","Stock Cooperative","Active","https://onekeymls.com/home-details/6d-woodside-ave-60th-street-34th-avenue-unit-woodside-ny-11223/jHjanraXf9R"
"5dJc3AzJLH4","2430 Stillwell Ave, Brooklyn, NY 11223","999000","","Retail","Pending","https://onekeymls.com/home-details/2430-stillwell-ave-brooklyn-ny-11223/5dJc3AzJLH4"
"8vesP3SkGK","735 Avenue W Unit 3L, Brooklyn, NY 11223","280000","1","Stock Cooperative","Pending","https://onekeymls.com/home-details/735-avenue-w-unit-3l-brooklyn-ny-11223/8vesP3SkGK"
"6UpAcyWSiZM","33 Avenue U, Brooklyn, NY 11223","1599000","","Multi Family","Active","https://onekeymls.com/home-details/33-avenue-u-brooklyn-ny-11223/6UpAcyWSiZM"
"ihrpI5gnw43","320 Avenue P, Brooklyn, NY 11204","1400000","","","Active","https://onekeymls.com/home-details/320-avenue-p-brooklyn-ny-11204/ihrpI5gnw43"
"g1i6eMjlcVz","226 Kings Hwy, Brooklyn, NY 11223","1750000","","Mixed Use","Active","https://onekeymls.com/home-details/226-kings-hwy-brooklyn-ny-11223/g1i6eMjlcVz"
"j84xheL2Xjv","76 Lake Pl, Brooklyn, NY 11223","975000","0","Duplex","Pending","https://onekeymls.com/home-details/76-lake-pl-brooklyn-ny-11223/j84xheL2Xjv"
"lpCbxn8l7XI","153 Kings Hwy, Brooklyn, NY 11223","2399900","","Mixed Use","Pending","https://onekeymls.com/home-details/153-kings-hwy-brooklyn-ny-11223/lpCbxn8l7XI"
"93y0TbjGxKn","2383 Stillwell Ave, Brooklyn, NY 11223","4999000","","Unimproved Land","Active","https://onekeymls.com/home-details/2383-stillwell-ave-brooklyn-ny-11223/93y0TbjGxKn"
"5dsTAHaF2bB","733 Ocean Pkwy Unit 7C, Brooklyn, NY 11230","869000","2","Condominium","Active","https://onekeymls.com/home-details/733-ocean-pkwy-unit-7c-brooklyn-ny-11230/5dsTAHaF2bB"
"6hS6EWYQnXu","253 Newkirk Ave, Brooklyn, NY 11230","1800000","6","Duplex","Active","https://onekeymls.com/home-details/253-newkirk-ave-brooklyn-ny-11230/6hS6EWYQnXu"
"bxOBlbD9lTW","1717 Avenue N Unit 2K, Brooklyn, NY 11230","329000","1","Stock Cooperative","Active","https://onekeymls.com/home-details/1717-avenue-n-unit-2k-brooklyn-ny-11230/bxOBlbD9lTW"
"2dQZ41GoNN8","1215 Avenue M Avenue Unit 1F, Brooklyn, NY 11230","279000","1","Stock Cooperative","Active","https://onekeymls.com/home-details/1215-avenue-m-avenue-unit-1f-brooklyn-ny-11230/2dQZ41GoNN8"
"9FzIFHXBZTE","1334 E 15th St, Brooklyn, NY 11230","1749000","0","Duplex","Active","https://onekeymls.com/home-details/1334-e-15th-st-brooklyn-ny-11230/9FzIFHXBZTE"
"hz146rmxdH1","84-39 Apt 4L 153 Ave Avenue Unit 4L, Howard Beach, NY 11230","409000","2","Condominium","Active","https://onekeymls.com/home-details/84-39-apt-4l-153-ave-avenue-unit-4l-howard-beach-ny-11230/hz146rmxdH1"
"346zM29lizW","1289 E 19th St Unit F7, Brooklyn, NY 11230","325000","1","Stock Cooperative","Active","https://onekeymls.com/home-details/1289-e-19th-st-unit-f7-brooklyn-ny-11230/346zM29lizW"
"ciKQ0mcudrz","1289 E 19th St Unit D4, Brooklyn, NY 11230","249000","0","Stock Cooperative","Active","https://onekeymls.com/home-details/1289-e-19th-st-unit-d4-brooklyn-ny-11230/ciKQ0mcudrz"
"aLtswatMKWb","1180 Ocean Pkwy Unit 2E, Brooklyn, NY 11230","555000","2","Stock Cooperative","Active","https://onekeymls.com/home-details/1180-ocean-pkwy-unit-2e-brooklyn-ny-11230/aLtswatMKWb"
"3Yv4uKb8meK","1500 Ocean Pkwy Unit 2H, Brooklyn, NY 11230","299999","1","Stock Cooperative","Active","https://onekeymls.com/home-details/1500-ocean-pkwy-unit-2h-brooklyn-ny-11230/3Yv4uKb8meK"
"iDjfLf1tOt0","618 Avenue H Unit 7G, Brooklyn, NY 11230","420000","0","Condominium","Active","https://onekeymls.com/home-details/618-avenue-h-unit-7g-brooklyn-ny-11230/iDjfLf1tOt0"
"fsHodqcBOS","1384 E 16th St, Brooklyn, NY 11230","950000","3","Duplex","Active","https://onekeymls.com/home-details/1384-e-16th-st-brooklyn-ny-11230/fsHodqcBOS"
"AcMjy6XLKk","1289 E 19th St Unit B3, Brooklyn, NY 11230","410000","2","Stock Cooperative","Pending","https://onekeymls.com/home-details/1289-e-19th-st-unit-b3-brooklyn-ny-11230/AcMjy6XLKk"
"arsEqwqND9x","1023 Mcdonald Ave, Brooklyn, NY 11230","1800000","5","Triplex","Active","https://onekeymls.com/home-details/1023-mcdonald-ave-brooklyn-ny-11230/arsEqwqND9x"
"ekjEQxRTg4n","1916 Ocean Ave Unit Ph12, Brooklyn, NY 11230","730000","2","Apartment","Active","https://onekeymls.com/home-details/1916-ocean-ave-unit-ph12-brooklyn-ny-11230/ekjEQxRTg4n"
"f0G07YbNh1F","800 Ocean Pkwy Unit 1P, Brooklyn, NY 11230","389000","1","Stock Cooperative","Active","https://onekeymls.com/home-details/800-ocean-pkwy-unit-1p-brooklyn-ny-11230/f0G07YbNh1F"
"bW3OVOrt9V6","1425 Foster Ave, Brooklyn, NY 11230","2199000","3","Single Family Residence","Active","https://onekeymls.com/home-details/1425-foster-ave-brooklyn-ny-11230/bW3OVOrt9V6"
"cJYfpCsYL90","1401 Ocean Ave Unit 12B, Brooklyn, NY 11230","369000","1","Stock Cooperative","Pending","https://onekeymls.com/home-details/1401-ocean-ave-unit-12b-brooklyn-ny-11230/cJYfpCsYL90"
"iT5wR5fzu8o","1350 Ocean Pkwy Unit 5J, Brooklyn, NY 11230","489000","2","Stock Cooperative","Active","https://onekeymls.com/home-details/1350-ocean-pkwy-unit-5j-brooklyn-ny-11230/iT5wR5fzu8o"
"5NVelUnU7yZ","1289 E 19th St Unit C1, Brooklyn, NY 11230","310000","1","Stock Cooperative","Pending","https://onekeymls.com/home-details/1289-e-19th-st-unit-c1-brooklyn-ny-11230/5NVelUnU7yZ"
"5IMtGSaQW9A","1500 Ocean Pkwy Unit 1A, Brooklyn, NY 11230","449999","1","Stock Cooperative","Active","https://onekeymls.com/home-details/1500-ocean-pkwy-unit-1a-brooklyn-ny-11230/5IMtGSaQW9A"
"4b0OznhlpPW","No Street Number Avenue N, Brooklyn, NY 11230","1145000","","","Active","https://onekeymls.com/home-details/no-street-number-avenue-n-brooklyn-ny-11230/4b0OznhlpPW"
"em9YrvDiTyU","733 Ocean Pkwy Unit 9B, Brooklyn, NY 11230","560000","1","Condominium","Active","https://onekeymls.com/home-details/733-ocean-pkwy-unit-9b-brooklyn-ny-11230/em9YrvDiTyU"
"hIGfOmaa3cJ","332 Parkville Ave, Brooklyn, NY 11230","1985000","0","Duplex","Active","https://onekeymls.com/home-details/332-parkville-ave-brooklyn-ny-11230/hIGfOmaa3cJ"
"dG4vjZzxyZA","820 Ocean Pkwy Unit 404, Brooklyn, NY 11230","549000","3","Stock Cooperative","Pending","https://onekeymls.com/home-details/820-ocean-pkwy-unit-404-brooklyn-ny-11230/dG4vjZzxyZA"
"lfezpDm9TmP","820 Ocean Pkwy Unit 719, Brooklyn, NY 11230","238500","1","Stock Cooperative","Pending","https://onekeymls.com/home-details/820-ocean-pkwy-unit-719-brooklyn-ny-11230/lfezpDm9TmP"
"8HfrMbJLJuZ","1560 E 18th St Unit 2C, Brooklyn, NY 11230","339000","1","Stock Cooperative","Pending","https://onekeymls.com/home-details/1560-e-18th-st-unit-2c-brooklyn-ny-11230/8HfrMbJLJuZ"
"qr9Xtognl3","811 E 8th St, Brooklyn, NY 11230","1749900","14","Duplex","Pending","https://onekeymls.com/home-details/811-e-8th-st-brooklyn-ny-11230/qr9Xtognl3"
"jZlp00qwjZR","1530 E 8th St Unit 7B, Brooklyn, NY 11230","250000","1","Stock Cooperative","Pending","https://onekeymls.com/home-details/1530-e-8th-st-unit-7b-brooklyn-ny-11230/jZlp00qwjZR"
"8ZJkwoyW0Yi","345 Webster Ave Unit 2G, Brooklyn, NY 11230","399000","1","Stock Cooperative","Active","https://onekeymls.com/home-details/345-webster-ave-unit-2g-brooklyn-ny-11230/8ZJkwoyW0Yi"
"84CL6VxYvcI","1410 E 52nd St, Brooklyn, NY 11234","769000","5","Single Family Residence","Pending","https://onekeymls.com/home-details/1410-e-52nd-st-brooklyn-ny-11234/84CL6VxYvcI"
"hZxCuTGslYk","1667 E 51st St, Brooklyn, NY 11234","1079000","4","Single Family Residence","Active","https://onekeymls.com/home-details/1667-e-51st-st-brooklyn-ny-11234/hZxCuTGslYk"
"iw8V0Anv1O","1852 E 34th St, Brooklyn, NY 11234","824999","3","Single Family Residence","Active","https://onekeymls.com/home-details/1852-e-34th-st-brooklyn-ny-11234/iw8V0Anv1O"
"2NRePeFpKgB","1373 E 55th St, Brooklyn, NY 11234","669000","3","Single Family Residence","Active","https://onekeymls.com/home-details/1373-e-55th-st-brooklyn-ny-11234/2NRePeFpKgB"
"jqhWvoVBPBO","1611 E 55th St, Brooklyn, NY 11234","828000","3","Single Family Residence","Active","https://onekeymls.com/home-details/1611-e-55th-st-brooklyn-ny-11234/jqhWvoVBPBO"
"iofJ0thOOos","1630 E 52nd St, Brooklyn, NY 11234","874999","3","Single Family Residence","Active","https://onekeymls.com/home-details/1630-e-52nd-st-brooklyn-ny-11234/iofJ0thOOos"
"cFzqiruQw3m","5215 Avenue H, Brooklyn, NY 11234","899999","4","Duplex","Active","https://onekeymls.com/home-details/5215-avenue-h-brooklyn-ny-11234/cFzqiruQw3m"
"j0mydbAGlBO","1166 Bergen Ave, Brooklyn, NY 11234","1488888","7","Triplex","Active","https://onekeymls.com/home-details/1166-bergen-ave-brooklyn-ny-11234/j0mydbAGlBO"
"3FqXUoq5aNN","1495 E 45th St, Brooklyn, NY 11234","799000","3","Single Family Residence","Active","https://onekeymls.com/home-details/1495-e-45th-st-brooklyn-ny-11234/3FqXUoq5aNN"
"cXDujiHnysQ","3401 Avenue U, Brooklyn, NY 11234","899000","6","Single Family Residence","Active","https://onekeymls.com/home-details/3401-avenue-u-brooklyn-ny-11234/cXDujiHnysQ"
"9O70RMcpDJ6","3524 Aveune M, Brooklyn, NY 11234","899999","4","Single Family Residence","Active","https://onekeymls.com/home-details/3524-aveune-m-brooklyn-ny-11234/9O70RMcpDJ6"
"4vSSmxIsbiD","1204 E 72nd St, Brooklyn, NY 11234","1695000","10","Duplex","Active","https://onekeymls.com/home-details/1204-e-72nd-st-brooklyn-ny-11234/4vSSmxIsbiD"
"gATZrZSyboL","1091 E 72nd St Unit 20, Brooklyn, NY 11234","599000","3","Condominium","Active","https://onekeymls.com/home-details/1091-e-72nd-st-unit-20-brooklyn-ny-11234/gATZrZSyboL"
"8LkkbQ8EjoY","3914 Avenue T, Brooklyn, NY 11234","949000","3","Single Family Residence","Active","https://onekeymls.com/home-details/3914-avenue-t-brooklyn-ny-11234/8LkkbQ8EjoY"
"ay17XAJT6lx","2152 E 35th St, Brooklyn, NY 11234","1200000","3","Single Family Residence","Active","https://onekeymls.com/home-details/2152-e-35th-st-brooklyn-ny-11234/ay17XAJT6lx"
"dPSvJFjIESd","2177 E 69th St, Brooklyn, NY 11234","1599000","3","Triplex","Active","https://onekeymls.com/home-details/2177-e-69th-st-brooklyn-ny-11234/dPSvJFjIESd"
"6YkF8oTlKy8","5019 Avenue N, Brooklyn, NY 11234","1350000","3","Duplex","Active","https://onekeymls.com/home-details/5019-avenue-n-brooklyn-ny-11234/6YkF8oTlKy8"
"2KrwiNv5MUR","2236 Ralph Ave, Brooklyn, NY 11234","1050000","6","Duplex","Pending","https://onekeymls.com/home-details/2236-ralph-ave-brooklyn-ny-11234/2KrwiNv5MUR"
"iyaPPmVGlyH","2655 National Dr, Brooklyn, NY 11234","2799000","5","Single Family Residence","Active","https://onekeymls.com/home-details/2655-national-dr-brooklyn-ny-11234/iyaPPmVGlyH"
"jGovG3oCzSL","1986 Troy Ave, Brooklyn, NY 11234","875000","4","Single Family Residence","Active","https://onekeymls.com/home-details/1986-troy-ave-brooklyn-ny-11234/jGovG3oCzSL"
"eGp99KyhiJF","1161 E 56th St, Brooklyn, NY 11234","1030000","5","Duplex","Pending","https://onekeymls.com/home-details/1161-e-56th-st-brooklyn-ny-11234/eGp99KyhiJF"
"cRqiFHzju1e","4584 Kings Hwy, Brooklyn, NY 11234","765000","3","Single Family Residence","Active","https://onekeymls.com/home-details/4584-kings-hwy-brooklyn-ny-11234/cRqiFHzju1e"
"hgxaBrKjmAu","1799 E 51st St, Brooklyn, NY 11234","719000","2","Single Family Residence","Active","https://onekeymls.com/home-details/1799-e-51st-st-brooklyn-ny-11234/hgxaBrKjmAu"
"3AwxoHQnhgu","2029 E 64th St, Brooklyn, NY 11234","699000","3","Single Family Residence","Active","https://onekeymls.com/home-details/2029-e-64th-st-brooklyn-ny-11234/3AwxoHQnhgu"
"cIJpw6r1sNP","1536 E 51st St, Brooklyn, NY 11234","730000","3","Single Family Residence","Active","https://onekeymls.com/home-details/1536-e-51st-st-brooklyn-ny-11234/cIJpw6r1sNP"
"36C2GWVQ7vB","1646 E 36th St, Brooklyn, NY 11234","834999","3","Single Family Residence","Active","https://onekeymls.com/home-details/1646-e-36th-st-brooklyn-ny-11234/36C2GWVQ7vB"
"pP2Id14i5Q","1199 E 53rd St Unit 1L, Brooklyn, NY 11234","249000","2","Stock Cooperative","Active","https://onekeymls.com/home-details/1199-e-53rd-st-unit-1l-brooklyn-ny-11234/pP2Id14i5Q"
"j0ThbdRP6IF","1165 E 54th St Unit 3S, Brooklyn, NY 11234","430000","3","Stock Cooperative","Active","https://onekeymls.com/home-details/1165-e-54th-st-unit-3s-brooklyn-ny-11234/j0ThbdRP6IF"
"jNJQhzB10fS","2134 E 72nd St, Brooklyn, NY 11234","1049000","4","Single Family Residence","Active","https://onekeymls.com/home-details/2134-e-72nd-st-brooklyn-ny-11234/jNJQhzB10fS"
"l7KllYgTTyR","2049 E 71st St, Brooklyn, NY 11234","740000","2","Single Family Residence","Active","https://onekeymls.com/home-details/2049-e-71st-st-brooklyn-ny-11234/l7KllYgTTyR"
"d17mRCt5o6Q","15 Brighton 4th Ter, Brooklyn, NY 11235","999995","7","Triplex","Active","https://onekeymls.com/home-details/15-brighton-4th-ter-brooklyn-ny-11235/d17mRCt5o6Q"
"jh7i6zVZAU9","2964 Brighton 6th St Unit 6B, Brooklyn, NY 11235","474950","3","Condominium","Pending","https://onekeymls.com/home-details/2964-brighton-6th-st-unit-6b-brooklyn-ny-11235/jh7i6zVZAU9"
"2sYktZoohv8","2727 Ocean Pkwy Unit D18, Brooklyn, NY 11235","498000","2","Stock Cooperative","Active","https://onekeymls.com/home-details/2727-ocean-pkwy-unit-d18-brooklyn-ny-11235/2sYktZoohv8"
"8SzR5IcutRk","2517 Voorhies Ave Unit 1C, Brooklyn, NY 11235","638000","2","Condominium","Active","https://onekeymls.com/home-details/2517-voorhies-ave-unit-1c-brooklyn-ny-11235/8SzR5IcutRk"
"iUvh1omNzVS","2617 E 17th St Unit 4D, Brooklyn, NY 11235","948000","2","Condominium","Active","https://onekeymls.com/home-details/2617-e-17th-st-unit-4d-brooklyn-ny-11235/iUvh1omNzVS"
"kLA3xRB04yY","2461 E 29th St Unit 5G, Brooklyn, NY 11235","294000","2","Stock Cooperative","Pending","https://onekeymls.com/home-details/2461-e-29th-st-unit-5g-brooklyn-ny-11235/kLA3xRB04yY"
"ar33BtUNssa","3368 Shore Parkway Unit 2B, Brooklyn, NY 11235","748000","3","Condominium","Active","https://onekeymls.com/home-details/3368-shore-parkway-unit-2b-brooklyn-ny-11235/ar33BtUNssa"
"azVF5n9ykGl","4511 Bedford Ave, Brooklyn, NY 11235","1150000","3","Single Family Residence","Active","https://onekeymls.com/home-details/4511-bedford-ave-brooklyn-ny-11235/azVF5n9ykGl"
"gLa8OwcnVtE","154 Beaumont St, Brooklyn, NY 11235","1680000","3","Single Family Residence","Active","https://onekeymls.com/home-details/154-beaumont-st-brooklyn-ny-11235/gLa8OwcnVtE"
"7JcqIdzjUcx","2612 E 28th St, Brooklyn, NY 11235","1089000","3","Single Family Residence","Active","https://onekeymls.com/home-details/2612-e-28th-st-brooklyn-ny-11235/7JcqIdzjUcx"
"1zhxATW1rBy","3173 Shore Pkwy, Brooklyn, NY 11235","1499000","8","Duplex","Active","https://onekeymls.com/home-details/3173-shore-pkwy-brooklyn-ny-11235/1zhxATW1rBy"
"xtVCW2cE4I","1523 Voorhies Ave, Brooklyn, NY 11235","8100000","","Office","Active","https://onekeymls.com/home-details/1523-voorhies-ave-brooklyn-ny-11235/xtVCW2cE4I"
"a7dlp7gBRsx","3435 Guider Ave Unit 5A, Brooklyn, NY 11235","899000","3","Condominium","Active","https://onekeymls.com/home-details/3435-guider-ave-unit-5a-brooklyn-ny-11235/a7dlp7gBRsx"
"3K2R3z6xcK9","65 Oceana Dr E Unit 9A, Brooklyn, NY 11235","1150000","2","Condominium","Active","https://onekeymls.com/home-details/65-oceana-dr-e-unit-9a-brooklyn-ny-11235/3K2R3z6xcK9"
"eMotgbqwI4p","2645 Homecrest Ave Unit 3G, Brooklyn, NY 11235","340000","2","Stock Cooperative","Pending","https://onekeymls.com/home-details/2645-homecrest-ave-unit-3g-brooklyn-ny-11235/eMotgbqwI4p"
"jthQWLYuupl","30 W End Ave Unit 6, Brooklyn, NY 11235","599900","2","Single Family Residence","Active","https://onekeymls.com/home-details/30-w-end-ave-unit-6-brooklyn-ny-11235/jthQWLYuupl"
"1PwnnCrQ5dF","2580 Ocean Pkwy Unit 2K, Brooklyn, NY 11235","350000","2","Stock Cooperative","Active","https://onekeymls.com/home-details/2580-ocean-pkwy-unit-2k-brooklyn-ny-11235/1PwnnCrQ5dF"
"bqAK69eSRvb","190 Kensington St, Brooklyn, NY 11235","3100000","4","Single Family Residence","Active","https://onekeymls.com/home-details/190-kensington-st-brooklyn-ny-11235/bqAK69eSRvb"
"3gEkD5C6MW9","155 W End Ave, Brooklyn, NY 11235","819900","3","Duplex","Active","https://onekeymls.com/home-details/155-w-end-ave-brooklyn-ny-11235/3gEkD5C6MW9"
"2AxECP0QK8T","2686 E 12th St, Brooklyn, NY 11235","1300000","6","Duplex","Pending","https://onekeymls.com/home-details/2686-e-12th-st-brooklyn-ny-11235/2AxECP0QK8T"
"cZDI1hoqOqt","2425 Haring St Unit 2H, Brooklyn, NY 11235","299000","2","Stock Cooperative","Pending","https://onekeymls.com/home-details/2425-haring-st-unit-2h-brooklyn-ny-11235/cZDI1hoqOqt"
"jNrEycJiwEF","2685 E 7th St Unit 6M, Brooklyn, NY 11235","369000","2","Stock Cooperative","Pending","https://onekeymls.com/home-details/2685-e-7th-st-unit-6m-brooklyn-ny-11235/jNrEycJiwEF"
"8d1NOFBG2In","4647 Bedford Ave, Brooklyn, NY 11235","1350000","4","Single Family Residence","Pending","https://onekeymls.com/home-details/4647-bedford-ave-brooklyn-ny-11235/8d1NOFBG2In"
"9hwNo3KjLKx","4094 Ocean Ave, Brooklyn, NY 11235","3249000","6","Single Family Residence","Active","https://onekeymls.com/home-details/4094-ocean-ave-brooklyn-ny-11235/9hwNo3KjLKx"
"eGFSMIOelOI","2544 Hubbard St, Brooklyn, NY 11235","998000","3","Duplex","Active","https://onekeymls.com/home-details/2544-hubbard-st-brooklyn-ny-11235/eGFSMIOelOI"
"eiDiMr8Cc3S","2310 Jerome Ave, Brooklyn, NY 11235","2899999","","","Active","https://onekeymls.com/home-details/2310-jerome-ave-brooklyn-ny-11235/eiDiMr8Cc3S"
"jVjkswLozhB","2615 Homecrest Ave Unit 1B, Brooklyn, NY 11235","280000","1","Stock Cooperative","Active","https://onekeymls.com/home-details/2615-homecrest-ave-unit-1b-brooklyn-ny-11235/jVjkswLozhB"
"bfE4q5Z1Nuh","3903 Nostrand Ave Unit 6C, Brooklyn, NY 11235","305000","1","Stock Cooperative","Active","https://onekeymls.com/home-details/3903-nostrand-ave-unit-6c-brooklyn-ny-11235/bfE4q5Z1Nuh"
"9ZO5oLfR9Jn","196 Brighton 10th St, Brooklyn, NY 11235","1100000","4","Single Family Residence","Active","https://onekeymls.com/home-details/196-brighton-10th-st-brooklyn-ny-11235/9ZO5oLfR9Jn"
"3IUTfox5MYW","2620 E 13th St Unit 3A, Brooklyn, NY 11235","329000","3","Stock Cooperative","Pending","https://onekeymls.com/home-details/2620-e-13th-st-unit-3a-brooklyn-ny-11235/3IUTfox5MYW"
"ceqLE7lIEmT","2231 62nd St Unit 1A, Brooklyn, NY 11204","600000","1","Condominium","Active","https://onekeymls.com/home-details/2231-62nd-st-unit-1a-brooklyn-ny-11204/ceqLE7lIEmT"
"7q51o1I4sjt","2138 68th St, Brooklyn, NY 11204","1788000","6","Duplex","Pending","https://onekeymls.com/home-details/2138-68th-st-brooklyn-ny-11204/7q51o1I4sjt"
"5Bm3HL4zTdD","339 Avenue P Unit 6B, Brooklyn, NY 11204","825000","2","Condominium","Active","https://onekeymls.com/home-details/339-avenue-p-unit-6b-brooklyn-ny-11204/5Bm3HL4zTdD"
"iZwxpW0AnQY","1673 66th St, Brooklyn, NY 11204","1850000","0","Quadruplex","Pending","https://onekeymls.com/home-details/1673-66th-st-brooklyn-ny-11204/iZwxpW0AnQY"
"bCN3XxTYEUG","2370 62nd St Unit 3, Brooklyn, NY 11204","890000","2","Condominium","Active","https://onekeymls.com/home-details/2370-62nd-st-unit-3-brooklyn-ny-11204/bCN3XxTYEUG"
"4LCK0XFZQVG","100 Avenue P Unit 1H, Brooklyn, NY 11204","649000","2","Stock Cooperative","Pending","https://onekeymls.com/home-details/100-avenue-p-unit-1h-brooklyn-ny-11204/4LCK0XFZQVG"
"aHSLjAKtmPb","339 Avenue P Unit 2B, Brooklyn, NY 11204","520000","1","Condominium","Active","https://onekeymls.com/home-details/339-avenue-p-unit-2b-brooklyn-ny-11204/aHSLjAKtmPb"
"5qYTs9JVi9b","1414 W 4th St Unit Ph5, Brooklyn, NY 11204","1075000","3","Condominium","Active","https://onekeymls.com/home-details/1414-w-4th-st-unit-ph5-brooklyn-ny-11204/5qYTs9JVi9b"
"eFYUUnxzfhQ","1772 68th St, Brooklyn, NY 11204","1768888","5","Triplex","Pending","https://onekeymls.com/home-details/1772-68th-st-brooklyn-ny-11204/eFYUUnxzfhQ"
"3Ki6U6E8IO9","1811 72nd St, Brooklyn, NY 11204","2000000","10","Multi Family","Active","https://onekeymls.com/home-details/1811-72nd-st-brooklyn-ny-11204/3Ki6U6E8IO9"
"8V6kRiRgVJT","79 Avenue O Unit B2, Brooklyn, NY 11204","280000","1","Stock Cooperative","Active","https://onekeymls.com/home-details/79-avenue-o-unit-b2-brooklyn-ny-11204/8V6kRiRgVJT"
"9sWW1Z8RET9","1410 W 3rd St, Brooklyn, NY 11204","1029000","","Mixed Use","Active","https://onekeymls.com/home-details/1410-w-3rd-st-brooklyn-ny-11204/9sWW1Z8RET9"
"1YIsFmYd3R6","2383 65th St, Brooklyn, NY 11204","1798000","","Mixed Use","Active","https://onekeymls.com/home-details/2383-65th-st-brooklyn-ny-11204/1YIsFmYd3R6"
"8lFRyqn6PFV","1858 73rd St, Brooklyn, NY 11204","1250000","0","","Pending","https://onekeymls.com/home-details/1858-73rd-st-brooklyn-ny-11204/8lFRyqn6PFV"
"1p2enxBX3D1","1051 71st St, Brooklyn, NY 11228","1388888","6","Duplex","Coming Soon","https://onekeymls.com/home-details/1051-71st-st-brooklyn-ny-11228/1p2enxBX3D1"
"2F8oQbM6iJW","1593 Independence Ave, Brooklyn, NY 11228","999900","2","Single Family Residence","Active","https://onekeymls.com/home-details/1593-independence-ave-brooklyn-ny-11228/2F8oQbM6iJW"
"dKudC1SLxSO","1228 80th St, Brooklyn, NY 11228","1248000","3","Single Family Residence","Pending","https://onekeymls.com/home-details/1228-80th-st-brooklyn-ny-11228/dKudC1SLxSO"
"6279pWgVd7g","8832 7th Ave, Brooklyn, NY 11228","1300000","4","Duplex","Pending","https://onekeymls.com/home-details/8832-7th-ave-brooklyn-ny-11228/6279pWgVd7g"
"gRjt3gFOKub","942 72nd St, Brooklyn, NY 11228","2888000","6","Manufactured Home","Active","https://onekeymls.com/home-details/942-72nd-st-brooklyn-ny-11228/gRjt3gFOKub"
"crNM26WW9es","342 Bay 11th St, Brooklyn, NY 11228","1600000","4","Duplex","Active","https://onekeymls.com/home-details/342-bay-11th-st-brooklyn-ny-11228/crNM26WW9es"
"4fr5RWsVgBl","7611 13th Ave, Brooklyn, NY 11228","185000","","Business","Active","https://onekeymls.com/home-details/7611-13th-ave-brooklyn-ny-11228/4fr5RWsVgBl"
"8ivQ1kTe55I","1263 Bay Ridge Pkwy, Brooklyn, NY 11228","1348000","3","Duplex","Pending","https://onekeymls.com/home-details/1263-bay-ridge-pkwy-brooklyn-ny-11228/8ivQ1kTe55I"
"7EV2g6aChwz","1428 70th St, Brooklyn, NY 11228","1950000","6","Duplex","Active","https://onekeymls.com/home-details/1428-70th-st-brooklyn-ny-11228/7EV2g6aChwz"
"d4IY6SCUWeY","1430 70th St, Brooklyn, NY 11228","1950000","8","Triplex","Active","https://onekeymls.com/home-details/1430-70th-st-brooklyn-ny-11228/d4IY6SCUWeY"
"8m3W4BL20nI","1432 70th St, Brooklyn, NY 11228","1850000","6","Duplex","Active","https://onekeymls.com/home-details/1432-70th-st-brooklyn-ny-11228/8m3W4BL20nI"
"2q5g2xc7xco","1001 Shore Pkwy Unit 2B, Brooklyn, NY 11228","430000","2","Stock Cooperative","Pending","https://onekeymls.com/home-details/1001-shore-pkwy-unit-2b-brooklyn-ny-11228/2q5g2xc7xco"
"dhp6ScjElSc","8423 14th Ave, Brooklyn, NY 11228","3000011","0","Quadruplex","Active","https://onekeymls.com/home-details/8423-14th-ave-brooklyn-ny-11228/dhp6ScjElSc"
"hbclkx1qDGe","8421 7th Ave, Brooklyn, NY 11228","1380000","4","Duplex","Active","https://onekeymls.com/home-details/8421-7th-ave-brooklyn-ny-11228/hbclkx1qDGe"
"60NETXPzRFY","1548 72nd St Unit 301, Brooklyn, NY 11228","806000","3","Condominium","Pending","https://onekeymls.com/home-details/1548-72nd-st-unit-301-brooklyn-ny-11228/60NETXPzRFY"
"fk9HBLGkNtS","1528 76th St, Brooklyn, NY 11228","1950000","8","Triplex","Pending","https://onekeymls.com/home-details/1528-76th-st-brooklyn-ny-11228/fk9HBLGkNtS"
"iElBsUlW1Lv","300 West 110th Street Unit 19-H, New York (manhattan), NY 10026","695000","1","Condominium","Pending","https://onekeymls.com/home-details/300-west-110th-street-unit-19-h-new-york-manhattan-ny-10026/iElBsUlW1Lv"
"kuA5hyGmhWG","236 W 112th Street, New York (manhattan), NY 10026","4300000","7","Duplex","Active","https://onekeymls.com/home-details/236-w-112th-street-new-york-manhattan-ny-10026/kuA5hyGmhWG"
"1iCuZwszGDl","236 W 112th Street Unit 1, New York (manhattan), NY 10026","2100000","3","Condominium","Active","https://onekeymls.com/home-details/236-w-112th-street-unit-1-new-york-manhattan-ny-10026/1iCuZwszGDl"
"g4T7G50Pj3W","236 W 112th Street Unit 2, New York (manhattan), NY 10026","2400000","4","Condominium","Active","https://onekeymls.com/home-details/236-w-112th-street-unit-2-new-york-manhattan-ny-10026/g4T7G50Pj3W"
"6ZBfeJhY1YG","92 Saint Nicholas Avenue Unit 6H, New York (manhattan), NY 10026","408000","4","Stock Cooperative","Active","https://onekeymls.com/home-details/92-saint-nicholas-avenue-unit-6h-new-york-manhattan-ny-10026/6ZBfeJhY1YG"
"kyrpZASbpDN","50 W 112th St Unit 6G, New York (manhattan), NY 10026","280000","1","Stock Cooperative","Active","https://onekeymls.com/home-details/50-w-112th-st-unit-6g-new-york-manhattan-ny-10026/kyrpZASbpDN"
"1BLSn8ewygv","202 W 118th St Unit 5A, New York (manhattan), NY 10026","225000","1","Stock Cooperative","Active","https://onekeymls.com/home-details/202-w-118th-st-unit-5a-new-york-manhattan-ny-10026/1BLSn8ewygv"
"6R06NH81GJM","92 Saint Nicholas Ave Unit 3G, New York (manhattan), NY 10026","355000","3","Stock Cooperative","Active","https://onekeymls.com/home-details/92-saint-nicholas-ave-unit-3g-new-york-manhattan-ny-10026/6R06NH81GJM"
"e2lFUdM4CqH","245 W 115th St Unit 17, New York (manhattan), NY 10026","425000","0","Condominium","Active","https://onekeymls.com/home-details/245-w-115th-st-unit-17-new-york-manhattan-ny-10026/e2lFUdM4CqH"
"5aFb2QBmOeX","66-72 Saint Nicholas Ave Unit 3G, New York (manhattan), NY 10026","595000","2","Condominium","Pending","https://onekeymls.com/home-details/66-72-saint-nicholas-ave-unit-3g-new-york-manhattan-ny-10026/5aFb2QBmOeX"
"jml3U8I9GSq","220 Manhattan Ave Unit 2N, New York (manhattan), NY 10025","899000","2","Condominium","Active","https://onekeymls.com/home-details/220-manhattan-ave-unit-2n-new-york-manhattan-ny-10025/jml3U8I9GSq"
"1rvsfbq4HHv","188 Malcolm X Blvd New York (manhattan), New York (manhattan), NY 10026","1150000","0","Quadruplex","Active","https://onekeymls.com/home-details/188-malcolm-x-blvd-new-york-manhattan-new-york-manhattan-ny-10026/1rvsfbq4HHv"
"7yjLiwizT9h","115 W 117th St New York (manhattan), New York (manhattan), NY 10026","2375000","5","Triplex","Active","https://onekeymls.com/home-details/115-w-117th-st-new-york-manhattan-new-york-manhattan-ny-10026/7yjLiwizT9h"
"1bVwyHOyYWT","304 W 115th St Unit C1, New York (manhattan), NY 10026","3200000","","Retail","Active","https://onekeymls.com/home-details/304-w-115th-st-unit-c1-new-york-manhattan-ny-10026/1bVwyHOyYWT"
"8ZGLS8sSRWW","300 W 110th St Unit 5K, New York (manhattan), NY 10026","530000","1","Condominium","Active","https://onekeymls.com/home-details/300-w-110th-st-unit-5k-new-york-manhattan-ny-10026/8ZGLS8sSRWW"
"l1EuH7ez7XE","368 W 118th St New York (manhattan), New York (manhattan), NY 10026","1569000","","Multi Family","Active","https://onekeymls.com/home-details/368-w-118th-st-new-york-manhattan-new-york-manhattan-ny-10026/l1EuH7ez7XE"
"33pWC1wvqNQ","391 Manhattan Ave New York (manhattan), New York (manhattan), NY 10026","3100000","3","Single Family Residence","Active","https://onekeymls.com/home-details/391-manhattan-ave-new-york-manhattan-new-york-manhattan-ny-10026/33pWC1wvqNQ"
"4xyJDtpkDwJ","81 W 119th St New York (manhattan), New York (manhattan), NY 10026","2599999","5","Single Family Residence","Active","https://onekeymls.com/home-details/81-w-119th-st-new-york-manhattan-new-york-manhattan-ny-10026/4xyJDtpkDwJ"
"lHxBvzLHY6F","303 W 116th St New York (manhattan), New York (manhattan), NY 10026","2888000","","Multi Family","Active","https://onekeymls.com/home-details/303-w-116th-st-new-york-manhattan-new-york-manhattan-ny-10026/lHxBvzLHY6F"
"k36ZtRMXGcn","135-137 W 115th St Unit 1E, New York (manhattan), NY 10026","185000","0","Stock Cooperative","Pending","https://onekeymls.com/home-details/135-137-w-115th-st-unit-1e-new-york-manhattan-ny-10026/k36ZtRMXGcn"
"cCmGzSZ6ELe","108 W 114th St Unit 2B, New York (manhattan), NY 10026","230000","1","Stock Cooperative","Pending","https://onekeymls.com/home-details/108-w-114th-st-unit-2b-new-york-manhattan-ny-10026/cCmGzSZ6ELe"
"eDWxQzlWP7t","242 W 112th St Unit 3bc, New York (manhattan), NY 10026","725000","2","Stock Cooperative","Pending","https://onekeymls.com/home-details/242-w-112th-st-unit-3bc-new-york-manhattan-ny-10026/eDWxQzlWP7t"
"2DR8AbyG0Jr","157 West 123 Street Unit 2H, New York (manhattan), NY 10027","315000","1","Stock Cooperative","Active","https://onekeymls.com/home-details/157-west-123-street-unit-2h-new-york-manhattan-ny-10027/2DR8AbyG0Jr"
"fnlxxHIeC7S","509 W 122nd Street Unit 3, New York (manhattan), NY 10027","699000","2","Stock Cooperative","Active","https://onekeymls.com/home-details/509-w-122nd-street-unit-3-new-york-manhattan-ny-10027/fnlxxHIeC7S"
"itY76xrhZEj","362 W 127th Street Unit 2B, New York (manhattan), NY 10027","400000","0","Condominium","Active","https://onekeymls.com/home-details/362-w-127th-street-unit-2b-new-york-manhattan-ny-10027/itY76xrhZEj"
"5Wn1XQzT8B1","361 W 120th Street, New York (manhattan), NY 10027","2850000","6","Single Family Residence","Active","https://onekeymls.com/home-details/361-w-120th-street-new-york-manhattan-ny-10027/5Wn1XQzT8B1"
"lJDZbDVRguc","300 W 122nd Street Unit 6N, New York (manhattan), NY 10027","749999","1","Condominium","Active","https://onekeymls.com/home-details/300-w-122nd-street-unit-6n-new-york-manhattan-ny-10027/lJDZbDVRguc"
"35RraLwNVie","33 Convent Avenue Unit 23, New York (manhattan), NY 10027","545000","3","Stock Cooperative","Active","https://onekeymls.com/home-details/33-convent-avenue-unit-23-new-york-manhattan-ny-10027/35RraLwNVie"
"6ZgzRRhzEi1","127 W 126th Street, New York (manhattan), NY 10027","1149000","","Office","Active","https://onekeymls.com/home-details/127-w-126th-street-new-york-manhattan-ny-10027/6ZgzRRhzEi1"
"lDMNsV48X04","29 Convent Avenue Unit 24, New York (manhattan), NY 10027","274500","1","Stock Cooperative","Active","https://onekeymls.com/home-details/29-convent-avenue-unit-24-new-york-manhattan-ny-10027/lDMNsV48X04"
"5Uo610mVjfh","157 W 123rd Street Unit 3E, New York (manhattan), NY 10027","155000","0","Single Family Residence","Active","https://onekeymls.com/home-details/157-w-123rd-street-unit-3e-new-york-manhattan-ny-10027/5Uo610mVjfh"
"lFv9xQJMMu","362 W 127th Street Unit 4A, New York (manhattan), NY 10027","665000","1","Condominium","Active","https://onekeymls.com/home-details/362-w-127th-street-unit-4a-new-york-manhattan-ny-10027/lFv9xQJMMu"
"lDZPrMo43E1","300 W 122nd St Unit 3H, New York (manhattan), NY 10027","1250000","2","Condominium","Active","https://onekeymls.com/home-details/300-w-122nd-st-unit-3h-new-york-manhattan-ny-10027/lDZPrMo43E1"
"fCV97LOCCrE","119 W 122nd St New York (manhattan), New York (manhattan), NY 10027","2125000","8","Single Family Residence","Pending","https://onekeymls.com/home-details/119-w-122nd-st-new-york-manhattan-new-york-manhattan-ny-10027/fCV97LOCCrE"
"77cFykkT4PU","14 Convent Ave New York (manhattan), New York (manhattan), NY 10027","2500000","0","Quadruplex","Active","https://onekeymls.com/home-details/14-convent-ave-new-york-manhattan-new-york-manhattan-ny-10027/77cFykkT4PU"
"agCQxFuItqW","308 W 133rd St Unit 9C, New York (manhattan), NY 10030","999999","2","Condominium","Active","https://onekeymls.com/home-details/308-w-133rd-st-unit-9c-new-york-manhattan-ny-10030/agCQxFuItqW"
"hRzoO7I0Iam","29 Convent Ave Unit 11, New York (manhattan), NY 10027","279000","1","Stock Cooperative","Pending","https://onekeymls.com/home-details/29-convent-ave-unit-11-new-york-manhattan-ny-10027/hRzoO7I0Iam"
"42b2xdsbcrr","171 W 131st St Unit 619, New York (manhattan), NY 10027","649000","1","Condominium","Active","https://onekeymls.com/home-details/171-w-131st-st-unit-619-new-york-manhattan-ny-10027/42b2xdsbcrr"
"7S469ByQ2yV","308 W 133rd St Unit 6A, New York (manhattan), NY 10030","933000","2","Condominium","Active","https://onekeymls.com/home-details/308-w-133rd-st-unit-6a-new-york-manhattan-ny-10030/7S469ByQ2yV"
"cY6cJKzX0EQ","158 W 130th St New York (manhattan), New York (manhattan), NY 10027","1400000","8","Duplex","Active","https://onekeymls.com/home-details/158-w-130th-st-new-york-manhattan-new-york-manhattan-ny-10027/cY6cJKzX0EQ"
"53BMx0ca4xw","308 W 133rd St Unit 8D, New York (manhattan), NY 10030","805000","1","Condominium","Active","https://onekeymls.com/home-details/308-w-133rd-st-unit-8d-new-york-manhattan-ny-10030/53BMx0ca4xw"
"7VqR32If86i","308 W 133rd St Unit 7E, New York (manhattan), NY 10030","715000","1","Condominium","Active","https://onekeymls.com/home-details/308-w-133rd-st-unit-7e-new-york-manhattan-ny-10030/7VqR32If86i"
"2qd3yq9wVjV","308 W 133rd St Unit 5B, New York (manhattan), NY 10030","565000","1","Condominium","Active","https://onekeymls.com/home-details/308-w-133rd-st-unit-5b-new-york-manhattan-ny-10030/2qd3yq9wVjV"
"jCWpOygzzBH","308 W 133rd St Unit 4C, New York (manhattan), NY 10030","616000","0","Condominium","Active","https://onekeymls.com/home-details/308-w-133rd-st-unit-4c-new-york-manhattan-ny-10030/jCWpOygzzBH"
"brTiLcB1gju","3115 Broadway Unit 61, New York (manhattan), NY 10027","450000","2","Stock Cooperative","Active","https://onekeymls.com/home-details/3115-broadway-unit-61-new-york-manhattan-ny-10027/brTiLcB1gju"
"iWBCylK0KDd","29 Convent Ave Unit 21, New York (manhattan), NY 10027","299000","1","Stock Cooperative","Active","https://onekeymls.com/home-details/29-convent-ave-unit-21-new-york-manhattan-ny-10027/iWBCylK0KDd"
"3Mmum8SI7VN","523 W 121st St Unit 22, New York (manhattan), NY 10027","445000","2","Stock Cooperative","Pending","https://onekeymls.com/home-details/523-w-121st-st-unit-22-new-york-manhattan-ny-10027/3Mmum8SI7VN"
"jzZUgGFaZNW","360 W 121st St New York (manhattan), New York (manhattan), NY 10027","2850000","5","Single Family Residence","Active","https://onekeymls.com/home-details/360-w-121st-st-new-york-manhattan-new-york-manhattan-ny-10027/jzZUgGFaZNW"
"erwCe1ROOjs","140 Claremont Ave Unit 6B, New York (manhattan), NY 10027","649900","1","Stock Cooperative","Active","https://onekeymls.com/home-details/140-claremont-ave-unit-6b-new-york-manhattan-ny-10027/erwCe1ROOjs"
"e4ht59hyQrH","523 W 121st St Unit 2, New York (manhattan), NY 10027","799000","2","Stock Cooperative","Active","https://onekeymls.com/home-details/523-w-121st-st-unit-2-new-york-manhattan-ny-10027/e4ht59hyQrH"
"gzJTuTWEBDn","114 W 124th St Unit Th, New York (manhattan), NY 10027","3285000","8","Apartment","Active","https://onekeymls.com/home-details/114-w-124th-st-unit-th-new-york-manhattan-ny-10027/gzJTuTWEBDn"
"cKAiXDWZS6S","145 Morningside Ave Unit 2C, New York (manhattan), NY 10027","395000","1","Stock Cooperative","Active","https://onekeymls.com/home-details/145-morningside-ave-unit-2c-new-york-manhattan-ny-10027/cKAiXDWZS6S"
"4CE58LYYeye","168 E 111th St Unit 2D, New York (manhattan), NY 10029","818000","2","Condominium","Active","https://onekeymls.com/home-details/168-e-111th-st-unit-2d-new-york-manhattan-ny-10029/4CE58LYYeye"
"glVZQfmzVtF","168 E 111th St Unit 2A, New York (manhattan), NY 10029","823000","2","Condominium","Active","https://onekeymls.com/home-details/168-e-111th-st-unit-2a-new-york-manhattan-ny-10029/glVZQfmzVtF"
"sF5gDMHYEo","342 E 110th St Unit 8C, New York (manhattan), NY 10029","520000","1","Condominium","Active","https://onekeymls.com/home-details/342-e-110th-st-unit-8c-new-york-manhattan-ny-10029/sF5gDMHYEo"
"3jRdJQ235hf","1212 5th Ave Unit 8B, New York (manhattan), NY 10029","3500000","3","Condominium","Active","https://onekeymls.com/home-details/1212-5th-ave-unit-8b-new-york-manhattan-ny-10029/3jRdJQ235hf"
"iQqBMyQepeJ","168 E 111th St Unit 1B, New York (manhattan), NY 10029","668000","1","Condominium","Active","https://onekeymls.com/home-details/168-e-111th-st-unit-1b-new-york-manhattan-ny-10029/iQqBMyQepeJ"
"3oSq5skG1En","1255 5th Ave Unit 4E, New York (manhattan), NY 10029","800000","1","Condominium","Active","https://onekeymls.com/home-details/1255-5th-ave-unit-4e-new-york-manhattan-ny-10029/3oSq5skG1En"
"esE20dLqQRq","330 E 109th St Unit 5A, New York (manhattan), NY 10029","435500","1","Condominium","Active","https://onekeymls.com/home-details/330-e-109th-st-unit-5a-new-york-manhattan-ny-10029/esE20dLqQRq"
"dneQjb1xrzy","1810 3rd Ave Unit 8C, New York (manhattan), NY 10029","750000","3","Condominium","Active","https://onekeymls.com/home-details/1810-3rd-ave-unit-8c-new-york-manhattan-ny-10029/dneQjb1xrzy"
"3ovOOai5A2d","353 E 104th St Unit 7B, New York (manhattan), NY 10029","706000","2","Condominium","Pending","https://onekeymls.com/home-details/353-e-104th-st-unit-7b-new-york-manhattan-ny-10029/3ovOOai5A2d"
"eflYlZjrtvd","168 E 111th St Unit 8C, New York (manhattan), NY 10029","873000","2","Condominium","Pending","https://onekeymls.com/home-details/168-e-111th-st-unit-8c-new-york-manhattan-ny-10029/eflYlZjrtvd"
"eku0n1UFB0z","168 E 111th St Unit 2E, New York (manhattan), NY 10029","549000","1","Condominium","Pending","https://onekeymls.com/home-details/168-e-111th-st-unit-2e-new-york-manhattan-ny-10029/eku0n1UFB0z"
"OOBlktRvgi","168 E 111th St Unit 1A, New York (manhattan), NY 10029","663000","1","Condominium","Pending","https://onekeymls.com/home-details/168-e-111th-st-unit-1a-new-york-manhattan-ny-10029/OOBlktRvgi"
"4XqcLD65Uwf","319 E 105th St Unit 2D, New York (manhattan), NY 10029","499000","2","Condominium","Active","https://onekeymls.com/home-details/319-e-105th-st-unit-2d-new-york-manhattan-ny-10029/4XqcLD65Uwf"
"1bRTnO16cyO","319 E 105th St Unit 4C, New York (manhattan), NY 10029","595000","2","Condominium","Active","https://onekeymls.com/home-details/319-e-105th-st-unit-4c-new-york-manhattan-ny-10029/1bRTnO16cyO"
"4MGzun3HlLO","2132 2nd Ave Unit 3A, New York (manhattan), NY 10029","550000","2","Condominium","Active","https://onekeymls.com/home-details/2132-2nd-ave-unit-3a-new-york-manhattan-ny-10029/4MGzun3HlLO"
"8ofp57cikEx","1810 3rd Ave Unit B2b, New York (manhattan), NY 10029","699000","3","Condominium","Pending","https://onekeymls.com/home-details/1810-3rd-ave-unit-b2b-new-york-manhattan-ny-10029/8ofp57cikEx"
"gfKx9GNWU1q","352 E 116th St New York (manhattan), New York (manhattan), NY 10029","1800000","","Office","Active","https://onekeymls.com/home-details/352-e-116th-st-new-york-manhattan-new-york-manhattan-ny-10029/gfKx9GNWU1q"
"vaiKvUYaED","223 E 110th St New York (manhattan), New York (manhattan), NY 10029","2650000","8","Quadruplex","Active","https://onekeymls.com/home-details/223-e-110th-st-new-york-manhattan-new-york-manhattan-ny-10029/vaiKvUYaED"
"64dGrTx5cdu","239 E 116th St New York (manhattan), New York (manhattan), NY 10029","1659000","","Mixed Use","Active","https://onekeymls.com/home-details/239-e-116th-st-new-york-manhattan-new-york-manhattan-ny-10029/64dGrTx5cdu"
"116QOul5ZnP","305 E 108th St Unit 4B, New York (manhattan), NY 10029","899000","3","Condominium","Pending","https://onekeymls.com/home-details/305-e-108th-st-unit-4b-new-york-manhattan-ny-10029/116QOul5ZnP"
"ig3LZZbrZI0","168 E 111th St Unit 8D, New York (manhattan), NY 10029","599000","1","Condominium","Pending","https://onekeymls.com/home-details/168-e-111th-st-unit-8d-new-york-manhattan-ny-10029/ig3LZZbrZI0"
"d39NWZCw6Lm","168 E 111th St Unit 2B, New York (manhattan), NY 10029","473000","0","Condominium","Pending","https://onekeymls.com/home-details/168-e-111th-st-unit-2b-new-york-manhattan-ny-10029/d39NWZCw6Lm"
"lqOrzoVg0wl","1200 5th Ave Unit 10N, New York (manhattan), NY 10029","5995000","5","Condominium","Active","https://onekeymls.com/home-details/1200-5th-ave-unit-10n-new-york-manhattan-ny-10029/lqOrzoVg0wl"
"b23szmWylP5","237 135th Street Unit 4A, New York (manhattan), NY 10030","429999","2","Stock Cooperative","Active","https://onekeymls.com/home-details/237-135th-street-unit-4a-new-york-manhattan-ny-10030/b23szmWylP5"
"hwRS2yj509w","207 West 144th Street Unit 5C, New York (manhattan), NY 10030","435000","3","Stock Cooperative","Active","https://onekeymls.com/home-details/207-west-144th-street-unit-5c-new-york-manhattan-ny-10030/hwRS2yj509w"
"3duI2dCmFsa","300 West 135th Street Unit 4-C, New York (manhattan), NY 10030","850000","2","Condominium","Pending","https://onekeymls.com/home-details/300-west-135th-street-unit-4-c-new-york-manhattan-ny-10030/3duI2dCmFsa"
"hPRTYch9ejj","313 W 143rd Street Unit 3C, New York (manhattan), NY 10030","674000","2","Condominium","Active","https://onekeymls.com/home-details/313-w-143rd-street-unit-3c-new-york-manhattan-ny-10030/hPRTYch9ejj"
"ar0XDcDTiKm","137 West 142nd Street Unit 2D, New York (manhattan), NY 10030","339500","2","Single Family Residence","Active","https://onekeymls.com/home-details/137-west-142nd-street-unit-2d-new-york-manhattan-ny-10030/ar0XDcDTiKm"
"aNbQW7rmFz4","230 W 137th Street, New York (manhattan), NY 10030","2199000","7","Duplex","Pending","https://onekeymls.com/home-details/230-w-137th-street-new-york-manhattan-ny-10030/aNbQW7rmFz4"
"Iz1WFlkPm7","229 West 144th Street Unit 34, New York (manhattan), NY 10030","350000","4","Stock Cooperative","Active","https://onekeymls.com/home-details/229-west-144th-street-unit-34-new-york-manhattan-ny-10030/Iz1WFlkPm7"
"8uKECmN5yw7","2350 Adam C Powell Boulevard, New York (manhattan), NY 10030","2500000","6","Manufactured Home","Active","https://onekeymls.com/home-details/2350-adam-c-powell-boulevard-new-york-manhattan-ny-10030/8uKECmN5yw7"
"jrymNWVRV3D","300 W 137th St Unit 300D, New York (manhattan), NY 10030","800000","3","Condominium","Active","https://onekeymls.com/home-details/300-w-137th-st-unit-300d-new-york-manhattan-ny-10030/jrymNWVRV3D"
"l9cspmbWl1m","108 Odell Clark Pl Unit 5C, New York (manhattan), NY 10030","649000","2","Condominium","Pending","https://onekeymls.com/home-details/108-odell-clark-pl-unit-5c-new-york-manhattan-ny-10030/l9cspmbWl1m"
"aJRtUjhkkGw","235 W 137th St Unit 1F, New York (manhattan), NY 10030","449000","1","Condominium","Active","https://onekeymls.com/home-details/235-w-137th-st-unit-1f-new-york-manhattan-ny-10030/aJRtUjhkkGw"
"6DiwsUazrTK","49 Bradhurst Ave New York (manhattan), New York (manhattan), NY 10030","1799000","5","Duplex","Active","https://onekeymls.com/home-details/49-bradhurst-ave-new-york-manhattan-new-york-manhattan-ny-10030/6DiwsUazrTK"
"jv2ZiwamNgV","286 W 137th St New York (manhattan), New York (manhattan), NY 10030","1799999","7","Quadruplex","Active","https://onekeymls.com/home-details/286-w-137th-st-new-york-manhattan-new-york-manhattan-ny-10030/jv2ZiwamNgV"
"gnIHnc8OWlH","161 W 133rd St Unit 1A, New York (manhattan), NY 10030","345000","1","Condominium","Pending","https://onekeymls.com/home-details/161-w-133rd-st-unit-1a-new-york-manhattan-ny-10030/gnIHnc8OWlH"
"cpHhSnSuqCB","147 W 144th St New York (manhattan), New York (manhattan), NY 10030","1499999","","Business","Pending","https://onekeymls.com/home-details/147-w-144th-st-new-york-manhattan-new-york-manhattan-ny-10030/cpHhSnSuqCB"
"nin79HP2Ks","30 Edgecombe Ave New York (manhattan), New York (manhattan), NY 10030","1350000","","Multi Family","Active","https://onekeymls.com/home-details/30-edgecombe-ave-new-york-manhattan-new-york-manhattan-ny-10030/nin79HP2Ks"
"bNcgX5MQ1Rw","266 W 136th St New York (manhattan), New York (manhattan), NY 10030","2788888","0","Quadruplex","Active","https://onekeymls.com/home-details/266-w-136th-st-new-york-manhattan-new-york-manhattan-ny-10030/bNcgX5MQ1Rw"
"c2YHsQWy9v6","309 W 138th St New York (manhattan), New York (manhattan), NY 10030","1850000","6","Single Family Residence","Active","https://onekeymls.com/home-details/309-w-138th-st-new-york-manhattan-new-york-manhattan-ny-10030/c2YHsQWy9v6"
"bdG4lbcajDd","269 W 138th St New York (manhattan), New York (manhattan), NY 10030","3995000","6","Single Family Residence","Active","https://onekeymls.com/home-details/269-w-138th-st-new-york-manhattan-new-york-manhattan-ny-10030/bdG4lbcajDd"
"b88M7pk3QVl","300 W 138th St Unit 2579A, New York (manhattan), NY 10030","899000","2","Condominium","Active","https://onekeymls.com/home-details/300-w-138th-st-unit-2579a-new-york-manhattan-ny-10030/b88M7pk3QVl"
"iVJMjsijyG4","211 W 144th St Unit 2C, New York (manhattan), NY 10030","475000","3","Stock Cooperative","Pending","https://onekeymls.com/home-details/211-w-144th-st-unit-2c-new-york-manhattan-ny-10030/iVJMjsijyG4"
"g15iLJzyvLl","2605 Frederick Douglass Blvd Unit 3B, New York (manhattan), NY 10030","875000","2","Condominium","Active","https://onekeymls.com/home-details/2605-frederick-douglass-blvd-unit-3b-new-york-manhattan-ny-10030/g15iLJzyvLl"
"8OdxhfGxEl","203 W 136th St New York (manhattan), New York (manhattan), NY 10030","2500000","6","Single Family Residence","Active","https://onekeymls.com/home-details/203-w-136th-st-new-york-manhattan-new-york-manhattan-ny-10030/8OdxhfGxEl"
"2Xxqqqdn6xe","725 Riverside Drive Unit 9C, New York (manhattan), NY 10031","899000","2","Condominium","Active","https://onekeymls.com/home-details/725-riverside-drive-unit-9c-new-york-manhattan-ny-10031/2Xxqqqdn6xe"
"1L150KWcS9j","642 W 138th Street, New York (manhattan), NY 10031","1950000","4","Single Family Residence","Active","https://onekeymls.com/home-details/642-w-138th-street-new-york-manhattan-ny-10031/1L150KWcS9j"
"iZJrMxjChjL","521 W 150th Street, New York (manhattan), NY 10031","799900","","Multi Family","Active","https://onekeymls.com/home-details/521-w-150th-street-new-york-manhattan-ny-10031/iZJrMxjChjL"
"gpcbUNwMY2R","504 W 139th Street Unit 15, New York (manhattan), NY 10031","279000","2","Stock Cooperative","Active","https://onekeymls.com/home-details/504-w-139th-street-unit-15-new-york-manhattan-ny-10031/gpcbUNwMY2R"
"aUWWAZE74Vh","302 Convent Ave Unit 53, New York (manhattan), NY 10031","465000","2","Stock Cooperative","Active","https://onekeymls.com/home-details/302-convent-ave-unit-53-new-york-manhattan-ny-10031/aUWWAZE74Vh"
"6yppH2e2qu7","465 W 144th Street, New York (manhattan), NY 10031","2095000","0","Triplex","Pending","https://onekeymls.com/home-details/465-w-144th-street-new-york-manhattan-ny-10031/6yppH2e2qu7"
"CQp6X1kawd","594 W 152nd Street, New York (manhattan), NY 10031","1895000","7","Single Family Residence","Pending","https://onekeymls.com/home-details/594-w-152nd-street-new-york-manhattan-ny-10031/CQp6X1kawd"
"f0zC6l8FOvn","515 W 151st Street Unit 4W, New York (manhattan), NY 10031","265000","1","Stock Cooperative","Active","https://onekeymls.com/home-details/515-w-151st-street-unit-4w-new-york-manhattan-ny-10031/f0zC6l8FOvn"
"a8mTKMO2CFf","515 W 143rd St Unit 34, New York (manhattan), NY 10031","330000","2","Stock Cooperative","Pending","https://onekeymls.com/home-details/515-w-143rd-st-unit-34-new-york-manhattan-ny-10031/a8mTKMO2CFf"
"jWDEVFiKdNO","616 W 137th St Unit 4C, New York (manhattan), NY 10031","799999","3","Stock Cooperative","Pending","https://onekeymls.com/home-details/616-w-137th-st-unit-4c-new-york-manhattan-ny-10031/jWDEVFiKdNO"
"cy2tfvbso9i","456 W 145th St New York (manhattan), New York (manhattan), NY 10031","1399990","7","Single Family Residence","Active","https://onekeymls.com/home-details/456-w-145th-st-new-york-manhattan-new-york-manhattan-ny-10031/cy2tfvbso9i"
"3Y3zs63uGQr","600 W 148th St Unit 10B, New York (manhattan), NY 10031","464999","2","Stock Cooperative","Active","https://onekeymls.com/home-details/600-w-148th-st-unit-10b-new-york-manhattan-ny-10031/3Y3zs63uGQr"
"1uXLaYcLt54","521 W 135th St Unit 5A, New York (manhattan), NY 10031","349990","2","Stock Cooperative","Pending","https://onekeymls.com/home-details/521-w-135th-st-unit-5a-new-york-manhattan-ny-10031/1uXLaYcLt54"
"5ZIO77ht1WU","1608 Amsterdam Ave Unit 5A, New York (manhattan), NY 10031","375000","2","Stock Cooperative","Active","https://onekeymls.com/home-details/1608-amsterdam-ave-unit-5a-new-york-manhattan-ny-10031/5ZIO77ht1WU"
"d3KdGBY67aA","518 W 135th St Unit 5C, New York (manhattan), NY 10031","340000","3","Stock Cooperative","Active","https://onekeymls.com/home-details/518-w-135th-st-unit-5c-new-york-manhattan-ny-10031/d3KdGBY67aA"
"8Za8BiOimhj","409 Edgecombe Ave Unit 7F, New York (manhattan), NY 10032","529000","2","Stock Cooperative","Active","https://onekeymls.com/home-details/409-edgecombe-ave-unit-7f-new-york-manhattan-ny-10032/8Za8BiOimhj"
"emtUiboBjgP","616 W 137th St Unit 1C, New York (manhattan), NY 10031","599000","3","Stock Cooperative","Active","https://onekeymls.com/home-details/616-w-137th-st-unit-1c-new-york-manhattan-ny-10031/emtUiboBjgP"
"exT1lHmPim3","406 W 145th St New York (manhattan), New York (manhattan), NY 10031","1500000","14","Single Family Residence","Pending","https://onekeymls.com/home-details/406-w-145th-st-new-york-manhattan-new-york-manhattan-ny-10031/exT1lHmPim3"
"flWnyoRGT2Y","454 W 152nd St Unit 2, New York (manhattan), NY 10031","385000","2","Stock Cooperative","Active","https://onekeymls.com/home-details/454-w-152nd-st-unit-2-new-york-manhattan-ny-10031/flWnyoRGT2Y"
"fpP9ZNi7b4N","555 W 149th St Unit 1, New York (manhattan), NY 10031","1275000","2","Condominium","Active","https://onekeymls.com/home-details/555-w-149th-st-unit-1-new-york-manhattan-ny-10031/fpP9ZNi7b4N"
"fuEVcVfgtYG","750 Riverside Dr Unit 2B, New York (manhattan), NY 10031","370000","1","Condominium","Active","https://onekeymls.com/home-details/750-riverside-dr-unit-2b-new-york-manhattan-ny-10031/fuEVcVfgtYG"
"kgl5MOhLJ2U","302 Convent Ave Unit 61, New York (manhattan), NY 10031","650000","3","Stock Cooperative","Pending","https://onekeymls.com/home-details/302-convent-ave-unit-61-new-york-manhattan-ny-10031/kgl5MOhLJ2U"
"dxpXAI1w4Qk","459 W 153rd St New York (manhattan), New York (manhattan), NY 10031","1400000","8","Multi Family","Active","https://onekeymls.com/home-details/459-w-153rd-st-new-york-manhattan-new-york-manhattan-ny-10031/dxpXAI1w4Qk"
"cKVwLyxqrKd","505 W 143rd St Unit 24, New York (manhattan), NY 10031","439000","3","Stock Cooperative","Active","https://onekeymls.com/home-details/505-w-143rd-st-unit-24-new-york-manhattan-ny-10031/cKVwLyxqrKd"
"6DdYLwuznZs","505 W 143rd St 143rd St Unit #23 New York (manhattan), New York (manhattan), NY 10031","460000","2","Stock Cooperative","Active","https://onekeymls.com/home-details/505-w-143rd-st-143rd-st-unit-23-new-york-manhattan-new-york-manhattan-ny-10031/6DdYLwuznZs"
"45kjZqwZlSk","557 W 150th St Unit 22, New York (manhattan), NY 10031","215000","1","Stock Cooperative","Active","https://onekeymls.com/home-details/557-w-150th-st-unit-22-new-york-manhattan-ny-10031/45kjZqwZlSk"
"it75uRyWJkj","412 W 146th St New York (manhattan), New York (manhattan), NY 10031","2299999","6","Single Family Residence","Pending","https://onekeymls.com/home-details/412-w-146th-st-new-york-manhattan-new-york-manhattan-ny-10031/it75uRyWJkj"
"gw9Qn0cFcBs","10 Jumel Terrace, New York (manhattan), NY 10032","2495000","5","Single Family Residence","Active","https://onekeymls.com/home-details/10-jumel-terrace-new-york-manhattan-ny-10032/gw9Qn0cFcBs"
"bgF1dn9n4RH","501 W 156th Street Unit 25, New York (manhattan), NY 10032","295000","2","Stock Cooperative","Active","https://onekeymls.com/home-details/501-w-156th-street-unit-25-new-york-manhattan-ny-10032/bgF1dn9n4RH"
"4tG5GuYQSe","456 W 167th Street Unit 6G, New York (manhattan), NY 10032","465000","1","Condominium","Active","https://onekeymls.com/home-details/456-w-167th-street-unit-6g-new-york-manhattan-ny-10032/4tG5GuYQSe"
"o7BfN63HWH","512 W 156th Street Unit 41, New York (manhattan), NY 10032","250000","3","Stock Cooperative","Pending","https://onekeymls.com/home-details/512-w-156th-street-unit-41-new-york-manhattan-ny-10032/o7BfN63HWH"
"iC5hFWHy8BB","811 Riverside Drive, New York (manhattan), NY 10032","1750000","5","Duplex","Active","https://onekeymls.com/home-details/811-riverside-drive-new-york-manhattan-ny-10032/iC5hFWHy8BB"
"jJ8lO7Pjf9p","456 W 167th Street Unit 4D, New York (manhattan), NY 10032","499000","2","Condominium","Active","https://onekeymls.com/home-details/456-w-167th-street-unit-4d-new-york-manhattan-ny-10032/jJ8lO7Pjf9p"
"kW9G4dpeL5Z","521 W 162nd Street, New York (manhattan), NY 10032","2160000","0","Duplex","Active","https://onekeymls.com/home-details/521-w-162nd-street-new-york-manhattan-ny-10032/kW9G4dpeL5Z"
"eu0pfsPYvtD","501 W 156th St Unit 32, New York (manhattan), NY 10032","215000","1","Stock Cooperative","Active","https://onekeymls.com/home-details/501-w-156th-st-unit-32-new-york-manhattan-ny-10032/eu0pfsPYvtD"
"1QpS1FuaZM4","510 W 172nd St Unit 2, New York (manhattan), NY 10032","295000","3","Stock Cooperative","Active","https://onekeymls.com/home-details/510-w-172nd-st-unit-2-new-york-manhattan-ny-10032/1QpS1FuaZM4"
"byHVYO84U6L","15 Fort Washington Ave Unit 3A, New York (manhattan), NY 10032","575000","3","Stock Cooperative","Active","https://onekeymls.com/home-details/15-fort-washington-ave-unit-3a-new-york-manhattan-ny-10032/byHVYO84U6L"
"3tZtirCNPs","1993 Amsterdam Ave Unit 31, New York (manhattan), NY 10032","218000","2","Stock Cooperative","Active","https://onekeymls.com/home-details/1993-amsterdam-ave-unit-31-new-york-manhattan-ny-10032/3tZtirCNPs"
"hef1mb7hvw7","536 W 163rd St Unit 3D, New York (manhattan), NY 10032","610000","3","Stock Cooperative","Active","https://onekeymls.com/home-details/536-w-163rd-st-unit-3d-new-york-manhattan-ny-10032/hef1mb7hvw7"
"jqzHu1DiwKI","1993 Amsterdam Ave Unit 33, New York (manhattan), NY 10032","350000","3","Stock Cooperative","Active","https://onekeymls.com/home-details/1993-amsterdam-ave-unit-33-new-york-manhattan-ny-10032/jqzHu1DiwKI"
"40pkQhYfJ5Y","501 W 156th St Unit 22, New York (manhattan), NY 10032","149997","1","Stock Cooperative","Pending","https://onekeymls.com/home-details/501-w-156th-st-unit-22-new-york-manhattan-ny-10032/40pkQhYfJ5Y"
"dAGl7eKeGcM","15934 Riverside Dr W Unit 6B, New York (manhattan), NY 10032","1350000","2","Stock Cooperative","Active","https://onekeymls.com/home-details/15934-riverside-dr-w-unit-6b-new-york-manhattan-ny-10032/dAGl7eKeGcM"
"3RbFlCl98l2","812 Riverside Dr Unit 42, New York (manhattan), NY 10032","739000","3","Condominium","Active","https://onekeymls.com/home-details/812-riverside-dr-unit-42-new-york-manhattan-ny-10032/3RbFlCl98l2"
"5ILD7QeRYNC","1989 Amsterdam Ave Unit 41, New York (manhattan), NY 10032","219000","2","Stock Cooperative","Active","https://onekeymls.com/home-details/1989-amsterdam-ave-unit-41-new-york-manhattan-ny-10032/5ILD7QeRYNC"
"cl7YPyGgg2d","160 Cabrini Boulevard Unit Apt127, New York (manhattan), NY 10033","425000","1","Stock Cooperative","Active","https://onekeymls.com/home-details/160-cabrini-boulevard-unit-apt127-new-york-manhattan-ny-10033/cl7YPyGgg2d"
"QjI1eXBNPJ","116 Pinehurst Avenue Unit C21, New York (manhattan), NY 10033","575000","1","Stock Cooperative","Active","https://onekeymls.com/home-details/116-pinehurst-avenue-unit-c21-new-york-manhattan-ny-10033/QjI1eXBNPJ"
"62TITg8B5ma","567 W 184th St New York (manhattan), New York (manhattan), NY 10033","850000","","Multi Family","Active","https://onekeymls.com/home-details/567-w-184th-st-new-york-manhattan-new-york-manhattan-ny-10033/62TITg8B5ma"
"h5jcMYYbBvG","180 Cabrini Blvd Unit 118, New York (manhattan), NY 10033","1700000","4","Stock Cooperative","Active","https://onekeymls.com/home-details/180-cabrini-blvd-unit-118-new-york-manhattan-ny-10033/h5jcMYYbBvG"
"fLFWwrhR0gT","120 Cabrini Blvd Unit 43, New York (manhattan), NY 10033","599000","1","Stock Cooperative","Active","https://onekeymls.com/home-details/120-cabrini-blvd-unit-43-new-york-manhattan-ny-10033/fLFWwrhR0gT"
"6biwHHMPn8I","180 Cabrini Blvd Unit 19, New York (manhattan), NY 10033","1299000","2","Stock Cooperative","Active","https://onekeymls.com/home-details/180-cabrini-blvd-unit-19-new-york-manhattan-ny-10033/6biwHHMPn8I"
"gy1sP5bUtkf","250 Cabrini Blvd Unit 4A, New York (manhattan), NY 10033","739000","2","Stock Cooperative","Pending","https://onekeymls.com/home-details/250-cabrini-blvd-unit-4a-new-york-manhattan-ny-10033/gy1sP5bUtkf"
"4bvLbrGlQq","4260 Broadway Unit 604, New York (manhattan), NY 10033","400000","3","Condominium","Pending","https://onekeymls.com/home-details/4260-broadway-unit-604-new-york-manhattan-ny-10033/4bvLbrGlQq"
"b9OzfjRgmRT","880 W 181st St Unit 6G, New York (manhattan), NY 10033","325000","0","Stock Cooperative","Active","https://onekeymls.com/home-details/880-w-181st-st-unit-6g-new-york-manhattan-ny-10033/b9OzfjRgmRT"
"ebT6RuwwVjg","160 Wadsworth Ave Unit 201, New York (manhattan), NY 10033","549000","2","Condominium","Pending","https://onekeymls.com/home-details/160-wadsworth-ave-unit-201-new-york-manhattan-ny-10033/ebT6RuwwVjg"
"fPOO1WGB0Y8","4260 Broadway Unit 202, New York (manhattan), NY 10033","450000","2","Condominium","Active","https://onekeymls.com/home-details/4260-broadway-unit-202-new-york-manhattan-ny-10033/fPOO1WGB0Y8"
"3B6RwBXMnaL","875 W 181st St Unit 3J, New York (manhattan), NY 10033","1189000","3","Stock Cooperative","Active","https://onekeymls.com/home-details/875-w-181st-st-unit-3j-new-york-manhattan-ny-10033/3B6RwBXMnaL"
"lToGNg0Phv9","550 Fort Washington Ave Unit 4E, New York (manhattan), NY 10033","230000","1","Stock Cooperative","Active","https://onekeymls.com/home-details/550-fort-washington-ave-unit-4e-new-york-manhattan-ny-10033/lToGNg0Phv9"
"7LhBi3je5iw","160 Cabrini Blvd Unit 62, New York (manhattan), NY 10033","575000","1","Single Family Residence","Active","https://onekeymls.com/home-details/160-cabrini-blvd-unit-62-new-york-manhattan-ny-10033/7LhBi3je5iw"
"2M6zugZ7d7M","50 Park Terrace E Unit 1lm, New York (manhattan), NY 10034","815000","2","Stock Cooperative","Active","https://onekeymls.com/home-details/50-park-terrace-e-unit-1lm-new-york-manhattan-ny-10034/2M6zugZ7d7M"
"1pP1xaGotmE","70 Park Ter W Unit E40, New York (manhattan), NY 10034","410000","1","Stock Cooperative","Pending","https://onekeymls.com/home-details/70-park-ter-w-unit-e40-new-york-manhattan-ny-10034/1pP1xaGotmE"
"1zkyCgCYP2U","420 W 206th St Unit 3G, New York (manhattan), NY 10034","439000","2","Stock Cooperative","Active","https://onekeymls.com/home-details/420-w-206th-st-unit-3g-new-york-manhattan-ny-10034/1zkyCgCYP2U"
"2oUK28gbJyj","581 Academy St Unit Gle, New York (manhattan), NY 10034","327000","1","Condominium","Active","https://onekeymls.com/home-details/581-academy-st-unit-gle-new-york-manhattan-ny-10034/2oUK28gbJyj"
"6v3Yd5J26en","472 W 202nd St New York (manhattan), New York (manhattan), NY 10034","389000","","Business","Active","https://onekeymls.com/home-details/472-w-202nd-st-new-york-manhattan-new-york-manhattan-ny-10034/6v3Yd5J26en"
"dMNBia265yx","25 Indian Rd Unit 2A, New York (manhattan), NY 10034","295000","0","Stock Cooperative","Active","https://onekeymls.com/home-details/25-indian-rd-unit-2a-new-york-manhattan-ny-10034/dMNBia265yx"
"2WTEN7G2beZ","579 W 215th St Unit 5C, New York (manhattan), NY 10034","275000","0","Stock Cooperative","Active","https://onekeymls.com/home-details/579-w-215th-st-unit-5c-new-york-manhattan-ny-10034/2WTEN7G2beZ"
"dPX81EINto1","251 Seaman Ave Unit 2H, New York (manhattan), NY 10034","279000","1","Stock Cooperative","Pending","https://onekeymls.com/home-details/251-seaman-ave-unit-2h-new-york-manhattan-ny-10034/dPX81EINto1"
"1onw3Cb17xe","1485 5th Avenue Unit 26D, New York (manhattan), NY 10035","4500000","4","Condominium","Coming Soon","https://onekeymls.com/home-details/1485-5th-avenue-unit-26d-new-york-manhattan-ny-10035/1onw3Cb17xe"
"7ueQkPkUSrB","2117 5 Avenue, New York (manhattan), NY 10035","1999999","7","Quadruplex","Active","https://onekeymls.com/home-details/2117-5-avenue-new-york-manhattan-ny-10035/7ueQkPkUSrB"
"1xfGDCpnxML","5 E 117th Street, New York (manhattan), NY 10035","1698888","6","Triplex","Active","https://onekeymls.com/home-details/5-e-117th-street-new-york-manhattan-ny-10035/1xfGDCpnxML"
"5ejzqDABMrl","344 E 120th Street, New York (manhattan), NY 10035","2000000","6","Triplex","Active","https://onekeymls.com/home-details/344-e-120th-street-new-york-manhattan-ny-10035/5ejzqDABMrl"
"1bIRVFCd9Ur","1919 Madison Ave Unit 702, New York (manhattan), NY 10035","550000","2","Stock Cooperative","Active","https://onekeymls.com/home-details/1919-madison-ave-unit-702-new-york-manhattan-ny-10035/1bIRVFCd9Ur"
"7OqnKlfVmtZ","231 E 123rd St New York (manhattan), New York (manhattan), NY 10035","2699000","","Multi Family","Active","https://onekeymls.com/home-details/231-e-123rd-st-new-york-manhattan-new-york-manhattan-ny-10035/7OqnKlfVmtZ"
"cy7rHbBbal","23 E 128th St Unit 2F, New York (manhattan), NY 10035","825000","2","Condominium","Active","https://onekeymls.com/home-details/23-e-128th-st-unit-2f-new-york-manhattan-ny-10035/cy7rHbBbal"
"9rbO2YqEW3q","308 Pleasant Ave New York (manhattan), New York (manhattan), NY 10035","1700000","0","Quadruplex","Active","https://onekeymls.com/home-details/308-pleasant-ave-new-york-manhattan-new-york-manhattan-ny-10035/9rbO2YqEW3q"
"lQRVVeZkT1G","152 E 118th St Unit 4C, New York (manhattan), NY 10035","795000","2","Stock Cooperative","Active","https://onekeymls.com/home-details/152-e-118th-st-unit-4c-new-york-manhattan-ny-10035/lQRVVeZkT1G"
"hszvC00zyex","50 E 129th St Unit 3B, New York (manhattan), NY 10035","519999","1","Condominium","Pending","https://onekeymls.com/home-details/50-e-129th-st-unit-3b-new-york-manhattan-ny-10035/hszvC00zyex"
"cgtN58fM1rh","175 E 117th St New York (manhattan), New York (manhattan), NY 10035","1699000","9","Quadruplex","Active","https://onekeymls.com/home-details/175-e-117th-st-new-york-manhattan-new-york-manhattan-ny-10035/cgtN58fM1rh"
"eXiidr4HAPq","53 E 126th St New York (manhattan), New York (manhattan), NY 10035","1500000","9","Single Family Residence","Active","https://onekeymls.com/home-details/53-e-126th-st-new-york-manhattan-new-york-manhattan-ny-10035/eXiidr4HAPq"
"3O8nwD91hFQ","1919 Madison Ave Unit 202, New York (manhattan), NY 10035","575000","2","Stock Cooperative","Active","https://onekeymls.com/home-details/1919-madison-ave-unit-202-new-york-manhattan-ny-10035/3O8nwD91hFQ"
"ej1j1V8UJMW","1885 Lexington Ave Unit 5B, New York (manhattan), NY 10035","470000","2","Stock Cooperative","Active","https://onekeymls.com/home-details/1885-lexington-ave-unit-5b-new-york-manhattan-ny-10035/ej1j1V8UJMW"
"1WlDPA8dW42","152 E 118th St Unit 7P, New York (manhattan), NY 10035","975000","2","Stock Cooperative","Pending","https://onekeymls.com/home-details/152-e-118th-st-unit-7p-new-york-manhattan-ny-10035/1WlDPA8dW42"
"5pGPw9TFx5B","202 E 119th St # 204 New York New York (manhattan), New York (manhattan), NY 10035","2500000","","Other","Pending","https://onekeymls.com/home-details/202-e-119th-st-204-new-york-new-york-manhattan-new-york-manhattan-ny-10035/5pGPw9TFx5B"
"AHq3jZwbuG","429 E 118th St New York (manhattan), New York (manhattan), NY 10035","1850000","6","Triplex","Pending","https://onekeymls.com/home-details/429-e-118th-st-new-york-manhattan-new-york-manhattan-ny-10035/AHq3jZwbuG"
"4sm826ZVhfs","231 W 148th Street Unit 4J, New York (manhattan), NY 10039","559000","2","Stock Cooperative","Pending","https://onekeymls.com/home-details/231-w-148th-street-unit-4j-new-york-manhattan-ny-10039/4sm826ZVhfs"
"bz3yRtOfJLA","30 Macombs Pl Unit 42, New York (manhattan), NY 10039","209000","2","Stock Cooperative","Active","https://onekeymls.com/home-details/30-macombs-pl-unit-42-new-york-manhattan-ny-10039/bz3yRtOfJLA"
"eBYS4CbS2Qz","239 W 148th St Unit 3B, New York (manhattan), NY 10039","569999","3","Stock Cooperative","Pending","https://onekeymls.com/home-details/239-w-148th-st-unit-3b-new-york-manhattan-ny-10039/eBYS4CbS2Qz"
"5KCwvtmqjtN","68 Bradhurst Ave Unit 8G, New York (manhattan), NY 10039","635000","1","Condominium","Active","https://onekeymls.com/home-details/68-bradhurst-ave-unit-8g-new-york-manhattan-ny-10039/5KCwvtmqjtN"
"5SeBEOFzuEn","255 W 148th St Unit 5B, New York (manhattan), NY 10039","359000","1","Stock Cooperative","Active","https://onekeymls.com/home-details/255-w-148th-st-unit-5b-new-york-manhattan-ny-10039/5SeBEOFzuEn"
"2WObCw4NWnV","130 Bradhurst Ave Unit 502, New York (manhattan), NY 10039","525000","2","Condominium","Active","https://onekeymls.com/home-details/130-bradhurst-ave-unit-502-new-york-manhattan-ny-10039/2WObCw4NWnV"
"j5uis5WNe4S","30 Macombs Pl Unit 24, New York (manhattan), NY 10039","218999","2","Stock Cooperative","Active","https://onekeymls.com/home-details/30-macombs-pl-unit-24-new-york-manhattan-ny-10039/j5uis5WNe4S"
"3BGnOeta18g","102 Bradhurst Ave Unit 1107, New York (manhattan), NY 10039","539999","2","Stock Cooperative","Pending","https://onekeymls.com/home-details/102-bradhurst-ave-unit-1107-new-york-manhattan-ny-10039/3BGnOeta18g"
"hANzpy2d9Lp","649 2nd Avenue Unit 2H, New York (manhattan), NY 10016","449000","1","Stock Cooperative","Active","https://onekeymls.com/home-details/649-2nd-avenue-unit-2h-new-york-manhattan-ny-10016/hANzpy2d9Lp"
"3wPsfnW0Rtf","201 E 28th Street Unit 16ab, New York (manhattan), NY 10016","1799000","4","Stock Cooperative","Active","https://onekeymls.com/home-details/201-e-28th-street-unit-16ab-new-york-manhattan-ny-10016/3wPsfnW0Rtf"
"lJZwdufkpG2","415 East 37th Street Unit 27-F, New York (manhattan), NY 10016","2495000","3","Condominium","Pending","https://onekeymls.com/home-details/415-east-37th-street-unit-27-f-new-york-manhattan-ny-10016/lJZwdufkpG2"
"lnAuyH4ayQV","229 East 28th Street Unit 4-C, New York (manhattan), NY 10016","370000","0","Stock Cooperative","Pending","https://onekeymls.com/home-details/229-east-28th-street-unit-4-c-new-york-manhattan-ny-10016/lnAuyH4ayQV"
"5sOacjNLHUF","152 E 35th Street Unit 5H, New York (manhattan), NY 10016","365000","0","Stock Cooperative","Active","https://onekeymls.com/home-details/152-e-35th-street-unit-5h-new-york-manhattan-ny-10016/5sOacjNLHUF"
"9egZkkAhMaH","139 E 33rd Street Unit 12A, New York (manhattan), NY 10016","595000","1","Stock Cooperative","Active","https://onekeymls.com/home-details/139-e-33rd-street-unit-12a-new-york-manhattan-ny-10016/9egZkkAhMaH"
"lyYcNt3INYs","200 E 32nd St Unit 28C, New York (manhattan), NY 10016","1150000","2","Condominium","Active","https://onekeymls.com/home-details/200-e-32nd-st-unit-28c-new-york-manhattan-ny-10016/lyYcNt3INYs"
"lUMy14wEuVO","305 E 40th St Street Unit 4A New York (manhattan), New York (manhattan), NY 10016","378000","0","Stock Cooperative","Active","https://onekeymls.com/home-details/305-e-40th-st-street-unit-4a-new-york-manhattan-new-york-manhattan-ny-10016/lUMy14wEuVO"
"b57WuUvH1pf","20 E 35th St Unit 9L, New York (manhattan), NY 10016","875000","1","Stock Cooperative","Active","https://onekeymls.com/home-details/20-e-35th-st-unit-9l-new-york-manhattan-ny-10016/b57WuUvH1pf"
"dnZawcWUWie","210 E 36th St Unit 6B, New York (manhattan), NY 10016","415000","0","Stock Cooperative","Pending","https://onekeymls.com/home-details/210-e-36th-st-unit-6b-new-york-manhattan-ny-10016/dnZawcWUWie"
"fynIDbczhLb","368 3rd Ave Unit 4A, New York (manhattan), NY 10016","940000","0","Condominium","Active","https://onekeymls.com/home-details/368-3rd-ave-unit-4a-new-york-manhattan-ny-10016/fynIDbczhLb"
"1br72MJafGv","137 E 36th St Unit 9H, New York (manhattan), NY 10016","619000","1","Stock Cooperative","Active","https://onekeymls.com/home-details/137-e-36th-st-unit-9h-new-york-manhattan-ny-10016/1br72MJafGv"
"JpQ0Qim8zr","501 3rd Ave Unit 7C, New York (manhattan), NY 10016","860000","0","Condominium","Active","https://onekeymls.com/home-details/501-3rd-ave-unit-7c-new-york-manhattan-ny-10016/JpQ0Qim8zr"
"5RgLUjcKjvx","330 E 38th St Unit 12Q, New York (manhattan), NY 10016","995000","1","Condominium","Active","https://onekeymls.com/home-details/330-e-38th-st-unit-12q-new-york-manhattan-ny-10016/5RgLUjcKjvx"
"lF0d66zNXvn","300 E 40th St Unit 12E, New York (manhattan), NY 10016","720000","1","Stock Cooperative","Active","https://onekeymls.com/home-details/300-e-40th-st-unit-12e-new-york-manhattan-ny-10016/lF0d66zNXvn"
"k9Jo5bAdlYx","155 E 34th St Unit 20K, New York (manhattan), NY 10016","715000","0","Condominium","Active","https://onekeymls.com/home-details/155-e-34th-st-unit-20k-new-york-manhattan-ny-10016/k9Jo5bAdlYx"
"7tVF6xZUuUd","244 Madison Ave Unit 10A, New York (manhattan), NY 10016","525000","1","Stock Cooperative","Active","https://onekeymls.com/home-details/244-madison-ave-unit-10a-new-york-manhattan-ny-10016/7tVF6xZUuUd"
"dW8rRoh1xJY","305 E 40th St Unit 14A, New York (manhattan), NY 10016","350000","0","Stock Cooperative","Active","https://onekeymls.com/home-details/305-e-40th-st-unit-14a-new-york-manhattan-ny-10016/dW8rRoh1xJY"
"lWXEAD2UZHj","139 E 30th St Unit 3D, New York (manhattan), NY 10016","439900","1","Stock Cooperative","Active","https://onekeymls.com/home-details/139-e-30th-st-unit-3d-new-york-manhattan-ny-10016/lWXEAD2UZHj"
"hiOyqFJdGAz","333 E 34th St Unit 4de, New York (manhattan), NY 10016","2499000","4","Condominium","Active","https://onekeymls.com/home-details/333-e-34th-st-unit-4de-new-york-manhattan-ny-10016/hiOyqFJdGAz"
"cea7brP0102","325 Lexington Ave Unit 11B, New York (manhattan), NY 10016","1100000","1","Condominium","Pending","https://onekeymls.com/home-details/325-lexington-ave-unit-11b-new-york-manhattan-ny-10016/cea7brP0102"
"4K10nRKFl75","685 1st Ave Unit 31F, New York (manhattan), NY 10016","2499000","2","Condominium","Active","https://onekeymls.com/home-details/685-1st-ave-unit-31f-new-york-manhattan-ny-10016/4K10nRKFl75"
"2EOuGOaFCZH","277 5th Ave Unit 15D, New York (manhattan), NY 10016","3290000","2","Condominium","Active","https://onekeymls.com/home-details/277-5th-ave-unit-15d-new-york-manhattan-ny-10016/2EOuGOaFCZH"
"lGZWUvsvl1s","250 E 30th St Unit 5A, New York (manhattan), NY 10016","995000","2","Condominium","Active","https://onekeymls.com/home-details/250-e-30th-st-unit-5a-new-york-manhattan-ny-10016/lGZWUvsvl1s"
"giJn6VeCV7P","115 E 39th St New York (manhattan), New York (manhattan), NY 10016","4999950","","Multi Family","Active","https://onekeymls.com/home-details/115-e-39th-st-new-york-manhattan-new-york-manhattan-ny-10016/giJn6VeCV7P"
"fhYjAP8L8ev","113 E 39th St New York (manhattan), New York (manhattan), NY 10016","4999950","","Multi Family","Active","https://onekeymls.com/home-details/113-e-39th-st-new-york-manhattan-new-york-manhattan-ny-10016/fhYjAP8L8ev"
"9C1TDU5E4n8","14 E 33rd St Unit 10N, New York (manhattan), NY 10016","2300000","2","Condominium","Active","https://onekeymls.com/home-details/14-e-33rd-st-unit-10n-new-york-manhattan-ny-10016/9C1TDU5E4n8"
"1w6G3eAHkh","10 Park Ave Unit 17R, New York (manhattan), NY 10016","539999","0","Stock Cooperative","Active","https://onekeymls.com/home-details/10-park-ave-unit-17r-new-york-manhattan-ny-10016/1w6G3eAHkh"
"gKp4VDDBkza","161 Madison Ave Unit 7sw, New York (manhattan), NY 10016","1208000","0","Condominium","Active","https://onekeymls.com/home-details/161-madison-ave-unit-7sw-new-york-manhattan-ny-10016/gKp4VDDBkza"
"5gsQfsTAvBo","609 2nd Ave Unit 1202, New York (manhattan), NY 10016","1275000","1","Condominium","Active","https://onekeymls.com/home-details/609-2nd-ave-unit-1202-new-york-manhattan-ny-10016/5gsQfsTAvBo"
"4H0bmYIjajX","45 Sutton Place S Unit Phf/g, New York (manhattan), NY 10022","3150000","5","Stock Cooperative","Pending","https://onekeymls.com/home-details/45-sutton-place-s-unit-phfg-new-york-manhattan-ny-10022/4H0bmYIjajX"
"9geLKs1Sc3m","400 E 56th Street Unit 6B, New York (manhattan), NY 10022","1249000","2","Stock Cooperative","Active","https://onekeymls.com/home-details/400-e-56th-street-unit-6b-new-york-manhattan-ny-10022/9geLKs1Sc3m"
"faZj3VpVTi5","959 First Avenue Unit 19-D, New York (manhattan), NY 10022","2350000","2","Condominium","Pending","https://onekeymls.com/home-details/959-first-avenue-unit-19-d-new-york-manhattan-ny-10022/faZj3VpVTi5"
"9O8k9oxFdlb","434 E 52 Street Unit 9A, New York (manhattan), NY 10022","438000","0","Stock Cooperative","Active","https://onekeymls.com/home-details/434-e-52-street-unit-9a-new-york-manhattan-ny-10022/9O8k9oxFdlb"
"lhwEV86bg6d","140 East 56th Street Unit 2-K, New York (manhattan), NY 10022","1295000","2","Condominium","Active","https://onekeymls.com/home-details/140-east-56th-street-unit-2-k-new-york-manhattan-ny-10022/lhwEV86bg6d"
"bOf9t3j9Wot","225 E 57th Street Unit 20E, New York (manhattan), NY 10022","669999","1","Stock Cooperative","Active","https://onekeymls.com/home-details/225-e-57th-street-unit-20e-new-york-manhattan-ny-10022/bOf9t3j9Wot"
"bzrz3GDytVk","303 E 57th Street Unit 10D, New York (manhattan), NY 10022","400000","2","Stock Cooperative","Active","https://onekeymls.com/home-details/303-e-57th-street-unit-10d-new-york-manhattan-ny-10022/bzrz3GDytVk"
"tt6CxBZ8O5","246 E 51st Street Unit 7, New York (manhattan), NY 10022","468000","2","Condominium","Active","https://onekeymls.com/home-details/246-e-51st-street-unit-7-new-york-manhattan-ny-10022/tt6CxBZ8O5"
"2g6K646tWwv","300 E 59th Street Unit 1903, New York (manhattan), NY 10022","695000","1","Stock Cooperative","Active","https://onekeymls.com/home-details/300-e-59th-street-unit-1903-new-york-manhattan-ny-10022/2g6K646tWwv"
"3yvYPHiUiBE","50 Sutton Sutton Place S Unit 19F, New York (manhattan), NY 10022","622250","1","Stock Cooperative","Pending","https://onekeymls.com/home-details/50-sutton-sutton-place-s-unit-19f-new-york-manhattan-ny-10022/3yvYPHiUiBE"
"cRmU1hSNscG","319 E 50 Street Unit 10L, New York (manhattan), NY 10022","389000","0","Stock Cooperative","Active","https://onekeymls.com/home-details/319-e-50-street-unit-10l-new-york-manhattan-ny-10022/cRmU1hSNscG"
"4cBL8N5wg4i","400 E 56th St Unit 37D, New York (manhattan), NY 10022","1275000","2","Stock Cooperative","Pending","https://onekeymls.com/home-details/400-e-56th-st-unit-37d-new-york-manhattan-ny-10022/4cBL8N5wg4i"
"dkfUvmZzIJc","246 E 51st St Unit 8, New York (manhattan), NY 10022","498000","2","Stock Cooperative","Active","https://onekeymls.com/home-details/246-e-51st-st-unit-8-new-york-manhattan-ny-10022/dkfUvmZzIJc"
"c3EEgEnCIpt","136 E 56th St Unit 9J, New York (manhattan), NY 10022","695000","1","Stock Cooperative","Pending","https://onekeymls.com/home-details/136-e-56th-st-unit-9j-new-york-manhattan-ny-10022/c3EEgEnCIpt"
"j1aV7UhxvCI","303 E 57th St Unit 38D, New York (manhattan), NY 10022","439000","1","Stock Cooperative","Pending","https://onekeymls.com/home-details/303-e-57th-st-unit-38d-new-york-manhattan-ny-10022/j1aV7UhxvCI"
"163gT9fUWyl","411 E 53rd St Unit 8L, New York (manhattan), NY 10022","1275000","2","Condominium","Active","https://onekeymls.com/home-details/411-e-53rd-st-unit-8l-new-york-manhattan-ny-10022/163gT9fUWyl"
"7uxWE8Sz4rE","303 E 57th St Unit 17E, New York (manhattan), NY 10022","325000","2","Stock Cooperative","Pending","https://onekeymls.com/home-details/303-e-57th-st-unit-17e-new-york-manhattan-ny-10022/7uxWE8Sz4rE"
"kmW6YyQPHhl","685 5th Ave Fl 19, New York (manhattan), NY 10022","3500000","1","Condominium","Active","https://onekeymls.com/home-details/685-5th-ave-fl-19-new-york-manhattan-ny-10022/kmW6YyQPHhl"
"9czbJl25MOV","685 5th Ave Unit 22B, New York (manhattan), NY 10022","4150000","1","Condominium","Active","https://onekeymls.com/home-details/685-5th-ave-unit-22b-new-york-manhattan-ny-10022/9czbJl25MOV"
"6M8ehSXv6Nk","337 E 50th St Unit 2E, New York (manhattan), NY 10022","949950","2","Stock Cooperative","Active","https://onekeymls.com/home-details/337-e-50th-st-unit-2e-new-york-manhattan-ny-10022/6M8ehSXv6Nk"
"7uqAkKJm3iZ","225 E 57th St Unit 1L, New York (manhattan), NY 10022","499000","1","Stock Cooperative","Pending","https://onekeymls.com/home-details/225-e-57th-st-unit-1l-new-york-manhattan-ny-10022/7uqAkKJm3iZ"
"e5rd90SaFN5","153 E 57th St Unit 10D, New York (manhattan), NY 10022","733000","1","Stock Cooperative","Active","https://onekeymls.com/home-details/153-e-57th-st-unit-10d-new-york-manhattan-ny-10022/e5rd90SaFN5"
"i4U0U2DSNK1","420 E 58th St Unit 11C, New York (manhattan), NY 10022","680000","1","Condominium","Pending","https://onekeymls.com/home-details/420-e-58th-st-unit-11c-new-york-manhattan-ny-10022/i4U0U2DSNK1"
"1yy3tPCg6C5","432 Park Ave Unit 69B, New York (manhattan), NY 10022","22500000","3","Condominium","Active","https://onekeymls.com/home-details/432-park-ave-unit-69b-new-york-manhattan-ny-10022/1yy3tPCg6C5"
"cD5O20V4McV","111 E 56th St Unit 1102, New York (manhattan), NY 10022","890000","2","Condominium","Active","https://onekeymls.com/home-details/111-e-56th-st-unit-1102-new-york-manhattan-ny-10022/cD5O20V4McV"
"dVICJpDTDsP","319 E 50th St Unit 12G, New York (manhattan), NY 10022","650000","1","Stock Cooperative","Active","https://onekeymls.com/home-details/319-e-50th-st-unit-12g-new-york-manhattan-ny-10022/dVICJpDTDsP"
"l7p0Jl79HNw","207 E 57th St Unit 29A, New York (manhattan), NY 10022","3250000","3","Condominium","Active","https://onekeymls.com/home-details/207-e-57th-st-unit-29a-new-york-manhattan-ny-10022/l7p0Jl79HNw"
"2b47KM3h4oS","641 5th Ave Unit 29D, New York (manhattan), NY 10022","3900000","2","Condominium","Active","https://onekeymls.com/home-details/641-5th-ave-unit-29d-new-york-manhattan-ny-10022/2b47KM3h4oS"
"dPwk3dIZhCb","225 E 57th St Unit 4M, New York (manhattan), NY 10022","649000","1","Stock Cooperative","Active","https://onekeymls.com/home-details/225-e-57th-st-unit-4m-new-york-manhattan-ny-10022/dPwk3dIZhCb"
"9SK9BXbfZk5","400 E 54th St Unit 25cde, New York (manhattan), NY 10022","2999000","5","Condominium","Active","https://onekeymls.com/home-details/400-e-54th-st-unit-25cde-new-york-manhattan-ny-10022/9SK9BXbfZk5"
"llHIXhTn129","155 W 68th Street Unit 2-27, New York (manhattan), NY 10023","1100000","1","Condominium","Active","https://onekeymls.com/home-details/155-w-68th-street-unit-2-27-new-york-manhattan-ny-10023/llHIXhTn129"
"krzvARtXXmP","29 West 65th Street Unit 6-B, New York (manhattan), NY 10023","610000","0","Condominium","Pending","https://onekeymls.com/home-details/29-west-65th-street-unit-6-b-new-york-manhattan-ny-10023/krzvARtXXmP"
"ksUJcdbEz9H","185 W End Ave Unit 15E, New York (manhattan), NY 10023","679000","0","Stock Cooperative","Active","https://onekeymls.com/home-details/185-w-end-ave-unit-15e-new-york-manhattan-ny-10023/ksUJcdbEz9H"
"h0RWfWBY06p","27 W 72nd St Unit 205, New York (manhattan), NY 10023","3450000","3","Condominium","Active","https://onekeymls.com/home-details/27-w-72nd-st-unit-205-new-york-manhattan-ny-10023/h0RWfWBY06p"
"aOcuVXJbMBy","165 W 66th St Unit 2L, New York (manhattan), NY 10023","415000","0","Stock Cooperative","Active","https://onekeymls.com/home-details/165-w-66th-st-unit-2l-new-york-manhattan-ny-10023/aOcuVXJbMBy"
"3JyYMBvU0J4","330 W 72nd St Unit 7D, New York (manhattan), NY 10023","999999","1","Stock Cooperative","Active","https://onekeymls.com/home-details/330-w-72nd-st-unit-7d-new-york-manhattan-ny-10023/3JyYMBvU0J4"
"6oVVqfrfIfZ","1 W End Ave Unit 26D, New York (manhattan), NY 10023","3150000","2","Condominium","Active","https://onekeymls.com/home-details/1-w-end-ave-unit-26d-new-york-manhattan-ny-10023/6oVVqfrfIfZ"
"bmbXy0L19wC","46 W 65th St Unit 3D, New York (manhattan), NY 10023","530000","1","Stock Cooperative","Active","https://onekeymls.com/home-details/46-w-65th-st-unit-3d-new-york-manhattan-ny-10023/bmbXy0L19wC"
"4uYDigw5HE6","160 W 66th St Unit 49D, New York (manhattan), NY 10023","7000000","3","Condominium","Active","https://onekeymls.com/home-details/160-w-66th-st-unit-49d-new-york-manhattan-ny-10023/4uYDigw5HE6"
"l4oWYeJQxvD","160 W End Ave Unit 26P, New York (manhattan), NY 10023","889000","1","Stock Cooperative","Pending","https://onekeymls.com/home-details/160-w-end-ave-unit-26p-new-york-manhattan-ny-10023/l4oWYeJQxvD"
"jd3OSkq01NO","140 W End Ave Unit 11cd, New York (manhattan), NY 10023","3000000","4","Stock Cooperative","Active","https://onekeymls.com/home-details/140-w-end-ave-unit-11cd-new-york-manhattan-ny-10023/jd3OSkq01NO"
"dEKI4lagDbK","212 W 72nd St Unit 10C, New York (manhattan), NY 10023","3295000","3","Condominium","Active","https://onekeymls.com/home-details/212-w-72nd-st-unit-10c-new-york-manhattan-ny-10023/dEKI4lagDbK"
"lk3nt51ieD7","205 W End Ave Unit Res New York (manhattan), New York (manhattan), NY 10023","489000","1","Stock Cooperative","Active","https://onekeymls.com/home-details/205-w-end-ave-unit-res-new-york-manhattan-new-york-manhattan-ny-10023/lk3nt51ieD7"
"9eFGajTWPrZ","111 W 67th St Unit 29D, New York (manhattan), NY 10023","3900000","2","Condominium","Active","https://onekeymls.com/home-details/111-w-67th-st-unit-29d-new-york-manhattan-ny-10023/9eFGajTWPrZ"
"iEStXho4NDr","200 Amsterdam Ave Unit Ph1, New York (manhattan), NY 10023","27995000","4","Condominium","Active","https://onekeymls.com/home-details/200-amsterdam-ave-unit-ph1-new-york-manhattan-ny-10023/iEStXho4NDr"
"2Q4u0sbBr5R","1 Central Park W Unit 314, New York (manhattan), NY 10023","735000","1","Condominium","Active","https://onekeymls.com/home-details/1-central-park-w-unit-314-new-york-manhattan-ny-10023/2Q4u0sbBr5R"
"e7T43rNG7aN","1 Central Park W Unit 316, New York (manhattan), NY 10023","715000","1","Condominium","Active","https://onekeymls.com/home-details/1-central-park-w-unit-316-new-york-manhattan-ny-10023/e7T43rNG7aN"
"cz82PSYTqlX","45 W 67th St Unit 25F, New York (manhattan), NY 10023","1360000","1","Condominium","Active","https://onekeymls.com/home-details/45-w-67th-st-unit-25f-new-york-manhattan-ny-10023/cz82PSYTqlX"
"JHqKQAb8Cl","200 Amsterdam Ave Unit 7B, New York (manhattan), NY 10023","4250000","2","Condominium","Active","https://onekeymls.com/home-details/200-amsterdam-ave-unit-7b-new-york-manhattan-ny-10023/JHqKQAb8Cl"
"exwBLOAKksw","27 W 72nd St Unit 301, New York (manhattan), NY 10023","1150000","1","Condominium","Pending","https://onekeymls.com/home-details/27-w-72nd-st-unit-301-new-york-manhattan-ny-10023/exwBLOAKksw"
"7iodTEtbhaA","333 W End Ave Unit 8C, New York (manhattan), NY 10023","2000000","2","Stock Cooperative","Pending","https://onekeymls.com/home-details/333-w-end-ave-unit-8c-new-york-manhattan-ny-10023/7iodTEtbhaA"
"bbfm23EXHmZ","8 W 65th St Unit 5A, New York (manhattan), NY 10023","1580000","2","Condominium","Active","https://onekeymls.com/home-details/8-w-65th-st-unit-5a-new-york-manhattan-ny-10023/bbfm23EXHmZ"
"1V4OKuVMONG","165 W End Ave Unit 16C, New York (manhattan), NY 10023","560000","0","Stock Cooperative","Pending","https://onekeymls.com/home-details/165-w-end-ave-unit-16c-new-york-manhattan-ny-10023/1V4OKuVMONG"
"6CuNJAv6RGF","2025 Broadway Unit 12D, New York (manhattan), NY 10023","725000","1","Stock Cooperative","Active","https://onekeymls.com/home-details/2025-broadway-unit-12d-new-york-manhattan-ny-10023/6CuNJAv6RGF"
"iRcPUuSZ3Hv","200 Amsterdam Ave Unit 40A, New York (manhattan), NY 10023","12495000","3","Condominium","Active","https://onekeymls.com/home-details/200-amsterdam-ave-unit-40a-new-york-manhattan-ny-10023/iRcPUuSZ3Hv"
"bKRnpaC8eo1","269 West 87th Street Unit 6-A, New York (manhattan), NY 10024","1675000","4","Condominium","Pending","https://onekeymls.com/home-details/269-west-87th-street-unit-6-a-new-york-manhattan-ny-10024/bKRnpaC8eo1"
"3HjgrBQRwhj","131 W 85th Street Unit 1E, New York (manhattan), NY 10024","525000","1","Stock Cooperative","Active","https://onekeymls.com/home-details/131-w-85th-street-unit-1e-new-york-manhattan-ny-10024/3HjgrBQRwhj"
"lWZr9VvKaIM","127 W 82nd St Unit 1B, New York (manhattan), NY 10024","1069900","2","Condominium","Active","https://onekeymls.com/home-details/127-w-82nd-st-unit-1b-new-york-manhattan-ny-10024/lWZr9VvKaIM"
"7YjSM3nEZ6q","254 W 82nd St Unit 1C, New York (manhattan), NY 10024","675000","1","Stock Cooperative","Active","https://onekeymls.com/home-details/254-w-82nd-st-unit-1c-new-york-manhattan-ny-10024/7YjSM3nEZ6q"
"jxW9qesKP9K","2373 Broadway Unit 1602, New York (manhattan), NY 10024","950000","1","Condominium","Pending","https://onekeymls.com/home-details/2373-broadway-unit-1602-new-york-manhattan-ny-10024/jxW9qesKP9K"
"kpbE3BO91O7","151 W 80th St Unit 3R, New York (manhattan), NY 10024","627000","1","Stock Cooperative","Pending","https://onekeymls.com/home-details/151-w-80th-st-unit-3r-new-york-manhattan-ny-10024/kpbE3BO91O7"
"eU0BmkuRsVY","306 W 90th St Unit 1, New York (manhattan), NY 10024","1250000","2","Stock Cooperative","Active","https://onekeymls.com/home-details/306-w-90th-st-unit-1-new-york-manhattan-ny-10024/eU0BmkuRsVY"
"knvnvGCUk6a","74 W 85th St Unit 5, New York (manhattan), NY 10024","1250000","2","Condominium","Active","https://onekeymls.com/home-details/74-w-85th-st-unit-5-new-york-manhattan-ny-10024/knvnvGCUk6a"
"ag7HErs1yDV","2166 Broadway Unit 22B, New York (manhattan), NY 10024","499999","1","Stock Cooperative","Active","https://onekeymls.com/home-details/2166-broadway-unit-22b-new-york-manhattan-ny-10024/ag7HErs1yDV"
"8T70nIhKlKN","311 W 78th St New York (manhattan), New York (manhattan), NY 10024","4600000","","Multi Family","Active","https://onekeymls.com/home-details/311-w-78th-st-new-york-manhattan-new-york-manhattan-ny-10024/8T70nIhKlKN"
"1K2ySj4vVVW","254 W 88th St Unit B, New York (manhattan), NY 10024","2100000","1","Condominium","Active","https://onekeymls.com/home-details/254-w-88th-st-unit-b-new-york-manhattan-ny-10024/1K2ySj4vVVW"
"jxtO2LcBMH1","176 W 81st St Unit 3E, New York (manhattan), NY 10024","699000","4","Stock Cooperative","Pending","https://onekeymls.com/home-details/176-w-81st-st-unit-3e-new-york-manhattan-ny-10024/jxtO2LcBMH1"
"9Omd2EQ5Ot3","250 W 90th St Unit 8H, New York (manhattan), NY 10024","1825000","2","Condominium","Active","https://onekeymls.com/home-details/250-w-90th-st-unit-8h-new-york-manhattan-ny-10024/9Omd2EQ5Ot3"
"d28OylNTNNy","2250 Broadway Unit 12B, New York (manhattan), NY 10024","1950000","2","Condominium","Active","https://onekeymls.com/home-details/2250-broadway-unit-12b-new-york-manhattan-ny-10024/d28OylNTNNy"
"l5uZmF0rIo7","254 W 88th St Unit 1, New York (manhattan), NY 10024","2200000","1","Condominium","Active","https://onekeymls.com/home-details/254-w-88th-st-unit-1-new-york-manhattan-ny-10024/l5uZmF0rIo7"
"2SXftxlaYmA","610 W End Ave Unit Ph-A, New York (manhattan), NY 10024","4995000","3","Stock Cooperative","Active","https://onekeymls.com/home-details/610-w-end-ave-unit-ph-a-new-york-manhattan-ny-10024/2SXftxlaYmA"
"knQjZOXcPYt","120 W 87th St New York (manhattan), New York (manhattan), NY 10024","6850000","6","Single Family Residence","Active","https://onekeymls.com/home-details/120-w-87th-st-new-york-manhattan-new-york-manhattan-ny-10024/knQjZOXcPYt"
"fpRdgSShnWA","250 W 89th St Unit 3N, New York (manhattan), NY 10024","550000","0","Condominium","Active","https://onekeymls.com/home-details/250-w-89th-st-unit-3n-new-york-manhattan-ny-10024/fpRdgSShnWA"
"dV2XJOsPLTc","500 W End Ave Unit 1G, New York (manhattan), NY 10024","5295000","4","Condominium","Active","https://onekeymls.com/home-details/500-w-end-ave-unit-1g-new-york-manhattan-ny-10024/dV2XJOsPLTc"
"bAnpCGnJOXS","254 W 88th St Unit New, New York (manhattan), NY 10024","1995000","2","Condominium","Active","https://onekeymls.com/home-details/254-w-88th-st-unit-new-new-york-manhattan-ny-10024/bAnpCGnJOXS"
"jVkMQA5AEod","254 W 88th St Unit 3, New York (manhattan), NY 10024","1695000","2","Condominium","Active","https://onekeymls.com/home-details/254-w-88th-st-unit-3-new-york-manhattan-ny-10024/jVkMQA5AEod"
"8E3HPOlZOah","595 W End Ave Unit 3D, New York (manhattan), NY 10024","999000","1","Condominium","Active","https://onekeymls.com/home-details/595-w-end-ave-unit-3d-new-york-manhattan-ny-10024/8E3HPOlZOah"
"3fmU4vJJkdT","221 W 82nd St Unit 7B, New York (manhattan), NY 10024","979000","1","Stock Cooperative","Pending","https://onekeymls.com/home-details/221-w-82nd-st-unit-7b-new-york-manhattan-ny-10024/3fmU4vJJkdT"
"bweumjeA36G","177 W 83rd St Unit 4S, New York (manhattan), NY 10024","869000","3","Apartment","Pending","https://onekeymls.com/home-details/177-w-83rd-st-unit-4s-new-york-manhattan-ny-10024/bweumjeA36G"
"hPB6WSeNx5Z","2250 Broadway Unit 4P, New York (manhattan), NY 10024","640000","0","Condominium","Pending","https://onekeymls.com/home-details/2250-broadway-unit-4p-new-york-manhattan-ny-10024/hPB6WSeNx5Z"
"g3FR3qef4ku","51 W 106th Street Unit 5D, New York (manhattan), NY 10025","779900","3","Stock Cooperative","Active","https://onekeymls.com/home-details/51-w-106th-street-unit-5d-new-york-manhattan-ny-10025/g3FR3qef4ku"
"1H4GTdkLK2k","478 Central Park W Unit 5B, New York (manhattan), NY 10025","2600000","3","Condominium","Pending","https://onekeymls.com/home-details/478-central-park-w-unit-5b-new-york-manhattan-ny-10025/1H4GTdkLK2k"
"3Z2Krb05VUU","155 W 106th Street Unit 1A, New York (manhattan), NY 10025","390000","2","Stock Cooperative","Active","https://onekeymls.com/home-details/155-w-106th-street-unit-1a-new-york-manhattan-ny-10025/3Z2Krb05VUU"
"5dwdRNVYkXm","372 Central Park W Unit 20L, New York (manhattan), NY 10025","1118000","1","Condominium","Active","https://onekeymls.com/home-details/372-central-park-w-unit-20l-new-york-manhattan-ny-10025/5dwdRNVYkXm"
"eFVLm5hmpOA","983 Amsterdam Avenue Unit 5A, New York (manhattan), NY 10025","495000","1","Stock Cooperative","Active","https://onekeymls.com/home-details/983-amsterdam-avenue-unit-5a-new-york-manhattan-ny-10025/eFVLm5hmpOA"
"2aFi8tl9T93","372 Central Park West Unit 20K, New York (manhattan), NY 10025","1518000","1","Condominium","Active","https://onekeymls.com/home-details/372-central-park-west-unit-20k-new-york-manhattan-ny-10025/2aFi8tl9T93"
"6QbdgDsVw5Y","28 W 96th Street Unit 9, New York (manhattan), NY 10025","1450000","3","Condominium","Pending","https://onekeymls.com/home-details/28-w-96th-street-unit-9-new-york-manhattan-ny-10025/6QbdgDsVw5Y"
"8t5hrHJJj3y","26 W 97th St Unit 4D, New York (manhattan), NY 10025","650000","1","Condominium","Pending","https://onekeymls.com/home-details/26-w-97th-st-unit-4d-new-york-manhattan-ny-10025/8t5hrHJJj3y"
"ivuNSYfVwiP","100 W 94th St Unit 9B, New York (manhattan), NY 10025","860000","2","Stock Cooperative","Active","https://onekeymls.com/home-details/100-w-94th-st-unit-9b-new-york-manhattan-ny-10025/ivuNSYfVwiP"
"7GCoCHBoSxV","520 W 112th St Unit 4B, New York (manhattan), NY 10025","474900","1","Condominium","Active","https://onekeymls.com/home-details/520-w-112th-st-unit-4b-new-york-manhattan-ny-10025/7GCoCHBoSxV"
"ayEbzqUPgve","17 W 108th St Unit 92, New York (manhattan), NY 10025","195000","1","Stock Cooperative","Pending","https://onekeymls.com/home-details/17-w-108th-st-unit-92-new-york-manhattan-ny-10025/ayEbzqUPgve"
"fB89PeFkW95","210 Riverside Dr Unit 9F, New York (manhattan), NY 10025","1150000","1","Stock Cooperative","Active","https://onekeymls.com/home-details/210-riverside-dr-unit-9f-new-york-manhattan-ny-10025/fB89PeFkW95"
"ixiV5xbK08f","175 W 95th St Unit 27G, New York (manhattan), NY 10025","1590000","2","Condominium","Pending","https://onekeymls.com/home-details/175-w-95th-st-unit-27g-new-york-manhattan-ny-10025/ixiV5xbK08f"
"6WouUGcZyJ0","410 Central Park W Unit 1F, New York (manhattan), NY 10025","450000","1","Stock Cooperative","Active","https://onekeymls.com/home-details/410-central-park-w-unit-1f-new-york-manhattan-ny-10025/6WouUGcZyJ0"
"6q1ilJbx0o2","390 Riverside Dr Unit 12ac, New York (manhattan), NY 10025","824888","1","Stock Cooperative","Active","https://onekeymls.com/home-details/390-riverside-dr-unit-12ac-new-york-manhattan-ny-10025/6q1ilJbx0o2"
"7AQ8KKanfDV","230 W 105th St Unit 14G, New York (manhattan), NY 10025","715000","1","Stock Cooperative","Active","https://onekeymls.com/home-details/230-w-105th-st-unit-14g-new-york-manhattan-ny-10025/7AQ8KKanfDV"
"lY6HKaxYjYV","46 W 105th St Unit 6A, New York (manhattan), NY 10025","450000","1","Stock Cooperative","Active","https://onekeymls.com/home-details/46-w-105th-st-unit-6a-new-york-manhattan-ny-10025/lY6HKaxYjYV"
"4ozvsm02Oxr","390 Riverside Dr Unit 15D, New York (manhattan), NY 10025","678000","1","Stock Cooperative","Pending","https://onekeymls.com/home-details/390-riverside-dr-unit-15d-new-york-manhattan-ny-10025/4ozvsm02Oxr"
"24yDvHg3xs0","100 W 94th St Unit 4B, New York (manhattan), NY 10025","885000","2","Stock Cooperative","Active","https://onekeymls.com/home-details/100-w-94th-st-unit-4b-new-york-manhattan-ny-10025/24yDvHg3xs0"
"kS86Do505V","46 W 105th St Unit 5B, New York (manhattan), NY 10025","350000","1","Stock Cooperative","Active","https://onekeymls.com/home-details/46-w-105th-st-unit-5b-new-york-manhattan-ny-10025/kS86Do505V"
"fNkGex7x4k4","312 W 103rd St Unit N, New York (manhattan), NY 10025","3150000","6","Condominium","Active","https://onekeymls.com/home-details/312-w-103rd-st-unit-n-new-york-manhattan-ny-10025/fNkGex7x4k4"
"lmDCk85XkGN","251 W 98th St Unit 9C, New York (manhattan), NY 10025","1699000","3","Condominium","Active","https://onekeymls.com/home-details/251-w-98th-st-unit-9c-new-york-manhattan-ny-10025/lmDCk85XkGN"
"eE1LH9Yqs1V","222 Riverside Dr Unit 12A, New York (manhattan), NY 10025","3250000","3","Condominium","Active","https://onekeymls.com/home-details/222-riverside-dr-unit-12a-new-york-manhattan-ny-10025/eE1LH9Yqs1V"
"gU6RueFznCe","212 W 93rd St Unit 6A, New York (manhattan), NY 10025","3995000","4","Condominium","Active","https://onekeymls.com/home-details/212-w-93rd-st-unit-6a-new-york-manhattan-ny-10025/gU6RueFznCe"
"fH5E7iwvv8V","212 W 93rd St Unit 7A, New York (manhattan), NY 10025","3595000","3","Condominium","Active","https://onekeymls.com/home-details/212-w-93rd-st-unit-7a-new-york-manhattan-ny-10025/fH5E7iwvv8V"
"81zgLcJn4Dq","212 W 93rd St Unit 9B, New York (manhattan), NY 10025","3495000","4","Condominium","Active","https://onekeymls.com/home-details/212-w-93rd-st-unit-9b-new-york-manhattan-ny-10025/81zgLcJn4Dq"
"9erVMPrOgCI","212 W 93rd St Unit 12thfloor, New York (manhattan), NY 10025","4825000","4","Condominium","Active","https://onekeymls.com/home-details/212-w-93rd-st-unit-12thfloor-new-york-manhattan-ny-10025/9erVMPrOgCI"
"acKULpt5wyJ","520 E 81st Street Unit 11E, New York (manhattan), NY 10028","565000","0","Condominium","Pending","https://onekeymls.com/home-details/520-e-81st-street-unit-11e-new-york-manhattan-ny-10028/acKULpt5wyJ"
"9IvketopY9F","52 E End Avenue Unit 10abc, New York (manhattan), NY 10028","3495000","5","Condominium","Active","https://onekeymls.com/home-details/52-e-end-avenue-unit-10abc-new-york-manhattan-ny-10028/9IvketopY9F"
"1sYEYzqu3Su","21 E 81st St New York (manhattan), New York (manhattan), NY 10028","16500000","6","Single Family Residence","Active","https://onekeymls.com/home-details/21-e-81st-st-new-york-manhattan-new-york-manhattan-ny-10028/1sYEYzqu3Su"
"ifbJURjGyww","330 E 83rd St Unit 2J, New York (manhattan), NY 10028","299000","0","Stock Cooperative","Pending","https://onekeymls.com/home-details/330-e-83rd-st-unit-2j-new-york-manhattan-ny-10028/ifbJURjGyww"
"cKz6vxHiZJd","233 E 86th St Unit 20B, New York (manhattan), NY 10028","1350000","2","Stock Cooperative","Active","https://onekeymls.com/home-details/233-e-86th-st-unit-20b-new-york-manhattan-ny-10028/cKz6vxHiZJd"
"aXjGDQK5ItC","430 E 85th St Unit 5B, New York (manhattan), NY 10028","320000","0","Stock Cooperative","Pending","https://onekeymls.com/home-details/430-e-85th-st-unit-5b-new-york-manhattan-ny-10028/aXjGDQK5ItC"
"gm0BqHmJKD5","7 Gracie Sq Unit 2, New York (manhattan), NY 10028","2750000","4","Stock Cooperative","Active","https://onekeymls.com/home-details/7-gracie-sq-unit-2-new-york-manhattan-ny-10028/gm0BqHmJKD5"
"kt44cCf3M7m","45 E End Ave Unit 20D, New York (manhattan), NY 10028","2195000","3","Stock Cooperative","Active","https://onekeymls.com/home-details/45-e-end-ave-unit-20d-new-york-manhattan-ny-10028/kt44cCf3M7m"
"iIaJBiowLkV","127 E 81st St New York (manhattan), New York (manhattan), NY 10028","7950000","4","Single Family Residence","Active","https://onekeymls.com/home-details/127-e-81st-st-new-york-manhattan-new-york-manhattan-ny-10028/iIaJBiowLkV"
"gDmPNyywvbe","415 E 85th St Unit 8D, New York (manhattan), NY 10028","495000","1","Stock Cooperative","Active","https://onekeymls.com/home-details/415-e-85th-st-unit-8d-new-york-manhattan-ny-10028/gDmPNyywvbe"
"aklFceKCCfN","200 E 83rd St Unit 8C, New York (manhattan), NY 10028","2880000","1","Apartment","Active","https://onekeymls.com/home-details/200-e-83rd-st-unit-8c-new-york-manhattan-ny-10028/aklFceKCCfN"
"gTjc4JKJy5o","305 E 85th St Unit 17B, New York (manhattan), NY 10028","5100000","4","Condominium","Active","https://onekeymls.com/home-details/305-e-85th-st-unit-17b-new-york-manhattan-ny-10028/gTjc4JKJy5o"
"c8zG79krPc7","350 W 42nd Street Unit 19I, New York (manhattan), NY 10036","715000","0","Condominium","Active","https://onekeymls.com/home-details/350-w-42nd-street-unit-19i-new-york-manhattan-ny-10036/c8zG79krPc7"
"9ZPjZ2hQioZ","505 W 43rd Street Unit 6L, New York (manhattan), NY 10036","1068000","1","Condominium","Active","https://onekeymls.com/home-details/505-w-43rd-street-unit-6l-new-york-manhattan-ny-10036/9ZPjZ2hQioZ"
"A1Bvj7CI2D","350 West 42nd Street Unit 57C, New York (manhattan), NY 10036","1550000","2","Condominium","Pending","https://onekeymls.com/home-details/350-west-42nd-street-unit-57c-new-york-manhattan-ny-10036/A1Bvj7CI2D"
"dJmo3qROe9O","437 W 43rd Street Unit 1, New York (manhattan), NY 10036","1000000","2","Condominium","Active","https://onekeymls.com/home-details/437-w-43rd-street-unit-1-new-york-manhattan-ny-10036/dJmo3qROe9O"
"7SJwhQy8Oeo","635 W 42nd St Unit 7A, New York (manhattan), NY 10036","815000","1","Condominium","Pending","https://onekeymls.com/home-details/635-w-42nd-st-unit-7a-new-york-manhattan-ny-10036/7SJwhQy8Oeo"
"3vHBBR3tuAI","415 W 46th St Unit 2D, New York (manhattan), NY 10036","388000","0","Stock Cooperative","Active","https://onekeymls.com/home-details/415-w-46th-st-unit-2d-new-york-manhattan-ny-10036/3vHBBR3tuAI"
"d5q4wh49I5L","547 W 47th St Unit 811, New York (manhattan), NY 10036","1965000","2","Condominium","Active","https://onekeymls.com/home-details/547-w-47th-st-unit-811-new-york-manhattan-ny-10036/d5q4wh49I5L"
"iZwCjuZPnqj","350 W 42nd St Unit 53C, New York (manhattan), NY 10036","1396000","2","Condominium","Active","https://onekeymls.com/home-details/350-w-42nd-st-unit-53c-new-york-manhattan-ny-10036/iZwCjuZPnqj"
"hsviEQ27cvL","464 W 44th St Unit 3H, New York (manhattan), NY 10036","685000","0","Condominium","Active","https://onekeymls.com/home-details/464-w-44th-st-unit-3h-new-york-manhattan-ny-10036/hsviEQ27cvL"
"eqytmCuZZtO","50 W 47th St Unit 10U, New York (manhattan), NY 10036","980000","","Office","Active","https://onekeymls.com/home-details/50-w-47th-st-unit-10u-new-york-manhattan-ny-10036/eqytmCuZZtO"
"caLcbBJJenZ","350 W 42nd St Unit 19ed, New York (manhattan), NY 10036","2300000","3","Condominium","Active","https://onekeymls.com/home-details/350-w-42nd-st-unit-19ed-new-york-manhattan-ny-10036/caLcbBJJenZ"
"3erL6ALrehD","437 W 43rd St Unit 1G, New York (manhattan), NY 10036","1195000","2","Duplex","Active","https://onekeymls.com/home-details/437-w-43rd-st-unit-1g-new-york-manhattan-ny-10036/3erL6ALrehD"
"9upYWcyGaFS","247 W 46th St Unit 3103, New York (manhattan), NY 10036","2200000","2","Condominium","Active","https://onekeymls.com/home-details/247-w-46th-st-unit-3103-new-york-manhattan-ny-10036/9upYWcyGaFS"
"83fEhpERL0u","529 W 42nd St Unit 4F, New York (manhattan), NY 10036","1325000","2","Stock Cooperative","Active","https://onekeymls.com/home-details/529-w-42nd-st-unit-4f-new-york-manhattan-ny-10036/83fEhpERL0u"
"5T4rurVGiA3","547 W 47th St Unit 509, New York (manhattan), NY 10036","920000","1","Condominium","Active","https://onekeymls.com/home-details/547-w-47th-st-unit-509-new-york-manhattan-ny-10036/5T4rurVGiA3"
"7cnoNfshzun","540 W 49th St Unit 406N, New York (manhattan), NY 10019","1195000","2","Condominium","Active","https://onekeymls.com/home-details/540-w-49th-st-unit-406n-new-york-manhattan-ny-10019/7cnoNfshzun"
"i5bezMR29dA","781 8th Ave New York (manhattan), New York (manhattan), NY 10036","9470000","","Mixed Use","Active","https://onekeymls.com/home-details/781-8th-ave-new-york-manhattan-new-york-manhattan-ny-10036/i5bezMR29dA"
"arxegamRMCJ","350 W 42nd St Unit 10H, New York (manhattan), NY 10036","688000","0","Condominium","Active","https://onekeymls.com/home-details/350-w-42nd-st-unit-10h-new-york-manhattan-ny-10036/arxegamRMCJ"
"8uooXTO8hBX","460 W 42nd St Unit 53G, New York (manhattan), NY 10036","2088000","1","Condominium","Active","https://onekeymls.com/home-details/460-w-42nd-st-unit-53g-new-york-manhattan-ny-10036/8uooXTO8hBX"
"5IxJvQJHEex","18 W 48th St Unit 17D, New York (manhattan), NY 10036","999990","1","Condominium","Active","https://onekeymls.com/home-details/18-w-48th-st-unit-17d-new-york-manhattan-ny-10036/5IxJvQJHEex"
"jpB9lqvjK2V","575 Grand Street Unit E1505, New York (manhattan), NY 10002","1298000","3","Stock Cooperative","Active","https://onekeymls.com/home-details/575-grand-street-unit-e1505-new-york-manhattan-ny-10002/jpB9lqvjK2V"
"pQUYSo6tIa","252 South Street Unit 12G, New York (manhattan), NY 10002","1199000","1","Condominium","Active","https://onekeymls.com/home-details/252-south-street-unit-12g-new-york-manhattan-ny-10002/pQUYSo6tIa"
"477pkYPxT4e","252 South St Unit 33N, New York (manhattan), NY 10002","1298000","1","Condominium","Active","https://onekeymls.com/home-details/252-south-st-unit-33n-new-york-manhattan-ny-10002/477pkYPxT4e"
"aqT7VVJx5BB","48 Hester St Unit 5C, New York (manhattan), NY 10002","899000","1","Condominium","Pending","https://onekeymls.com/home-details/48-hester-st-unit-5c-new-york-manhattan-ny-10002/aqT7VVJx5BB"
"l6wEeYKBw0p","573 Grand St Unit D802, New York (manhattan), NY 10002","609000","1","Stock Cooperative","Active","https://onekeymls.com/home-details/573-grand-st-unit-d802-new-york-manhattan-ny-10002/l6wEeYKBw0p"
"kziLBvbUYHn","89 Bowery Unit 8A, New York (manhattan), NY 10002","2105600","","Office","Active","https://onekeymls.com/home-details/89-bowery-unit-8a-new-york-manhattan-ny-10002/kziLBvbUYHn"
"mIMNsjoGd7","169 Allen St Unit 4A, New York (manhattan), NY 10002","725000","2","Stock Cooperative","Pending","https://onekeymls.com/home-details/169-allen-st-unit-4a-new-york-manhattan-ny-10002/mIMNsjoGd7"
"blar9eUiDO4","208 Delancey St Unit Ph3, New York (manhattan), NY 10002","1475000","1","Condominium","Active","https://onekeymls.com/home-details/208-delancey-st-unit-ph3-new-york-manhattan-ny-10002/blar9eUiDO4"
"gGkL7NmPGOX","473 Fdr Dr Unit K1404, New York (manhattan), NY 10002","729000","2","Stock Cooperative","Active","https://onekeymls.com/home-details/473-fdr-dr-unit-k1404-new-york-manhattan-ny-10002/gGkL7NmPGOX"
"b5b6O4GC6Xt","252 South St Unit 68K, New York (manhattan), NY 10002","1589000","1","Condominium","Active","https://onekeymls.com/home-details/252-south-st-unit-68k-new-york-manhattan-ny-10002/b5b6O4GC6Xt"
"euEg3bo5fOF","92 Canal St Unit 6C, New York (manhattan), NY 10002","920000","2","Condominium","Active","https://onekeymls.com/home-details/92-canal-st-unit-6c-new-york-manhattan-ny-10002/euEg3bo5fOF"
"sJhPKosUHZ","330 Grand St Unit 1, New York (manhattan), NY 10002","1495000","1","Condominium","Active","https://onekeymls.com/home-details/330-grand-st-unit-1-new-york-manhattan-ny-10002/sJhPKosUHZ"
"3yElfL3w6c7","208 Delancey St Unit 10E, New York (manhattan), NY 10002","889000","0","Condominium","Active","https://onekeymls.com/home-details/208-delancey-st-unit-10e-new-york-manhattan-ny-10002/3yElfL3w6c7"
"hqw1dhdB5kv","2 Allen St Unit 6A, New York (manhattan), NY 10002","749000","","Office","Active","https://onekeymls.com/home-details/2-allen-st-unit-6a-new-york-manhattan-ny-10002/hqw1dhdB5kv"
"6D2vfFRZcvn","51 Orchard St New York (manhattan), New York (manhattan), NY 10002","7499000","0","Quadruplex","Active","https://onekeymls.com/home-details/51-orchard-st-new-york-manhattan-new-york-manhattan-ny-10002/6D2vfFRZcvn"
"ftmTU6IV6uY","202 Broome St Unit 12C, New York (manhattan), NY 10002","1999500","1","Condominium","Active","https://onekeymls.com/home-details/202-broome-st-unit-12c-new-york-manhattan-ny-10002/ftmTU6IV6uY"
"4P6sWyhPQZc","249 Eldridge St Unit 16, New York (manhattan), NY 10002","550000","1","Stock Cooperative","Pending","https://onekeymls.com/home-details/249-eldridge-st-unit-16-new-york-manhattan-ny-10002/4P6sWyhPQZc"
"dUB5oq0U5K3","250 South St Unit 50N, New York (manhattan), NY 10002","1600000","1","Condominium","Active","https://onekeymls.com/home-details/250-south-st-unit-50n-new-york-manhattan-ny-10002/dUB5oq0U5K3"
"enZp5V8tyJa","66 Clinton St Unit Pha, New York (manhattan), NY 10002","4990000","3","Condominium","Active","https://onekeymls.com/home-details/66-clinton-st-unit-pha-new-york-manhattan-ny-10002/enZp5V8tyJa"
"15z5u8K5h51","66 Clinton St Unit 6B, New York (manhattan), NY 10002","1499000","1","Condominium","Active","https://onekeymls.com/home-details/66-clinton-st-unit-6b-new-york-manhattan-ny-10002/15z5u8K5h51"
"96VBeFNSLec","66 Clinton St Unit 6A, New York (manhattan), NY 10002","2599000","2","Condominium","Active","https://onekeymls.com/home-details/66-clinton-st-unit-6a-new-york-manhattan-ny-10002/96VBeFNSLec"
"8MJhx8r0JIy","50 Delancey St New York (manhattan), New York (manhattan), NY 10002","13700000","","Mixed Use","Active","https://onekeymls.com/home-details/50-delancey-st-new-york-manhattan-new-york-manhattan-ny-10002/8MJhx8r0JIy"
"50J0UC53twk","32 Clinton St Unit 4, New York (manhattan), NY 10002","1995000","2","Condominium","Active","https://onekeymls.com/home-details/32-clinton-st-unit-4-new-york-manhattan-ny-10002/50J0UC53twk"
"64O39YCCoUO","66 Clinton St Unit Maisonette New York (manhattan), New York (manhattan), NY 10002","1899000","2","Condominium","Active","https://onekeymls.com/home-details/66-clinton-st-unit-maisonette-new-york-manhattan-new-york-manhattan-ny-10002/64O39YCCoUO"
"g0jhvrX2rtn","66 Clinton St Unit 5A, New York (manhattan), NY 10002","2499000","2","Condominium","Active","https://onekeymls.com/home-details/66-clinton-st-unit-5a-new-york-manhattan-ny-10002/g0jhvrX2rtn"
"8lOJUuRLutU","66 Clinton St Unit 5B, New York (manhattan), NY 10002","1399000","1","Condominium","Active","https://onekeymls.com/home-details/66-clinton-st-unit-5b-new-york-manhattan-ny-10002/8lOJUuRLutU"
"8Zwb6N6F6NV","330 Grand St Unit 4A, New York (manhattan), NY 10002","1275000","1","Condominium","Active","https://onekeymls.com/home-details/330-grand-st-unit-4a-new-york-manhattan-ny-10002/8Zwb6N6F6NV"
"a1GGKmEao0T","252 South St Unit 46K, New York (manhattan), NY 10002","2495000","2","Condominium","Active","https://onekeymls.com/home-details/252-south-st-unit-46k-new-york-manhattan-ny-10002/a1GGKmEao0T"
"4k6HB5dKxBB","208 Delancey St Unit 2D, New York (manhattan), NY 10002","1195000","1","Condominium","Active","https://onekeymls.com/home-details/208-delancey-st-unit-2d-new-york-manhattan-ny-10002/4k6HB5dKxBB"
"lLTWKfkjKhH","172 Madison St Unit 17B, New York (manhattan), NY 10002","1995000","2","Condominium","Active","https://onekeymls.com/home-details/172-madison-st-unit-17b-new-york-manhattan-ny-10002/lLTWKfkjKhH"
"bXoEsmiwbZ0","203 E 13th Street Unit Ph4cd, New York (manhattan), NY 10003","7500000","3","Condominium","Active","https://onekeymls.com/home-details/203-e-13th-street-unit-ph4cd-new-york-manhattan-ny-10003/bXoEsmiwbZ0"
"gXP7AArgkBI","1 Irving Place Unit U17h, New York (manhattan), NY 10003","809000","0","Condominium","Active","https://onekeymls.com/home-details/1-irving-place-unit-u17h-new-york-manhattan-ny-10003/gXP7AArgkBI"
"czXrFoVKlwk","239 East 10th Street Unit Garden-A, New York (manhattan), NY 10003","1950000","2","Condominium","Pending","https://onekeymls.com/home-details/239-east-10th-street-unit-garden-a-new-york-manhattan-ny-10003/czXrFoVKlwk"
"23AXDPUC53w","305 2nd Avenue Unit 716, New York (manhattan), NY 10003","2195000","2","Condominium","Active","https://onekeymls.com/home-details/305-2nd-avenue-unit-716-new-york-manhattan-ny-10003/23AXDPUC53w"
"irPZXF09AQG","63 East 9th Street Unit 4-O, New York (manhattan), NY 10003","1785000","2","Condominium","Pending","https://onekeymls.com/home-details/63-east-9th-street-unit-4-o-new-york-manhattan-ny-10003/irPZXF09AQG"
"ajySYrvkb5O","77 E 12th Street Unit 13jk, New York (manhattan), NY 10003","2175000","2","Stock Cooperative","Active","https://onekeymls.com/home-details/77-e-12th-street-unit-13jk-new-york-manhattan-ny-10003/ajySYrvkb5O"
"i1LMxypwZ9U","105 E 15th Street Unit 57, New York (manhattan), NY 10003","399000","1","Stock Cooperative","Pending","https://onekeymls.com/home-details/105-e-15th-street-unit-57-new-york-manhattan-ny-10003/i1LMxypwZ9U"
"51fXdlRTjP3","439 Lafayette Street Unit 3, New York (manhattan), NY 10003","5495000","3","Stock Cooperative","Active","https://onekeymls.com/home-details/439-lafayette-street-unit-3-new-york-manhattan-ny-10003/51fXdlRTjP3"
"9YouJJ0ngXF","225 E 19th St Unit 802, New York (manhattan), NY 10003","1999000","1","Condominium","Active","https://onekeymls.com/home-details/225-e-19th-st-unit-802-new-york-manhattan-ny-10003/9YouJJ0ngXF"
"kHMp7HvYHMC","224 E 14th St Unit 1, New York (manhattan), NY 10003","2075000","2","Condominium","Active","https://onekeymls.com/home-details/224-e-14th-st-unit-1-new-york-manhattan-ny-10003/kHMp7HvYHMC"
"hNlYH6roq2J","1 Irving Pl Unit U16e, New York (manhattan), NY 10003","1325000","1","Condominium","Active","https://onekeymls.com/home-details/1-irving-pl-unit-u16e-new-york-manhattan-ny-10003/hNlYH6roq2J"
"jCamx8z9PSv","234 E 14th St Unit 1B, New York (manhattan), NY 10003","760000","0","Stock Cooperative","Active","https://onekeymls.com/home-details/234-e-14th-st-unit-1b-new-york-manhattan-ny-10003/jCamx8z9PSv"
"25OwyUztSaH","24 E 7th St Unit 11B, New York (manhattan), NY 10003","999999","1","Stock Cooperative","Active","https://onekeymls.com/home-details/24-e-7th-st-unit-11b-new-york-manhattan-ny-10003/25OwyUztSaH"
"e6bPQekShyc","60 E 8th St Unit 18G, New York (manhattan), NY 10003","910000","0","Condominium","Active","https://onekeymls.com/home-details/60-e-8th-st-unit-18g-new-york-manhattan-ny-10003/e6bPQekShyc"
"89TrU8C8vbQ","230 E 20th St Unit 52, New York (manhattan), NY 10003","1295000","1","Condominium","Active","https://onekeymls.com/home-details/230-e-20th-st-unit-52-new-york-manhattan-ny-10003/89TrU8C8vbQ"
"3FpcFv62xUu","15 E 10th St Unit 4A, New York (manhattan), NY 10003","1149000","1","Stock Cooperative","Active","https://onekeymls.com/home-details/15-e-10th-st-unit-4a-new-york-manhattan-ny-10003/3FpcFv62xUu"
"ejKYTXFbVJf","874 Broadway Unit 605, New York (manhattan), NY 10003","2500000","1","Stock Cooperative","Active","https://onekeymls.com/home-details/874-broadway-unit-605-new-york-manhattan-ny-10003/ejKYTXFbVJf"
"c1wk3DmL0yK","305 2nd Ave Unit 538, New York (manhattan), NY 10003","1400000","1","Condominium","Active","https://onekeymls.com/home-details/305-2nd-ave-unit-538-new-york-manhattan-ny-10003/c1wk3DmL0yK"
"10TTMaxhxf3","111 4th Ave Unit 11L, New York (manhattan), NY 10003","750000","1","Stock Cooperative","Active","https://onekeymls.com/home-details/111-4th-ave-unit-11l-new-york-manhattan-ny-10003/10TTMaxhxf3"
"1pVCXSXv7Mn","60 E 8th St Unit 6A, New York (manhattan), NY 10003","1475000","1","Condominium","Active","https://onekeymls.com/home-details/60-e-8th-st-unit-6a-new-york-manhattan-ny-10003/1pVCXSXv7Mn"
"kltgkB0zRIS","7 E 14th St Unit 428, New York (manhattan), NY 10003","899000","1","Stock Cooperative","Active","https://onekeymls.com/home-details/7-e-14th-st-unit-428-new-york-manhattan-ny-10003/kltgkB0zRIS"
"72aS18DHPEJ","224 E 17th St Unit 5R, New York (manhattan), NY 10003","800000","0","Stock Cooperative","Active","https://onekeymls.com/home-details/224-e-17th-st-unit-5r-new-york-manhattan-ny-10003/72aS18DHPEJ"
"lWku5mNiBWA","17 E 17th St Unit 2fl, New York (manhattan), NY 10003","2495000","2","Condominium","Active","https://onekeymls.com/home-details/17-e-17th-st-unit-2fl-new-york-manhattan-ny-10003/lWku5mNiBWA"
"lcgUvypPB9a","57 Irving Pl Unit 5thfloor, New York (manhattan), NY 10003","5750000","3","Condominium","Active","https://onekeymls.com/home-details/57-irving-pl-unit-5thfloor-new-york-manhattan-ny-10003/lcgUvypPB9a"
"1XNf3Bq8gLx","815 Broadway Unit 602, New York (manhattan), NY 10003","3125000","2","Condominium","Active","https://onekeymls.com/home-details/815-broadway-unit-602-new-york-manhattan-ny-10003/1XNf3Bq8gLx"
"4IFOne4b1w","815 Broadway Unit 702, New York (manhattan), NY 10003","3200000","2","Condominium","Active","https://onekeymls.com/home-details/815-broadway-unit-702-new-york-manhattan-ny-10003/4IFOne4b1w"
"5wBIY3GQGuf","115 E 9th St Unit 16L, New York (manhattan), NY 10003","1380000","2","Stock Cooperative","Pending","https://onekeymls.com/home-details/115-e-9th-st-unit-16l-new-york-manhattan-ny-10003/5wBIY3GQGuf"
"lijZ6c2qGHe","130 E 18th St Unit 10V, New York (manhattan), NY 10003","929000","1","Stock Cooperative","Pending","https://onekeymls.com/home-details/130-e-18th-st-unit-10v-new-york-manhattan-ny-10003/lijZ6c2qGHe"
"hSZxXvPQuz6","111 4th Ave Unit 2E, New York (manhattan), NY 10003","1780000","1","Stock Cooperative","Pending","https://onekeymls.com/home-details/111-4th-ave-unit-2e-new-york-manhattan-ny-10003/hSZxXvPQuz6"
"iMzSQ0EE3AY","109 1st Ave New York (manhattan), New York (manhattan), NY 10003","150000","","Business","Active","https://onekeymls.com/home-details/109-1st-ave-new-york-manhattan-new-york-manhattan-ny-10003/iMzSQ0EE3AY"
"aPUxla0fckT","209 E 2nd St Unit 6, New York (manhattan), NY 10009","1850000","2","Condominium","Active","https://onekeymls.com/home-details/209-e-2nd-st-unit-6-new-york-manhattan-ny-10009/aPUxla0fckT"
"lGVXpJNOhba","399 E 8th St Unit 7B, New York (manhattan), NY 10009","868000","1","Condominium","Active","https://onekeymls.com/home-details/399-e-8th-st-unit-7b-new-york-manhattan-ny-10009/lGVXpJNOhba"
"lx1NsooJ7zQ","327 E 3rd St Unit 2E, New York (manhattan), NY 10009","499000","1","Stock Cooperative","Active","https://onekeymls.com/home-details/327-e-3rd-st-unit-2e-new-york-manhattan-ny-10009/lx1NsooJ7zQ"
"9dHsb9ZNbu2","189 Avenue C Unit 3D, New York (manhattan), NY 10009","685000","1","Condominium","Active","https://onekeymls.com/home-details/189-avenue-c-unit-3d-new-york-manhattan-ny-10009/9dHsb9ZNbu2"
"2xiY2jzvUsJ","529 E 12th St Unit C5, New York (manhattan), NY 10009","499000","2","Stock Cooperative","Pending","https://onekeymls.com/home-details/529-e-12th-st-unit-c5-new-york-manhattan-ny-10009/2xiY2jzvUsJ"
"aEc56xKVSsF","141 E 3rd St Unit 4B, New York (manhattan), NY 10009","715000","1","Stock Cooperative","Active","https://onekeymls.com/home-details/141-e-3rd-st-unit-4b-new-york-manhattan-ny-10009/aEc56xKVSsF"
"lktPGH0BWvM","189 Avenue C Unit 4E, New York (manhattan), NY 10009","792750","1","Condominium","Active","https://onekeymls.com/home-details/189-avenue-c-unit-4e-new-york-manhattan-ny-10009/lktPGH0BWvM"
"97QHcyLtxzk","438 E 12th St Unit 2D, New York (manhattan), NY 10009","3900000","3","Condominium","Active","https://onekeymls.com/home-details/438-e-12th-st-unit-2d-new-york-manhattan-ny-10009/97QHcyLtxzk"
"6wbKrHJ3c8e","1278 Schenectady Ave, Brooklyn, NY 11203","655000","3","Single Family Residence","Active","https://onekeymls.com/home-details/1278-schenectady-ave-brooklyn-ny-11203/6wbKrHJ3c8e"
"fzlktDF2b8K","263 E 39th St, Brooklyn, NY 11203","1199000","4","Duplex","Active","https://onekeymls.com/home-details/263-e-39th-st-brooklyn-ny-11203/fzlktDF2b8K"
"1CEa03x3oXa","543 E 38th St, Brooklyn, NY 11203","765000","3","Single Family Residence","Active","https://onekeymls.com/home-details/543-e-38th-st-brooklyn-ny-11203/1CEa03x3oXa"
"6xfY06FW4u3","558 Midwood St, Brooklyn, NY 11203","1999999","7","Quadruplex","Pending","https://onekeymls.com/home-details/558-midwood-st-brooklyn-ny-11203/6xfY06FW4u3"
"bAyY7t0TXAu","122 E 46th St, Brooklyn, NY 11203","1300000","6","Duplex","Active","https://onekeymls.com/home-details/122-e-46th-st-brooklyn-ny-11203/bAyY7t0TXAu"
"cVMR7ZNnGRn","4 E 54th St Unit 2G, Brooklyn, NY 11203","699999","3","Condominium","Active","https://onekeymls.com/home-details/4-e-54th-st-unit-2g-brooklyn-ny-11203/cVMR7ZNnGRn"
"eRFO28VPd1s","175 E 55th St, Brooklyn, NY 11203","999000","","","Active","https://onekeymls.com/home-details/175-e-55th-st-brooklyn-ny-11203/eRFO28VPd1s"
"b0nOcm7NsPO","560 Linden Blvd, Brooklyn, NY 11203","899000","3","Single Family Residence","Active","https://onekeymls.com/home-details/560-linden-blvd-brooklyn-ny-11203/b0nOcm7NsPO"
"gJC4Z4xHmVx","214 E 38th St, Brooklyn, NY 11203","849000","3","Single Family Residence","Active","https://onekeymls.com/home-details/214-e-38th-st-brooklyn-ny-11203/gJC4Z4xHmVx"
"9qGS0tO4TsT","968 Albany Ave, Brooklyn, NY 11203","770000","4","Duplex","Active","https://onekeymls.com/home-details/968-albany-ave-brooklyn-ny-11203/9qGS0tO4TsT"
"6IxDvVKVNcv","40 E 43rd St Unit 3B, Brooklyn, NY 11203","259000","2","Stock Cooperative","Active","https://onekeymls.com/home-details/40-e-43rd-st-unit-3b-brooklyn-ny-11203/6IxDvVKVNcv"
"9XYWiFUsCUW","1169 Brooklyn Ave, Brooklyn, NY 11203","890000","4","Single Family Residence","Active","https://onekeymls.com/home-details/1169-brooklyn-ave-brooklyn-ny-11203/9XYWiFUsCUW"
"iylFrrpJD8H","281 E 57th St Unit 1, Brooklyn, NY 11203","725000","2","Duplex","Active","https://onekeymls.com/home-details/281-e-57th-st-unit-1-brooklyn-ny-11203/iylFrrpJD8H"
"6xvdLVQTvXt","1356 Albany Ave, Brooklyn, NY 11203","699000","3","Single Family Residence","Active","https://onekeymls.com/home-details/1356-albany-ave-brooklyn-ny-11203/6xvdLVQTvXt"
"9JkoSVVTJeQ","455 E 43rd St, Brooklyn, NY 11203","859900","3","Single Family Residence","Active","https://onekeymls.com/home-details/455-e-43rd-st-brooklyn-ny-11203/9JkoSVVTJeQ"
"5KtsGdF7v19","157 E 49th St, Brooklyn, NY 11203","749999","3","Duplex","Active","https://onekeymls.com/home-details/157-e-49th-st-brooklyn-ny-11203/5KtsGdF7v19"
"jGp7XnPJe5V","4404 Clarendon Rd, Brooklyn, NY 11203","589999","4","Single Family Residence","Active","https://onekeymls.com/home-details/4404-clarendon-rd-brooklyn-ny-11203/jGp7XnPJe5V"
"cwql0v4Ms0C","234 E 42nd St, Brooklyn, NY 11203","1048000","5","Duplex","Active","https://onekeymls.com/home-details/234-e-42nd-st-brooklyn-ny-11203/cwql0v4Ms0C"
"eb3KDW0SuvQ","933 Brooklyn Ave, Brooklyn, NY 11203","2100000","7","Manufactured On Land","Active","https://onekeymls.com/home-details/933-brooklyn-ave-brooklyn-ny-11203/eb3KDW0SuvQ"
"lqtLDEcYPGB","929 Brooklyn Ave, Brooklyn, NY 11203","2500000","9","Manufactured On Land","Active","https://onekeymls.com/home-details/929-brooklyn-ave-brooklyn-ny-11203/lqtLDEcYPGB"
"lzMYVb4vnd","973 Schenectady Ave, Brooklyn, NY 11203","925000","6","Duplex","Active","https://onekeymls.com/home-details/973-schenectady-ave-brooklyn-ny-11203/lzMYVb4vnd"
"b6pSIO0dqXK","451 E 49th St, Brooklyn, NY 11203","770000","3","Single Family Residence","Active","https://onekeymls.com/home-details/451-e-49th-st-brooklyn-ny-11203/b6pSIO0dqXK"
"32n1BCHuAsk","1214 Schenectady Ave, Brooklyn, NY 11203","559000","4","Duplex","Pending","https://onekeymls.com/home-details/1214-schenectady-ave-brooklyn-ny-11203/32n1BCHuAsk"
"iupKzY58roz","1363 Albany Ave, Brooklyn, NY 11203","689000","3","Single Family Residence","Active","https://onekeymls.com/home-details/1363-albany-ave-brooklyn-ny-11203/iupKzY58roz"
"gNtfRvMoNlg","439 E 45th St, Brooklyn, NY 11203","1200000","","Multi Family","Active","https://onekeymls.com/home-details/439-e-45th-st-brooklyn-ny-11203/gNtfRvMoNlg"
"2s3WO7AeKxk","720 E 53rd St, Brooklyn, NY 11203","825000","4","Duplex","Pending","https://onekeymls.com/home-details/720-e-53rd-st-brooklyn-ny-11203/2s3WO7AeKxk"
"aepF13tuZOP","224 E 55th St, Brooklyn, NY 11203","799000","","Mixed Use","Pending","https://onekeymls.com/home-details/224-e-55th-st-brooklyn-ny-11203/aepF13tuZOP"
"9UT7SC1u7U6","639 E 51st St, Brooklyn, NY 11203","850000","3","Single Family Residence","Active","https://onekeymls.com/home-details/639-e-51st-st-brooklyn-ny-11203/9UT7SC1u7U6"
"5WzTBE8WDJ7","320 E 52nd St, Brooklyn, NY 11203","789000","","Multi Family","Active","https://onekeymls.com/home-details/320-e-52nd-st-brooklyn-ny-11203/5WzTBE8WDJ7"
"emrxuCPbuV2","80 Schenck Ave, Brooklyn, NY 11207","1299000","7","Duplex","Active","https://onekeymls.com/home-details/80-schenck-ave-brooklyn-ny-11207/emrxuCPbuV2"
"kfbo6DDoCN9","682 Georgia Ave, Brooklyn, NY 11207","750000","7","Single Family Residence","Active","https://onekeymls.com/home-details/682-georgia-ave-brooklyn-ny-11207/kfbo6DDoCN9"
"ezjCkmFdJxK","425 Barbey St, Brooklyn, NY 11207","1100000","8","Duplex","Active","https://onekeymls.com/home-details/425-barbey-st-brooklyn-ny-11207/ezjCkmFdJxK"
"bU5e8yPGRUC","655 Hendrix St, Brooklyn, NY 11207","949000","8","Single Family Residence","Active","https://onekeymls.com/home-details/655-hendrix-st-brooklyn-ny-11207/bU5e8yPGRUC"
"199ppERmts8","322 Wortman Ave, Brooklyn, NY 11207","729000","3","Single Family Residence","Active","https://onekeymls.com/home-details/322-wortman-ave-brooklyn-ny-11207/199ppERmts8"
"7lLhoxHM3xb","452 Glenmore Ave, Brooklyn, NY 11207","1049000","6","Duplex","Active","https://onekeymls.com/home-details/452-glenmore-ave-brooklyn-ny-11207/7lLhoxHM3xb"
"fX3rPQwRWKM","97 Louisiana Ave, Brooklyn, NY 11207","1200000","8","Duplex","Active","https://onekeymls.com/home-details/97-louisiana-ave-brooklyn-ny-11207/fX3rPQwRWKM"
"kRM7KfZmoLl","400 Cozine Ave Unit 5E, Brooklyn, NY 11207","385000","2","Condominium","Pending","https://onekeymls.com/home-details/400-cozine-ave-unit-5e-brooklyn-ny-11207/kRM7KfZmoLl"
"2Q8j1ogcDTM","2828 Fulton St, Brooklyn, NY 11207","277000","","","Active","https://onekeymls.com/home-details/2828-fulton-st-brooklyn-ny-11207/2Q8j1ogcDTM"
"jArHltV2rlE","989 Schenck Ave, Brooklyn, NY 11207","868000","3","Single Family Residence","Active","https://onekeymls.com/home-details/989-schenck-ave-brooklyn-ny-11207/jArHltV2rlE"
"clPY42m08vQ","80 Van Siclen Ave, Brooklyn, NY 11207","999999","5","Duplex","Active","https://onekeymls.com/home-details/80-van-siclen-ave-brooklyn-ny-11207/clPY42m08vQ"
"3Mm58xhdU5P","806 New Jersey Ave, Brooklyn, NY 11207","650000","4","Single Family Residence","Active","https://onekeymls.com/home-details/806-new-jersey-ave-brooklyn-ny-11207/3Mm58xhdU5P"
"2mEzLmucBZd","416 Van Siclen Ave, Brooklyn, NY 11207","1099999","7","Duplex","Active","https://onekeymls.com/home-details/416-van-siclen-ave-brooklyn-ny-11207/2mEzLmucBZd"
"9Nuu3J1ViHD","405 Miller Ave, Brooklyn, NY 11207","1199999","6","Duplex","Active","https://onekeymls.com/home-details/405-miller-ave-brooklyn-ny-11207/9Nuu3J1ViHD"
"eKua90ZA8bY","289 New Jersey Ave, Brooklyn, NY 11207","1099000","7","Duplex","Active","https://onekeymls.com/home-details/289-new-jersey-ave-brooklyn-ny-11207/eKua90ZA8bY"
"lIt1okdPx60","230 Sunnyside Ave, Brooklyn, NY 11207","1149000","4","Single Family Residence","Active","https://onekeymls.com/home-details/230-sunnyside-ave-brooklyn-ny-11207/lIt1okdPx60"
"16hWoQlYmU3","4 Crosby Ave, Brooklyn, NY 11207","889000","3","Single Family Residence","Active","https://onekeymls.com/home-details/4-crosby-ave-brooklyn-ny-11207/16hWoQlYmU3"
"ddexs3kREmu","83A Cooper St, Brooklyn, NY 11207","1800000","4","Duplex","Active","https://onekeymls.com/home-details/83a-cooper-st-brooklyn-ny-11207/ddexs3kREmu"
"7N9qq6UXRPD","708 Snediker Ave, Brooklyn, NY 11207","949000","6","Duplex","Active","https://onekeymls.com/home-details/708-snediker-ave-brooklyn-ny-11207/7N9qq6UXRPD"
"80bd3GgWPSM","169 Warwick St, Brooklyn, NY 11207","649999","7","Single Family Residence","Active","https://onekeymls.com/home-details/169-warwick-st-brooklyn-ny-11207/80bd3GgWPSM"
"i6soXp9d64R","1337 Bushwick Ave, Brooklyn, NY 11207","475000","","Business","Active","https://onekeymls.com/home-details/1337-bushwick-ave-brooklyn-ny-11207/i6soXp9d64R"
"3T7gGWjMzNK","343 Hinsdale St, Brooklyn, NY 11207","799000","3","Single Family Residence","Coming Soon","https://onekeymls.com/home-details/343-hinsdale-st-brooklyn-ny-11207/3T7gGWjMzNK"
"dx4xaMm3qBF","1219 Decatur St, Brooklyn, NY 11207","1099900","4","Duplex","Pending","https://onekeymls.com/home-details/1219-decatur-st-brooklyn-ny-11207/dx4xaMm3qBF"
"hpGeiiteL9R","688 Pennsylvania Ave, Brooklyn, NY 11207","1999000","0","Quadruplex","Active","https://onekeymls.com/home-details/688-pennsylvania-ave-brooklyn-ny-11207/hpGeiiteL9R"
"edeuKZYVkYo","90 Jackie Robinson Pkwy, Brooklyn, NY 11207","519900","4","Duplex","Pending","https://onekeymls.com/home-details/90-jackie-robinson-pkwy-brooklyn-ny-11207/edeuKZYVkYo"
"1TCMUBNyZaC","1106 Halsey St, Brooklyn, NY 11207","2399999","12","Triplex","Active","https://onekeymls.com/home-details/1106-halsey-st-brooklyn-ny-11207/1TCMUBNyZaC"
"adF2LNZnhRG","99 Eldert St, Brooklyn, NY 11207","2400000","9","Triplex","Active","https://onekeymls.com/home-details/99-eldert-st-brooklyn-ny-11207/adF2LNZnhRG"
"5qSro3OGqPm","543 Miller Ave, Brooklyn, NY 11207","999999","0","Duplex","Active","https://onekeymls.com/home-details/543-miller-ave-brooklyn-ny-11207/5qSro3OGqPm"
"dtAc0h83aZ6","114 Warwick St, Brooklyn, NY 11207","1449000","5","Duplex","Active","https://onekeymls.com/home-details/114-warwick-st-brooklyn-ny-11207/dtAc0h83aZ6"
"4OIw5Z0tk8K","1065 Vermont St Unit 7J, Brooklyn, NY 11207","350000","2","Condominium","Active","https://onekeymls.com/home-details/1065-vermont-st-unit-7j-brooklyn-ny-11207/4OIw5Z0tk8K"
"508Dvwxh8lM","933 Cleveland Street Unit 0000000000000000, Brooklyn, NY 11208","1499000","9","Triplex","Active","https://onekeymls.com/home-details/933-cleveland-street-unit-0000000000000000-brooklyn-ny-11208/508Dvwxh8lM"
"EJ6bVln4BR","929 Cleveland St, Brooklyn, NY 11208","1499000","9","Triplex","Active","https://onekeymls.com/home-details/929-cleveland-st-brooklyn-ny-11208/EJ6bVln4BR"
"fF38JVFL0MN","82 Forbell St, Brooklyn, NY 11208","890000","4","Single Family Residence","Active","https://onekeymls.com/home-details/82-forbell-st-brooklyn-ny-11208/fF38JVFL0MN"
"9KCLwdBbpcG","3412 Atlantic Ave, Brooklyn, NY 11208","1039000","0","Duplex","Active","https://onekeymls.com/home-details/3412-atlantic-ave-brooklyn-ny-11208/9KCLwdBbpcG"
"lpMWxYvHLct","400 Linwood St, Brooklyn, NY 11208","375000","","","Active","https://onekeymls.com/home-details/400-linwood-st-brooklyn-ny-11208/lpMWxYvHLct"
"4CXR9iGy51Y","1086 Blake Ave, Brooklyn, NY 11208","999999","4","Single Family Residence","Active","https://onekeymls.com/home-details/1086-blake-ave-brooklyn-ny-11208/4CXR9iGy51Y"
"b7I3z0l8uKc","84 Autumn Ave, Brooklyn, NY 11208","988000","8","Duplex","Active","https://onekeymls.com/home-details/84-autumn-ave-brooklyn-ny-11208/b7I3z0l8uKc"
"3wRDtiiRHue","134 Logan St, Brooklyn, NY 11208","950000","4","Single Family Residence","Active","https://onekeymls.com/home-details/134-logan-st-brooklyn-ny-11208/3wRDtiiRHue"
"a7LrmR9dhsE","568 Drew St, Brooklyn, NY 11208","1150000","8","Duplex","Active","https://onekeymls.com/home-details/568-drew-st-brooklyn-ny-11208/a7LrmR9dhsE"
"23kNuVbRsv1","226 Etna St, Brooklyn, NY 11208","1199999","7","Duplex","Active","https://onekeymls.com/home-details/226-etna-st-brooklyn-ny-11208/23kNuVbRsv1"
"fNdSNkwpjkW","51 Hill St, Brooklyn, NY 11208","749900","4","Single Family Residence","Active","https://onekeymls.com/home-details/51-hill-st-brooklyn-ny-11208/fNdSNkwpjkW"
"4jmI1wdAnx7","229 Nichols Ave, Brooklyn, NY 11208","890000","0","Triplex","Pending","https://onekeymls.com/home-details/229-nichols-ave-brooklyn-ny-11208/4jmI1wdAnx7"
"lTvw0DJPx6O","980 Sutter Ave, Brooklyn, NY 11208","1050000","6","Duplex","Active","https://onekeymls.com/home-details/980-sutter-ave-brooklyn-ny-11208/lTvw0DJPx6O"
"6l0iwnowsza","12399 Flatlands Avenue, Brooklyn, NY 11207","325000","1","Condominium","Coming Soon","https://onekeymls.com/home-details/12399-flatlands-avenue-brooklyn-ny-11207/6l0iwnowsza"
"ff35TqpHBID","1397 Sutter Ave, Brooklyn, NY 11208","1350000","8","Manufactured Home","Active","https://onekeymls.com/home-details/1397-sutter-ave-brooklyn-ny-11208/ff35TqpHBID"
"6ub1Y4VfOuZ","1395 Sutter Ave, Brooklyn, NY 11208","1350000","8","Manufactured Home","Active","https://onekeymls.com/home-details/1395-sutter-ave-brooklyn-ny-11208/6ub1Y4VfOuZ"
"5iD274cuFdS","2 Kiely Pl, Brooklyn, NY 11208","1150000","7","Duplex","Active","https://onekeymls.com/home-details/2-kiely-pl-brooklyn-ny-11208/5iD274cuFdS"
"57eUQId60Ga","941 Crescent St, Brooklyn, NY 11208","975000","6","Duplex","Active","https://onekeymls.com/home-details/941-crescent-st-brooklyn-ny-11208/57eUQId60Ga"
"9Xv3NYZNNuk","105 Hale Ave, Brooklyn, NY 11208","905000","5","Duplex","Active","https://onekeymls.com/home-details/105-hale-ave-brooklyn-ny-11208/9Xv3NYZNNuk"
"6VYz5lwvYcw","270 Linwood St, Brooklyn, NY 11208","899000","6","Single Family Residence","Pending","https://onekeymls.com/home-details/270-linwood-st-brooklyn-ny-11208/6VYz5lwvYcw"
"2SJUdxw9TT","439 Forbell St, Brooklyn, NY 11208","999999","6","Single Family Residence","Active","https://onekeymls.com/home-details/439-forbell-st-brooklyn-ny-11208/2SJUdxw9TT"
"5OF6GAdXJ6T","590 Elton St, Brooklyn, NY 11208","725000","3","Duplex","Active","https://onekeymls.com/home-details/590-elton-st-brooklyn-ny-11208/5OF6GAdXJ6T"
"dMEVFuFW4AZ","27 Cox Pl, Brooklyn, NY 11208","1475000","8","Manufactured Home","Active","https://onekeymls.com/home-details/27-cox-pl-brooklyn-ny-11208/dMEVFuFW4AZ"
"XgHrScuJeL","598 Shepherd Ave, Brooklyn, NY 11208","590000","3","Single Family Residence","Active","https://onekeymls.com/home-details/598-shepherd-ave-brooklyn-ny-11208/XgHrScuJeL"
"ngl98FxlvE","545 Logan St, Brooklyn, NY 11208","799000","4","Triplex","Active","https://onekeymls.com/home-details/545-logan-st-brooklyn-ny-11208/ngl98FxlvE"
"9zDi8THS71d","557 Eldert Ln, Brooklyn, NY 11208","1299999","7","Triplex","Active","https://onekeymls.com/home-details/557-eldert-ln-brooklyn-ny-11208/9zDi8THS71d"
"eo7iN72Z7R0","233 Sheridan Ave, Brooklyn, NY 11208","925000","5","Triplex","Active","https://onekeymls.com/home-details/233-sheridan-ave-brooklyn-ny-11208/eo7iN72Z7R0"
"ebLVCXos4YZ","225 Grant Ave, Brooklyn, NY 11208","1200000","8","Manufactured On Land","Active","https://onekeymls.com/home-details/225-grant-ave-brooklyn-ny-11208/ebLVCXos4YZ"
"ie6VkqBThA9","1462 New York Ave, Brooklyn, NY 11210","1325000","7","Duplex","Active","https://onekeymls.com/home-details/1462-new-york-ave-brooklyn-ny-11210/ie6VkqBThA9"
"4lvuz3FcN76","50 Kenilworth Pl Unit 6M, Brooklyn, NY 11210","380000","2","Stock Cooperative","Active","https://onekeymls.com/home-details/50-kenilworth-pl-unit-6m-brooklyn-ny-11210/4lvuz3FcN76"
"lWPDu08uNKW","4315 Avenue J, Brooklyn, NY 11210","980000","4","Single Family Residence","Active","https://onekeymls.com/home-details/4315-avenue-j-brooklyn-ny-11210/lWPDu08uNKW"
"7f5h8iZ5cyE","1050 E 31st St, Brooklyn, NY 11210","1248000","4","Single Family Residence","Active","https://onekeymls.com/home-details/1050-e-31st-st-brooklyn-ny-11210/7f5h8iZ5cyE"
"hZlkpcTPUvt","3310 Avenue H Unit 5D, Brooklyn, NY 11210","324000","2","Stock Cooperative","Active","https://onekeymls.com/home-details/3310-avenue-h-unit-5d-brooklyn-ny-11210/hZlkpcTPUvt"
"hXJ2o9A6ffL","927 E 35th St, Brooklyn, NY 11210","599000","3","Single Family Residence","Pending","https://onekeymls.com/home-details/927-e-35th-st-brooklyn-ny-11210/hXJ2o9A6ffL"
"jPl2ttRR5qX","1658 Brooklyn Ave, Brooklyn, NY 11210","929000","6","Single Family Residence","Pending","https://onekeymls.com/home-details/1658-brooklyn-ave-brooklyn-ny-11210/jPl2ttRR5qX"
"iG3z4iXq7SI","1402 E 37th St, Brooklyn, NY 11210","950000","5","Single Family Residence","Active","https://onekeymls.com/home-details/1402-e-37th-st-brooklyn-ny-11210/iG3z4iXq7SI"
"b9yC970BJU3","2083 Nostrand Ave Unit 2, Brooklyn, NY 11210","1900000","0","Triplex","Active","https://onekeymls.com/home-details/2083-nostrand-ave-unit-2-brooklyn-ny-11210/b9yC970BJU3"
"jfCb3QbU5Op","627 E 32nd St, Brooklyn, NY 11210","1625000","7","Triplex","Active","https://onekeymls.com/home-details/627-e-32nd-st-brooklyn-ny-11210/jfCb3QbU5Op"
"anaWGHXHuWx","1328 E 35th St, Brooklyn, NY 11210","875000","4","Single Family Residence","Active","https://onekeymls.com/home-details/1328-e-35th-st-brooklyn-ny-11210/anaWGHXHuWx"
"dlpHpw7BliE","3220 Avenue H Unit 3A, Brooklyn, NY 11210","250000","1","Stock Cooperative","Pending","https://onekeymls.com/home-details/3220-avenue-h-unit-3a-brooklyn-ny-11210/dlpHpw7BliE"
"iOnOtb8v3S2","677 E 38th St, Brooklyn, NY 11210","710000","0","Duplex","Active","https://onekeymls.com/home-details/677-e-38th-st-brooklyn-ny-11210/iOnOtb8v3S2"
"fctsraTg1Pr","644 E 24th St, Brooklyn, NY 11210","1599000","8","Single Family Residence","Active","https://onekeymls.com/home-details/644-e-24th-st-brooklyn-ny-11210/fctsraTg1Pr"
"rDq4ArUkXh","1428 Flatbush Ave, Brooklyn, NY 11210","2800000","","Multi Family","Active","https://onekeymls.com/home-details/1428-flatbush-ave-brooklyn-ny-11210/rDq4ArUkXh"
"ltB6Q3yhh65","1681 Brooklyn Ave, Brooklyn, NY 11210","1800000","","","Active","https://onekeymls.com/home-details/1681-brooklyn-ave-brooklyn-ny-11210/ltB6Q3yhh65"
"fqAEXynqszL","2925 Avenue J, Brooklyn, NY 11210","3199000","","Mixed Use","Active","https://onekeymls.com/home-details/2925-avenue-j-brooklyn-ny-11210/fqAEXynqszL"
"8QQe7NEUmty","3520 Newkirk Ave, Brooklyn, NY 11203","2200000","","Multi Family","Pending","https://onekeymls.com/home-details/3520-newkirk-ave-brooklyn-ny-11203/8QQe7NEUmty"
"hwX7AuTLMab","1877 Albany Ave, Brooklyn, NY 11210","675000","3","Single Family Residence","Pending","https://onekeymls.com/home-details/1877-albany-ave-brooklyn-ny-11210/hwX7AuTLMab"
"hKu7EZhPmlK","145 Kenilworth Pl Unit Cf-Ca, Brooklyn, NY 11210","729000","","Retail","Active","https://onekeymls.com/home-details/145-kenilworth-pl-unit-cf-ca-brooklyn-ny-11210/hKu7EZhPmlK"
"elb4kdWHCe3","850 E 23rd St, Brooklyn, NY 11210","3999000","9","Single Family Residence","Active","https://onekeymls.com/home-details/850-e-23rd-st-brooklyn-ny-11210/elb4kdWHCe3"
"i2hDOsFzD1H","1655 Flatbush Ave Unit B1809, Brooklyn, NY 11210","479000","2","Stock Cooperative","Active","https://onekeymls.com/home-details/1655-flatbush-ave-unit-b1809-brooklyn-ny-11210/i2hDOsFzD1H"
"1amgBmj8ZFC","Undisclosed Address, Brooklyn, NY 11210","550000","0","Duplex","Pending","https://onekeymls.com/home-details/undisclosed-address-brooklyn-ny-11210/1amgBmj8ZFC"
"lO3X9i08jnx","1929 New York Ave, Brooklyn, NY 11210","499999","3","Single Family Residence","Pending","https://onekeymls.com/home-details/1929-new-york-ave-brooklyn-ny-11210/lO3X9i08jnx"
"dyHEpEKBSVa","1168 E 38th St, Brooklyn, NY 11210","730000","5","Duplex","Active","https://onekeymls.com/home-details/1168-e-38th-st-brooklyn-ny-11210/dyHEpEKBSVa"
"cGPY31G5mD3","1678 Brooklyn Ave, Brooklyn, NY 11210","734999","3","Single Family Residence","Pending","https://onekeymls.com/home-details/1678-brooklyn-ave-brooklyn-ny-11210/cGPY31G5mD3"
"2q9RFFBT6Ix","1216 E 28th St, Brooklyn, NY 11210","1200000","3","Single Family Residence","Active","https://onekeymls.com/home-details/1216-e-28th-st-brooklyn-ny-11210/2q9RFFBT6Ix"
"f7LOODet4US","518 E 29th St, Brooklyn, NY 11210","999000","4","Single Family Residence","Pending","https://onekeymls.com/home-details/518-e-29th-st-brooklyn-ny-11210/f7LOODet4US"
"bx9xYfqbR2q","889 E 37th St, Brooklyn, NY 11210","829000","3","Single Family Residence","Active","https://onekeymls.com/home-details/889-e-37th-st-brooklyn-ny-11210/bx9xYfqbR2q"
"kCoaE6bAoKZ","401 Legion St, Brooklyn, NY 11212","999999","9","Quadruplex","Active","https://onekeymls.com/home-details/401-legion-st-brooklyn-ny-11212/kCoaE6bAoKZ"
"5M3WMHKBqYu","132-04 95th Avenue, Richmond Hill S., NY 11212","999000","5","Duplex","Active","https://onekeymls.com/home-details/132-04-95th-avenue-richmond-hill-s-ny-11212/5M3WMHKBqYu"
"cwn4Jl9IE11","2044 Strauss St, Brooklyn, NY 11212","1199000","6","Duplex","Active","https://onekeymls.com/home-details/2044-strauss-st-brooklyn-ny-11212/cwn4Jl9IE11"
"5LnNrHTp1u8","323 E 91st St, Brooklyn, NY 11212","870000","0","Duplex","Active","https://onekeymls.com/home-details/323-e-91st-st-brooklyn-ny-11212/5LnNrHTp1u8"
"21iNTgrYG6q","138 E 92nd St, Brooklyn, NY 11212","995000","8","Duplex","Active","https://onekeymls.com/home-details/138-e-92nd-st-brooklyn-ny-11212/21iNTgrYG6q"
"4doITQXjjE5","1973 Strauss St, Brooklyn, NY 11212","1099999","6","Duplex","Active","https://onekeymls.com/home-details/1973-strauss-st-brooklyn-ny-11212/4doITQXjjE5"
"hayolyBekl6","187 E 91st St Street E, Brooklyn, NY 11212","1050000","6","Manufactured Home","Active","https://onekeymls.com/home-details/187-e-91st-st-street-e-brooklyn-ny-11212/hayolyBekl6"
"lQ2t9L15TMC","440 Blake Ave, Brooklyn, NY 11212","930000","5","Duplex","Active","https://onekeymls.com/home-details/440-blake-ave-brooklyn-ny-11212/lQ2t9L15TMC"
"4DlOv8v55L5","143 Newport St, Brooklyn, NY 11212","869000","7","Duplex","Active","https://onekeymls.com/home-details/143-newport-st-brooklyn-ny-11212/4DlOv8v55L5"
"iSOGkaGUvXY","909 Mother Gaston Blvd, Brooklyn, NY 11212","1299000","7","Quadruplex","Pending","https://onekeymls.com/home-details/909-mother-gaston-blvd-brooklyn-ny-11212/iSOGkaGUvXY"
"1AV2TnElT29","639 Watkins St, Brooklyn, NY 11212","1300000","5","Duplex","Active","https://onekeymls.com/home-details/639-watkins-st-brooklyn-ny-11212/1AV2TnElT29"
"fBvGB8eDx2w","677 Ralph Ave, Brooklyn, NY 11212","974000","0","Duplex","Active","https://onekeymls.com/home-details/677-ralph-ave-brooklyn-ny-11212/fBvGB8eDx2w"
"jnU5dDbAYyI","2041 Strauss St, Brooklyn, NY 11212","1950000","12","Quadruplex","Active","https://onekeymls.com/home-details/2041-strauss-st-brooklyn-ny-11212/jnU5dDbAYyI"
"9cmNFCBJOmE","211 E 96th St Unit 4, Brooklyn, NY 11212","1249000","8","Quadruplex","Active","https://onekeymls.com/home-details/211-e-96th-st-unit-4-brooklyn-ny-11212/9cmNFCBJOmE"
"44hQAWT7ucg","330 E 91st St, Brooklyn, NY 11212","990000","6","Duplex","Active","https://onekeymls.com/home-details/330-e-91st-st-brooklyn-ny-11212/44hQAWT7ucg"
"ctXjIFVbb2U","478 E 95th St, Brooklyn, NY 11212","2999000","","Business","Active","https://onekeymls.com/home-details/478-e-95th-st-brooklyn-ny-11212/ctXjIFVbb2U"
"h06OYqL4he9","101 Remsen Ave, Brooklyn, NY 11212","1150000","4","Single Family Residence","Active","https://onekeymls.com/home-details/101-remsen-ave-brooklyn-ny-11212/h06OYqL4he9"
"1O7IeW2HIv5","468 Herzl St, Brooklyn, NY 11212","1149000","6","Duplex","Active","https://onekeymls.com/home-details/468-herzl-st-brooklyn-ny-11212/1O7IeW2HIv5"
"lTHuNi3w81X","529 Powell St, Brooklyn, NY 11212","729000","3","Single Family Residence","Active","https://onekeymls.com/home-details/529-powell-st-brooklyn-ny-11212/lTHuNi3w81X"
"9Z5Y5F7mhge","570 Christopher Ave, Brooklyn, NY 11212","575000","2","Single Family Residence","Active","https://onekeymls.com/home-details/570-christopher-ave-brooklyn-ny-11212/9Z5Y5F7mhge"
"hFuMoW2JwkX","113 Belmont Ave, Brooklyn, NY 11212","1199000","","Mixed Use","Active","https://onekeymls.com/home-details/113-belmont-ave-brooklyn-ny-11212/hFuMoW2JwkX"
"4bTFNVOc5Uz","455 E 93rd St, Brooklyn, NY 11212","835000","4","Duplex","Active","https://onekeymls.com/home-details/455-e-93rd-st-brooklyn-ny-11212/4bTFNVOc5Uz"
"bbE93zCuJY","419 Amboy St, Brooklyn, NY 11212","1200000","7","Quadruplex","Active","https://onekeymls.com/home-details/419-amboy-st-brooklyn-ny-11212/bbE93zCuJY"
"2z3f8qwaIE2","435 Rockaway Ave, Brooklyn, NY 11212","710000","","","Active","https://onekeymls.com/home-details/435-rockaway-ave-brooklyn-ny-11212/2z3f8qwaIE2"
"NoUSAsGNMH","397 Rockaway Ave, Brooklyn, NY 11212","2999000","","Mixed Use","Pending","https://onekeymls.com/home-details/397-rockaway-ave-brooklyn-ny-11212/NoUSAsGNMH"
"kIlwbIkrfGE","169 Chester St, Brooklyn, NY 11212","1860000","","Other","Active","https://onekeymls.com/home-details/169-chester-st-brooklyn-ny-11212/kIlwbIkrfGE"
"jtq6oP1S3Vs","487 E 93rd St, Brooklyn, NY 11212","1150000","0","Quadruplex","Active","https://onekeymls.com/home-details/487-e-93rd-st-brooklyn-ny-11212/jtq6oP1S3Vs"
"5YJLMwxn10d","199 E 94th St, Brooklyn, NY 11212","1194999","9","Quadruplex","Active","https://onekeymls.com/home-details/199-e-94th-st-brooklyn-ny-11212/5YJLMwxn10d"
"c2H7O1Gag0A","1128 Clarkson Ave, Brooklyn, NY 11212","1200000","3","Quadruplex","Active","https://onekeymls.com/home-details/1128-clarkson-ave-brooklyn-ny-11212/c2H7O1Gag0A"
"GwpBHeOwSi","893 Rockaway Ave, Brooklyn, NY 11212","580000","3","Single Family Residence","Pending","https://onekeymls.com/home-details/893-rockaway-ave-brooklyn-ny-11212/GwpBHeOwSi"
"gtOJOd0eRH9","1338 Park Pl, Brooklyn, NY 11213","829900","5","Duplex","Active","https://onekeymls.com/home-details/1338-park-pl-brooklyn-ny-11213/gtOJOd0eRH9"
"k3waEhd0JQS","234 Albany Ave, Brooklyn, NY 11213","1345000","4","Duplex","Active","https://onekeymls.com/home-details/234-albany-ave-brooklyn-ny-11213/k3waEhd0JQS"
"gZQA41ozAz4","773 Eastern Pkwy Unit 3C, Brooklyn, NY 11213","285000","1","Stock Cooperative","Active","https://onekeymls.com/home-details/773-eastern-pkwy-unit-3c-brooklyn-ny-11213/gZQA41ozAz4"
"jvXnaBDyvMF","767 Eastern Parkway E Unit 1B, Brooklyn, NY 11213","275000","1","Stock Cooperative","Active","https://onekeymls.com/home-details/767-eastern-parkway-e-unit-1b-brooklyn-ny-11213/jvXnaBDyvMF"
"9bVb8zrWUIk","118 Utica Ave, Brooklyn, NY 11213","350000","","","Active","https://onekeymls.com/home-details/118-utica-ave-brooklyn-ny-11213/9bVb8zrWUIk"
"a8bYUP5UoSI","104 Albany Ave, Brooklyn, NY 11213","1499000","","Mixed Use","Active","https://onekeymls.com/home-details/104-albany-ave-brooklyn-ny-11213/a8bYUP5UoSI"
"9uGietc9gQD","118 Schenectady Ave Unit 109, Brooklyn, NY 11213","500000","2","Stock Cooperative","Active","https://onekeymls.com/home-details/118-schenectady-ave-unit-109-brooklyn-ny-11213/9uGietc9gQD"
"KbgJqrgPJR","1541 Pacific St, Brooklyn, NY 11213","1577000","7","Manufactured Home","Pending","https://onekeymls.com/home-details/1541-pacific-st-brooklyn-ny-11213/KbgJqrgPJR"
"lB49wN03I7Z","1572 Bergen St, Brooklyn, NY 11213","1100000","5","Duplex","Pending","https://onekeymls.com/home-details/1572-bergen-st-brooklyn-ny-11213/lB49wN03I7Z"
"eWT9rSiQ14l","210 Brooklyn Ave, Brooklyn, NY 11213","2090000","7","Single Family Residence","Active","https://onekeymls.com/home-details/210-brooklyn-ave-brooklyn-ny-11213/eWT9rSiQ14l"
"8KescTaxWRe","427 Herkimer St Unit Multifam, Brooklyn, NY 11213","2300000","8","Apartment","Active","https://onekeymls.com/home-details/427-herkimer-st-unit-multifam-brooklyn-ny-11213/8KescTaxWRe"
"fGfS04vNsI1","1052 Lincoln Pl, Brooklyn, NY 11213","1799999","5","Duplex","Active","https://onekeymls.com/home-details/1052-lincoln-pl-brooklyn-ny-11213/fGfS04vNsI1"
"bxaCgLoFMpz","850 Saint Marks Ave Unit 4C, Brooklyn, NY 11213","549000","2","Stock Cooperative","Active","https://onekeymls.com/home-details/850-saint-marks-ave-unit-4c-brooklyn-ny-11213/bxaCgLoFMpz"
"eVkCdPSzpFH","1074 Saint Johns Pl, Brooklyn, NY 11213","1795000","6","Single Family Residence","Active","https://onekeymls.com/home-details/1074-saint-johns-pl-brooklyn-ny-11213/eVkCdPSzpFH"
"ln04VP2y7R6","1479 Sterling Pl Unit 1R, Brooklyn, NY 11213","599000","1","Condominium","Active","https://onekeymls.com/home-details/1479-sterling-pl-unit-1r-brooklyn-ny-11213/ln04VP2y7R6"
"hK2xTlzcMPs","1479 Sterling Pl Unit 3R, Brooklyn, NY 11213","520000","1","Condominium","Active","https://onekeymls.com/home-details/1479-sterling-pl-unit-3r-brooklyn-ny-11213/hK2xTlzcMPs"
"7PgbxFqBJRc","1137 Park Pl, Brooklyn, NY 11213","2895000","6","Single Family Residence","Active","https://onekeymls.com/home-details/1137-park-pl-brooklyn-ny-11213/7PgbxFqBJRc"
"eav2TkexfQW","1380 Sterling Pl, Brooklyn, NY 11213","1599999","5","Duplex","Active","https://onekeymls.com/home-details/1380-sterling-pl-brooklyn-ny-11213/eav2TkexfQW"
"bYoeRh8aNkK","1405 Prospect Pl Unit A7, Brooklyn, NY 11213","305000","1","Stock Cooperative","Active","https://onekeymls.com/home-details/1405-prospect-pl-unit-a7-brooklyn-ny-11213/bYoeRh8aNkK"
"hu1sE92YZli","18 Agate Ct, Brooklyn, NY 11213","550000","0","Single Family Residence","Pending","https://onekeymls.com/home-details/18-agate-ct-brooklyn-ny-11213/hu1sE92YZli"
"92TN0YjgGHZ","1284 Sterling Pl, Brooklyn, NY 11213","1600000","","Multi Family","Active","https://onekeymls.com/home-details/1284-sterling-pl-brooklyn-ny-11213/92TN0YjgGHZ"
"6a2aKkNhGrS","773 Eastern Pkwy Unit 2B, Brooklyn, NY 11213","300000","1","Stock Cooperative","Active","https://onekeymls.com/home-details/773-eastern-pkwy-unit-2b-brooklyn-ny-11213/6a2aKkNhGrS"
"5LYb0AOAD7c","954 Park Pl, Brooklyn, NY 11213","2385000","4","Single Family Residence","Active","https://onekeymls.com/home-details/954-park-pl-brooklyn-ny-11213/5LYb0AOAD7c"
"fCmv2vd245Y","889 Saint Marks Ave, Brooklyn, NY 11213","2100000","","Multi Family","Pending","https://onekeymls.com/home-details/889-saint-marks-ave-brooklyn-ny-11213/fCmv2vd245Y"
"lUrnBlILYxW","1777 Union St, Brooklyn, NY 11213","1049999","7","Duplex","Pending","https://onekeymls.com/home-details/1777-union-st-brooklyn-ny-11213/lUrnBlILYxW"
"pfJz5fQczz","1485 Saint Johns Pl, Brooklyn, NY 11213","799000","","Unimproved Land","Pending","https://onekeymls.com/home-details/1485-saint-johns-pl-brooklyn-ny-11213/pfJz5fQczz"
"dQR7mj2Egwi","1738 Union St Unit 2A, Brooklyn, NY 11213","750000","2","Condominium","Active","https://onekeymls.com/home-details/1738-union-st-unit-2a-brooklyn-ny-11213/dQR7mj2Egwi"
"9Om0oBpy3qc","1269 Bergen St Unit Hse, Brooklyn, NY 11213","1500000","8","Single Family Residence","Pending","https://onekeymls.com/home-details/1269-bergen-st-unit-hse-brooklyn-ny-11213/9Om0oBpy3qc"
"3k6E8Rpr1nn","Undisclosed Address, Crown Heights, NY 11213","700000","8","Duplex","Pending","https://onekeymls.com/home-details/undisclosed-address-crown-heights-ny-11213/3k6E8Rpr1nn"
"hmTr68sLI7a","345 Quincy St Unit A, Brooklyn, NY 11216","1965000","5","Duplex","Active","https://onekeymls.com/home-details/345-quincy-st-unit-a-brooklyn-ny-11216/hmTr68sLI7a"
"g1nLMhNe6Ib","1448 Bedford Ave Unit 4A, Brooklyn, NY 11216","710000","2","Condominium","Active","https://onekeymls.com/home-details/1448-bedford-ave-unit-4a-brooklyn-ny-11216/g1nLMhNe6Ib"
"8LVPxyAuhv2","1191 Dean St, Brooklyn, NY 11216","2899000","0","Duplex","Active","https://onekeymls.com/home-details/1191-dean-st-brooklyn-ny-11216/8LVPxyAuhv2"
"k3ViA8zBNKP","256 Putnam Ave Unit 4ph, Brooklyn, NY 11216","979000","2","Condominium","Active","https://onekeymls.com/home-details/256-putnam-ave-unit-4ph-brooklyn-ny-11216/k3ViA8zBNKP"
"cTZgPz7wSFw","256 Putnam Ave Unit 1, Brooklyn, NY 11216","1139000","2","Condominium","Active","https://onekeymls.com/home-details/256-putnam-ave-unit-1-brooklyn-ny-11216/cTZgPz7wSFw"
"eVMk8kkPxv7","700 Dekalb Ave, Brooklyn, NY 11216","2149000","0","Duplex","Active","https://onekeymls.com/home-details/700-dekalb-ave-brooklyn-ny-11216/eVMk8kkPxv7"
"9v0POm1olzH","701 Prospect Pl Unit 202, Brooklyn, NY 11216","995000","1","Condominium","Active","https://onekeymls.com/home-details/701-prospect-pl-unit-202-brooklyn-ny-11216/9v0POm1olzH"
"7x8oBsVjurF","695 Park Pl, Brooklyn, NY 11216","2400000","7","Triplex","Pending","https://onekeymls.com/home-details/695-park-pl-brooklyn-ny-11216/7x8oBsVjurF"
"eQohPABpeMG","1334 Pacific St, Brooklyn, NY 11216","1650000","6","Triplex","Active","https://onekeymls.com/home-details/1334-pacific-st-brooklyn-ny-11216/eQohPABpeMG"
"64ysIiyWi0f","64 Hancock St, Brooklyn, NY 11216","1599995","0","Duplex","Active","https://onekeymls.com/home-details/64-hancock-st-brooklyn-ny-11216/64ysIiyWi0f"
"44gCLwgzq0O","367A Quincy St, Brooklyn, NY 11216","1649000","5","Single Family Residence","Active","https://onekeymls.com/home-details/367a-quincy-st-brooklyn-ny-11216/44gCLwgzq0O"
"7tasXi77tXe","43 Halsey St Unit 3, Brooklyn, NY 11216","859999","2","Condominium","Pending","https://onekeymls.com/home-details/43-halsey-st-unit-3-brooklyn-ny-11216/7tasXi77tXe"
"bAeu2wrmcm5","308 Clifton Pl, Brooklyn, NY 11216","3399000","0","Duplex","Active","https://onekeymls.com/home-details/308-clifton-pl-brooklyn-ny-11216/bAeu2wrmcm5"
"ajIXMb8tpwX","341 Gates Ave, Brooklyn, NY 11216","1995000","0","Duplex","Pending","https://onekeymls.com/home-details/341-gates-ave-brooklyn-ny-11216/ajIXMb8tpwX"
"24khO3NHpP0","701 Prospect Pl Unit 601, Brooklyn, NY 11216","1450000","2","Condominium","Active","https://onekeymls.com/home-details/701-prospect-pl-unit-601-brooklyn-ny-11216/24khO3NHpP0"
"a8cnsVnpClM","701 Prospect Pl Unit 403, Brooklyn, NY 11216","1450000","2","Condominium","Active","https://onekeymls.com/home-details/701-prospect-pl-unit-403-brooklyn-ny-11216/a8cnsVnpClM"
"4xKdr3dU1hx","1163 Fulton St, Brooklyn, NY 11216","1849000","","","Pending","https://onekeymls.com/home-details/1163-fulton-st-brooklyn-ny-11216/4xKdr3dU1hx"
"kRbd1qMEdyG","28 Saint Andrews Pl, Brooklyn, NY 11216","4500000","8","Manufactured On Land","Active","https://onekeymls.com/home-details/28-saint-andrews-pl-brooklyn-ny-11216/kRbd1qMEdyG"
"3Js4DxoqdMZ","1330 Dean St, Brooklyn, NY 11216","2150000","0","Duplex","Active","https://onekeymls.com/home-details/1330-dean-st-brooklyn-ny-11216/3Js4DxoqdMZ"
"38iVSb9fz6m","701 Prospect Pl Unit 304, Brooklyn, NY 11216","1095000","1","Condominium","Active","https://onekeymls.com/home-details/701-prospect-pl-unit-304-brooklyn-ny-11216/38iVSb9fz6m"
"bWXTkBsaSKs","286 Clifton Pl, Brooklyn, NY 11216","3275000","7","Single Family Residence","Active","https://onekeymls.com/home-details/286-clifton-pl-brooklyn-ny-11216/bWXTkBsaSKs"
"bhdC6uSCMqS","263 Hancock St, Brooklyn, NY 11216","2400000","0","Triplex","Active","https://onekeymls.com/home-details/263-hancock-st-brooklyn-ny-11216/bhdC6uSCMqS"
"f9hpt6L6Y9a","701 Prospect Pl Unit 203, Brooklyn, NY 11216","1495000","2","Condominium","Active","https://onekeymls.com/home-details/701-prospect-pl-unit-203-brooklyn-ny-11216/f9hpt6L6Y9a"
"eCtPXbzqopr","35 Herkimer St, Brooklyn, NY 11216","2300000","","Multi Family","Active","https://onekeymls.com/home-details/35-herkimer-st-brooklyn-ny-11216/eCtPXbzqopr"
"cHw2LEiiRq7","1500 Bedford Ave Unit 1E, Brooklyn, NY 11216","969900","3","Condominium","Pending","https://onekeymls.com/home-details/1500-bedford-ave-unit-1e-brooklyn-ny-11216/cHw2LEiiRq7"
"2m3TqctbLEH","289 Macon St, Brooklyn, NY 11216","2990000","6","Single Family Residence","Active","https://onekeymls.com/home-details/289-macon-st-brooklyn-ny-11216/2m3TqctbLEH"
"c51JojgTA6k","701 Prospect Pl Unit 302, Brooklyn, NY 11216","975000","1","Condominium","Active","https://onekeymls.com/home-details/701-prospect-pl-unit-302-brooklyn-ny-11216/c51JojgTA6k"
"gvHusJRAhCV","701 Prospect Pl Unit 303, Brooklyn, NY 11216","1425000","2","Condominium","Active","https://onekeymls.com/home-details/701-prospect-pl-unit-303-brooklyn-ny-11216/gvHusJRAhCV"
"l6S7cMTgw2J","701 Prospect Pl Unit 404, Brooklyn, NY 11216","1175000","1","Condominium","Active","https://onekeymls.com/home-details/701-prospect-pl-unit-404-brooklyn-ny-11216/l6S7cMTgw2J"
"iIwrc8dYsdr","120 4th Ave, Brooklyn, NY 11217","1850000","5","Duplex","Active","https://onekeymls.com/home-details/120-4th-ave-brooklyn-ny-11217/iIwrc8dYsdr"
"jnEM0BUNxA4","185 Bergen St, Brooklyn, NY 11217","3250000","0","Quadruplex","Pending","https://onekeymls.com/home-details/185-bergen-st-brooklyn-ny-11217/jnEM0BUNxA4"
"bX2XznmA0qQ","251 Bergen St, Brooklyn, NY 11217","2200000","4","Single Family Residence","Active","https://onekeymls.com/home-details/251-bergen-st-brooklyn-ny-11217/bX2XznmA0qQ"
"gfRoeFsmZWQ","543 Dean St Unit 3, Brooklyn, NY 11217","1250000","2","Condominium","Active","https://onekeymls.com/home-details/543-dean-st-unit-3-brooklyn-ny-11217/gfRoeFsmZWQ"
"45BsoQB7YQz","542 Bergen St, Brooklyn, NY 11217","1700000","","Multi Family","Active","https://onekeymls.com/home-details/542-bergen-st-brooklyn-ny-11217/45BsoQB7YQz"
"6a0Dm5YqIPa","467 Pacific St Unit 18, Brooklyn, NY 11217","895000","2","Stock Cooperative","Active","https://onekeymls.com/home-details/467-pacific-st-unit-18-brooklyn-ny-11217/6a0Dm5YqIPa"
"7i0Fu97xpIp","232 Bergen St, Brooklyn, NY 11217","7250000","4","Single Family Residence","Active","https://onekeymls.com/home-details/232-bergen-st-brooklyn-ny-11217/7i0Fu97xpIp"
"jCB39khvhKF","575 Warren St Unit 4R, Brooklyn, NY 11217","710000","2","Stock Cooperative","Pending","https://onekeymls.com/home-details/575-warren-st-unit-4r-brooklyn-ny-11217/jCB39khvhKF"
"bj8sBymNhYb","29 S Elliott Pl, Brooklyn, NY 11217","4700000","5","Duplex","Pending","https://onekeymls.com/home-details/29-s-elliott-pl-brooklyn-ny-11217/bj8sBymNhYb"
"2FMZ7ACLSpX","25 Plaza St W Unit 2J, Brooklyn, NY 11217","1195000","2","Stock Cooperative","Pending","https://onekeymls.com/home-details/25-plaza-st-w-unit-2j-brooklyn-ny-11217/2FMZ7ACLSpX"
"4xt7zntY8jw","988 Madison St, Brooklyn, NY 11221","999000","6","Triplex","Active","https://onekeymls.com/home-details/988-madison-st-brooklyn-ny-11221/4xt7zntY8jw"
"53hI2W8y56S","1241 Putnam Ave, Brooklyn, NY 11221","1250000","6","Duplex","Active","https://onekeymls.com/home-details/1241-putnam-ave-brooklyn-ny-11221/53hI2W8y56S"
"2lKJ15oeNLQ","614 Madison St, Brooklyn, NY 11221","1999999","0","Duplex","Active","https://onekeymls.com/home-details/614-madison-st-brooklyn-ny-11221/2lKJ15oeNLQ"
"ejl5eVhAtw6","78 Cornelia St, Brooklyn, NY 11221","1798000","0","Triplex","Active","https://onekeymls.com/home-details/78-cornelia-st-brooklyn-ny-11221/ejl5eVhAtw6"
"Zw9gNkCyXH","885A Putnam Ave Unit A, Brooklyn, NY 11221","1799999","5","Single Family Residence","Active","https://onekeymls.com/home-details/885a-putnam-ave-unit-a-brooklyn-ny-11221/Zw9gNkCyXH"
"gdoe5GCcnY5","887 Lafayette Ave, Brooklyn, NY 11221","2800000","0","Triplex","Active","https://onekeymls.com/home-details/887-lafayette-ave-brooklyn-ny-11221/gdoe5GCcnY5"
"eNrYKy8wa5Y","1123 Madison St, Brooklyn, NY 11221","1398000","4","Single Family Residence","Active","https://onekeymls.com/home-details/1123-madison-st-brooklyn-ny-11221/eNrYKy8wa5Y"
"3yTIYlPlEnW","1101 Greene Ave, Brooklyn, NY 11221","1220000","6","Duplex","Active","https://onekeymls.com/home-details/1101-greene-ave-brooklyn-ny-11221/3yTIYlPlEnW"
"5xsY2uo2iq1","772 Quincy St, Brooklyn, NY 11221","1600000","4","Duplex","Pending","https://onekeymls.com/home-details/772-quincy-st-brooklyn-ny-11221/5xsY2uo2iq1"
"5L0X64qyOre","243 Woodbine St, Brooklyn, NY 11221","1450000","6","Duplex","Active","https://onekeymls.com/home-details/243-woodbine-st-brooklyn-ny-11221/5L0X64qyOre"
"2oZKXOVtOvL","511 Evergreen Ave Unit 2D, Brooklyn, NY 11221","849900","2","Single Family Residence","Active","https://onekeymls.com/home-details/511-evergreen-ave-unit-2d-brooklyn-ny-11221/2oZKXOVtOvL"
"714sMlmBkKW","775 Lafayette Ave Unit 8E, Brooklyn, NY 11221","699000","2","Stock Cooperative","Active","https://onekeymls.com/home-details/775-lafayette-ave-unit-8e-brooklyn-ny-11221/714sMlmBkKW"
"3f4VfxZFY0a","689 Greene Ave, Brooklyn, NY 11221","950000","0","Triplex","Pending","https://onekeymls.com/home-details/689-greene-ave-brooklyn-ny-11221/3f4VfxZFY0a"
"9I8RcDdmdxL","1207 Hancock St, Brooklyn, NY 11221","1500000","5","Single Family Residence","Active","https://onekeymls.com/home-details/1207-hancock-st-brooklyn-ny-11221/9I8RcDdmdxL"
"kDww54X5JHj","949 Bushwick Ave, Brooklyn, NY 11221","1399000","4","Single Family Residence","Pending","https://onekeymls.com/home-details/949-bushwick-ave-brooklyn-ny-11221/kDww54X5JHj"
"cKotikWPISm","598 Monroe St, Brooklyn, NY 11221","1659000","7","Duplex","Pending","https://onekeymls.com/home-details/598-monroe-st-brooklyn-ny-11221/cKotikWPISm"
"dD2VtHtySIv","809A Greene Ave Unit Hse, Brooklyn, NY 11221","1600000","5","Manufactured Home","Active","https://onekeymls.com/home-details/809a-greene-ave-unit-hse-brooklyn-ny-11221/dD2VtHtySIv"
"1noeCkFs7ue","48 Stanhope St Unit 1A, Brooklyn, NY 11221","695000","1","Condominium","Active","https://onekeymls.com/home-details/48-stanhope-st-unit-1a-brooklyn-ny-11221/1noeCkFs7ue"
"4O8ofFl9cku","875A Greene Ave, Brooklyn, NY 11221","1450000","5","Triplex","Pending","https://onekeymls.com/home-details/875a-greene-ave-brooklyn-ny-11221/4O8ofFl9cku"
"cIpnWAzk1po","78 Harman St Unit Twnhs, Brooklyn, NY 11221","1080000","2","Condominium","Active","https://onekeymls.com/home-details/78-harman-st-unit-twnhs-brooklyn-ny-11221/cIpnWAzk1po"
"1h5YPAgC3hQ","252 Woodbine St, Brooklyn, NY 11221","1899999","8","Triplex","Active","https://onekeymls.com/home-details/252-woodbine-st-brooklyn-ny-11221/1h5YPAgC3hQ"
"2FlHYqbppO1","25 Goodwin Pl, Brooklyn, NY 11221","1890000","6","Duplex","Active","https://onekeymls.com/home-details/25-goodwin-pl-brooklyn-ny-11221/2FlHYqbppO1"
"eL9iYaISRWM","124 Grove St, Brooklyn, NY 11221","2999000","16","Quadruplex","Active","https://onekeymls.com/home-details/124-grove-st-brooklyn-ny-11221/eL9iYaISRWM"
"jQ2qyGKsagS","378 Central Ave, Brooklyn, NY 11221","1888888","8","Quadruplex","Active","https://onekeymls.com/home-details/378-central-ave-brooklyn-ny-11221/jQ2qyGKsagS"
"35b2DO1aZ30","904 Gates Ave, Brooklyn, NY 11221","1399999","6","Single Family Residence","Active","https://onekeymls.com/home-details/904-gates-ave-brooklyn-ny-11221/35b2DO1aZ30"
"2ba96d8U8sD","12 Lawton St Unit 1, Brooklyn, NY 11221","1049000","2","Condominium","Active","https://onekeymls.com/home-details/12-lawton-st-unit-1-brooklyn-ny-11221/2ba96d8U8sD"
"jfJIfvUQIlK","551 Lexington Ave, Brooklyn, NY 11221","1995000","3","Single Family Residence","Active","https://onekeymls.com/home-details/551-lexington-ave-brooklyn-ny-11221/jfJIfvUQIlK"
"efYg3lRppoT","550 Hart St, Brooklyn, NY 11221","2150000","0","Quadruplex","Active","https://onekeymls.com/home-details/550-hart-st-brooklyn-ny-11221/efYg3lRppoT"
"lXE0B4S9Ysh","1231 Putnam Ave, Brooklyn, NY 11221","1820000","5","Duplex","Pending","https://onekeymls.com/home-details/1231-putnam-ave-brooklyn-ny-11221/lXE0B4S9Ysh"
"8i1qOG4wiYq","50 Lefferts Avenue Unit 2M, Brooklyn, NY 11225","339888","0","Stock Cooperative","Active","https://onekeymls.com/home-details/50-lefferts-avenue-unit-2m-brooklyn-ny-11225/8i1qOG4wiYq"
"iRjWed6yTDm","87 Winthrop St Unit Phb, Brooklyn, NY 11225","1275000","3","Condominium","Active","https://onekeymls.com/home-details/87-winthrop-st-unit-phb-brooklyn-ny-11225/iRjWed6yTDm"
"18bli5qpbBB","88 Midwood St, Brooklyn, NY 11225","2499999","4","Single Family Residence","Active","https://onekeymls.com/home-details/88-midwood-st-brooklyn-ny-11225/18bli5qpbBB"
"3gv2Ngy7dIu","1233 Union St, Brooklyn, NY 11225","1495000","3","Single Family Residence","Pending","https://onekeymls.com/home-details/1233-union-st-brooklyn-ny-11225/3gv2Ngy7dIu"
"hxyZlg8iKih","87 Winthrop St Unit 2A, Brooklyn, NY 11225","999000","2","Condominium","Active","https://onekeymls.com/home-details/87-winthrop-st-unit-2a-brooklyn-ny-11225/hxyZlg8iKih"
"bNuD7gj7Hp0","87 Winthrop St Unit 2B, Brooklyn, NY 11225","975000","2","Condominium","Pending","https://onekeymls.com/home-details/87-winthrop-st-unit-2b-brooklyn-ny-11225/bNuD7gj7Hp0"
"jrifD4TxUWe","87 Winthrop St Unit 3A, Brooklyn, NY 11225","1075000","2","Condominium","Pending","https://onekeymls.com/home-details/87-winthrop-st-unit-3a-brooklyn-ny-11225/jrifD4TxUWe"
"UPVRvsPRKx","446 Kingston Ave Unit D9, Brooklyn, NY 11225","385000","2","Stock Cooperative","Active","https://onekeymls.com/home-details/446-kingston-ave-unit-d9-brooklyn-ny-11225/UPVRvsPRKx"
"bbKBmRSswvI","35 Crown St Unit 4G, Brooklyn, NY 11225","750000","2","Stock Cooperative","Pending","https://onekeymls.com/home-details/35-crown-st-unit-4g-brooklyn-ny-11225/bbKBmRSswvI"
"gTkt8FdPmgv","343 Rutland Rd, Brooklyn, NY 11225","1500000","0","Duplex","Active","https://onekeymls.com/home-details/343-rutland-rd-brooklyn-ny-11225/gTkt8FdPmgv"
"aV1Eyjitek6","35 Crown St Unit 3B, Brooklyn, NY 11225","299000","1","Stock Cooperative","Pending","https://onekeymls.com/home-details/35-crown-st-unit-3b-brooklyn-ny-11225/aV1Eyjitek6"
"hhornj7jD1Y","12 Crown St Unit A5, Brooklyn, NY 11225","390000","0","Condominium","Pending","https://onekeymls.com/home-details/12-crown-st-unit-a5-brooklyn-ny-11225/hhornj7jD1Y"
"9UQaBge8jLb","94 Hawthorne St, Brooklyn, NY 11225","2575000","5","Single Family Residence","Active","https://onekeymls.com/home-details/94-hawthorne-st-brooklyn-ny-11225/9UQaBge8jLb"
"5ZodDrPCaT5","35 Crown St Unit 5A, Brooklyn, NY 11225","1150000","3","Stock Cooperative","Pending","https://onekeymls.com/home-details/35-crown-st-unit-5a-brooklyn-ny-11225/5ZodDrPCaT5"
"cJpMFN77FtI","185 Lefferts Ave, Brooklyn, NY 11225","1800000","5","Duplex","Pending","https://onekeymls.com/home-details/185-lefferts-ave-brooklyn-ny-11225/cJpMFN77FtI"
"lxhvk4Aqns7","72 Clove Rd Unit 76-2, Brooklyn, NY 11225","810000","4","Condominium","Active","https://onekeymls.com/home-details/72-clove-rd-unit-76-2-brooklyn-ny-11225/lxhvk4Aqns7"
"c7M7kfKTCcN","134 Sullivan Pl, Brooklyn, NY 11225","3600000","15","Single Family Residence","Active","https://onekeymls.com/home-details/134-sullivan-pl-brooklyn-ny-11225/c7M7kfKTCcN"
"hhiuvXlnWXl","125 Midwood St, Brooklyn, NY 11225","1999999","3","Single Family Residence","Active","https://onekeymls.com/home-details/125-midwood-st-brooklyn-ny-11225/hhiuvXlnWXl"
"dvAEslISQFd","38 Stoddard Pl, Brooklyn, NY 11225","1700000","0","Duplex","Active","https://onekeymls.com/home-details/38-stoddard-pl-brooklyn-ny-11225/dvAEslISQFd"
"fgdEX1OIWl3","277 Midwood St, Brooklyn, NY 11225","2850000","4","Single Family Residence","Active","https://onekeymls.com/home-details/277-midwood-st-brooklyn-ny-11225/fgdEX1OIWl3"
"fgyOhPnEV2y","291 Lincoln Rd Unit Hse, Brooklyn, NY 11225","1800000","5","Manufactured On Land","Pending","https://onekeymls.com/home-details/291-lincoln-rd-unit-hse-brooklyn-ny-11225/fgyOhPnEV2y"
"k52L6jm163O","223 Rogers Ave, Brooklyn, NY 11225","2200000","","Multi Family","Active","https://onekeymls.com/home-details/223-rogers-ave-brooklyn-ny-11225/k52L6jm163O"
"kiOpRcSbGI0","600 Flatbush Ave, Brooklyn, NY 11225","1999950","6","Triplex","Active","https://onekeymls.com/home-details/600-flatbush-ave-brooklyn-ny-11225/kiOpRcSbGI0"
"5VZFi4Kun8y","562 Rogers Ave, Brooklyn, NY 11225","1590000","8","Triplex","Active","https://onekeymls.com/home-details/562-rogers-ave-brooklyn-ny-11225/5VZFi4Kun8y"
"kOX0LwpUF7J","312 Fenimore St, Brooklyn, NY 11225","2750000","5","Duplex","Pending","https://onekeymls.com/home-details/312-fenimore-st-brooklyn-ny-11225/kOX0LwpUF7J"
"eoVTzsyFAcr","1209 Union St, Brooklyn, NY 11225","950000","0","Single Family Residence","Pending","https://onekeymls.com/home-details/1209-union-st-brooklyn-ny-11225/eoVTzsyFAcr"
"6Y2bIyj6utb","2076 Coyle St, Brooklyn, NY 11229","1199000","6","Triplex","Active","https://onekeymls.com/home-details/2076-coyle-st-brooklyn-ny-11229/6Y2bIyj6utb"
"dsOWv6Gl2H6","2044 Gerritsen Avenue, Brooklyn, NY 11229","265000","","","Active","https://onekeymls.com/home-details/2044-gerritsen-avenue-brooklyn-ny-11229/dsOWv6Gl2H6"
"76r1pSMfAWC","2042 Gerritsen Ave, Brooklyn, NY 11229","823000","2","Single Family Residence","Active","https://onekeymls.com/home-details/2042-gerritsen-ave-brooklyn-ny-11229/76r1pSMfAWC"
"4R5Ms7H2i91","2118 E 26th St, Brooklyn, NY 11229","1080000","0","Duplex","Pending","https://onekeymls.com/home-details/2118-e-26th-st-brooklyn-ny-11229/4R5Ms7H2i91"
"hv1f0q2AfyQ","2130 Batchelder St, Brooklyn, NY 11229","825000","2","Single Family Residence","Active","https://onekeymls.com/home-details/2130-batchelder-st-brooklyn-ny-11229/hv1f0q2AfyQ"
"Uiyb29iglc","2230 E 17th St, Brooklyn, NY 11229","750000","5","Duplex","Pending","https://onekeymls.com/home-details/2230-e-17th-st-brooklyn-ny-11229/Uiyb29iglc"
"aZhaJ5vsXzS","22 Nova Ct, Brooklyn, NY 11229","500000","2","Single Family Residence","Active","https://onekeymls.com/home-details/22-nova-ct-brooklyn-ny-11229/aZhaJ5vsXzS"
"dnaejlSW82G","4409 Bedford Ave, Brooklyn, NY 11229","998000","3","Duplex","Active","https://onekeymls.com/home-details/4409-bedford-ave-brooklyn-ny-11229/dnaejlSW82G"
"1tV00NeYdFv","2128 Ocean Ave Unit 9D, Brooklyn, NY 11229","899000","2","Condominium","Active","https://onekeymls.com/home-details/2128-ocean-ave-unit-9d-brooklyn-ny-11229/1tV00NeYdFv"
"dagEhj10ZZw","2265 Gerritsen Ave Unit 6S, Brooklyn, NY 11229","190000","2","Stock Cooperative","Active","https://onekeymls.com/home-details/2265-gerritsen-ave-unit-6s-brooklyn-ny-11229/dagEhj10ZZw"
"dY20Cbn3beK","2265 Gerritsen Ave Unit 1R, Brooklyn, NY 11229","225000","1","Stock Cooperative","Active","https://onekeymls.com/home-details/2265-gerritsen-ave-unit-1r-brooklyn-ny-11229/dY20Cbn3beK"
"ctU1DJ4TOY7","2265 Gerritsen Ave Unit 1S, Brooklyn, NY 11229","209000","2","Stock Cooperative","Active","https://onekeymls.com/home-details/2265-gerritsen-ave-unit-1s-brooklyn-ny-11229/ctU1DJ4TOY7"
"aqfLjA2zyaH","3203 Nostrand Ave Unit 5J, Brooklyn, NY 11229","208000","1","Stock Cooperative","Active","https://onekeymls.com/home-details/3203-nostrand-ave-unit-5j-brooklyn-ny-11229/aqfLjA2zyaH"
"4GCwgRZxQ9H","2711 Avenue X Unit 6D, Brooklyn, NY 11235","259000","1","Stock Cooperative","Active","https://onekeymls.com/home-details/2711-avenue-x-unit-6d-brooklyn-ny-11235/4GCwgRZxQ9H"
"4spCaCXrzja","2388 Ocean Ave Unit 11, Brooklyn, NY 11229","675000","2","Condominium","Active","https://onekeymls.com/home-details/2388-ocean-ave-unit-11-brooklyn-ny-11229/4spCaCXrzja"
"lbSb6oOisD6","2205 E 15th St, Brooklyn, NY 11229","1200000","3","Duplex","Active","https://onekeymls.com/home-details/2205-e-15th-st-brooklyn-ny-11229/lbSb6oOisD6"
"brP8pZRdyEz","2234 E 21st, Brooklyn, NY 11229","1098000","2","Manufactured Home","Pending","https://onekeymls.com/home-details/2234-e-21st-brooklyn-ny-11229/brP8pZRdyEz"
"8dVRKYVgtny","11 Ivan Ct, Brooklyn, NY 11229","599000","2","Single Family Residence","Active","https://onekeymls.com/home-details/11-ivan-ct-brooklyn-ny-11229/8dVRKYVgtny"
"49ynRlm6t68","3105 Avenue V Unit 5A, Brooklyn, NY 11229","200000","1","Stock Cooperative","Active","https://onekeymls.com/home-details/3105-avenue-v-unit-5a-brooklyn-ny-11229/49ynRlm6t68"
"71PyLJdPwQ2","2220 Burnett St Unit 1G, Brooklyn, NY 11229","229900","1","Stock Cooperative","Active","https://onekeymls.com/home-details/2220-burnett-st-unit-1g-brooklyn-ny-11229/71PyLJdPwQ2"
"dRaxbrowvIa","3203 Nostrand Ave Unit 1G, Brooklyn, NY 11229","220000","1","Stock Cooperative","Pending","https://onekeymls.com/home-details/3203-nostrand-ave-unit-1g-brooklyn-ny-11229/dRaxbrowvIa"
"1NrRba1aoyf","2265 Gerritsen Ave Unit 5C, Brooklyn, NY 11229","195000","1","Stock Cooperative","Pending","https://onekeymls.com/home-details/2265-gerritsen-ave-unit-5c-brooklyn-ny-11229/1NrRba1aoyf"
"a0ojZwGttHm","1 Merit Ct, Brooklyn, NY 11229","1100000","","Other","Pending","https://onekeymls.com/home-details/1-merit-ct-brooklyn-ny-11229/a0ojZwGttHm"
"l6PkRdntXNS","2326 E 19th St, Brooklyn, NY 11229","1050000","5","Duplex","Pending","https://onekeymls.com/home-details/2326-e-19th-st-brooklyn-ny-11229/l6PkRdntXNS"
"1vYPS9zQ7pm","1769 E 13th St Unit 2B, Brooklyn, NY 11229","605000","2","Condominium","Active","https://onekeymls.com/home-details/1769-e-13th-st-unit-2b-brooklyn-ny-11229/1vYPS9zQ7pm"
"1nucakXtNu1","2128 Ocean Ave Unit 4G, Brooklyn, NY 11229","425000","0","Condominium","Active","https://onekeymls.com/home-details/2128-ocean-ave-unit-4g-brooklyn-ny-11229/1nucakXtNu1"
"kjTXjHJVVej","2 Kay Ct, Brooklyn, NY 11229","1299999","","Unimproved Land","Pending","https://onekeymls.com/home-details/2-kay-ct-brooklyn-ny-11229/kjTXjHJVVej"
"f22gVLYaJ5g","16 Cyrus Ave, Brooklyn, NY 11229","429999","2","Single Family Residence","Pending","https://onekeymls.com/home-details/16-cyrus-ave-brooklyn-ny-11229/f22gVLYaJ5g"
"6bLIpMxnlBs","2280 Burnett St Unit 3C, Brooklyn, NY 11229","299000","2","Stock Cooperative","Active","https://onekeymls.com/home-details/2280-burnett-st-unit-3c-brooklyn-ny-11229/6bLIpMxnlBs"
"9eR9Dt7Ypte","2118 E 27th St, Brooklyn, NY 11229","1550000","6","Duplex","Pending","https://onekeymls.com/home-details/2118-e-27th-st-brooklyn-ny-11229/9eR9Dt7Ypte"
"1NfWNv7DHG","48 Dikeman St, Brooklyn, NY 11231","3350000","5","Single Family Residence","Active","https://onekeymls.com/home-details/48-dikeman-st-brooklyn-ny-11231/1NfWNv7DHG"
"3Wn8FJHxTTT","92 King St, Brooklyn, NY 11231","1899000","","","Active","https://onekeymls.com/home-details/92-king-st-brooklyn-ny-11231/3Wn8FJHxTTT"
"7iah8A4ZDUC","230 Van Brunt St, Brooklyn, NY 11231","2750000","3","Single Family Residence","Active","https://onekeymls.com/home-details/230-van-brunt-st-brooklyn-ny-11231/7iah8A4ZDUC"
"bsrr21StsUO","46 President St Unit 1, Brooklyn, NY 11231","1049000","3","Condominium","Pending","https://onekeymls.com/home-details/46-president-st-unit-1-brooklyn-ny-11231/bsrr21StsUO"
"e0Er511dwWr","555 Henry St Unit 3, Brooklyn, NY 11231","1850000","2","Condominium","Active","https://onekeymls.com/home-details/555-henry-st-unit-3-brooklyn-ny-11231/e0Er511dwWr"
"aU52FC8PQmM","280 Sackett St, Brooklyn, NY 11231","1900000","3","Condominium","Pending","https://onekeymls.com/home-details/280-sackett-st-brooklyn-ny-11231/aU52FC8PQmM"
"9JdJA5Z4zV7","11 W 9th St, Brooklyn, NY 11231","490000","","","Active","https://onekeymls.com/home-details/11-w-9th-st-brooklyn-ny-11231/9JdJA5Z4zV7"
"8xD7Clcor5j","360 43rd St Unit 2A, Brooklyn, NY 11232","489999","1","Condominium","Active","https://onekeymls.com/home-details/360-43rd-st-unit-2a-brooklyn-ny-11232/8xD7Clcor5j"
"e4TYcpuRZKS","605 41st St Unit E, Brooklyn, NY 11232","260000","1","Stock Cooperative","Active","https://onekeymls.com/home-details/605-41st-st-unit-e-brooklyn-ny-11232/e4TYcpuRZKS"
"5QHVrXfuwjf","848 43rd St Unit 22, Brooklyn, NY 11232","444999","2","Stock Cooperative","Pending","https://onekeymls.com/home-details/848-43rd-st-unit-22-brooklyn-ny-11232/5QHVrXfuwjf"
"bYNFmIjBd2F","4102 8th Ave Unit 6A, Brooklyn, NY 11232","658000","1","Condominium","Active","https://onekeymls.com/home-details/4102-8th-ave-unit-6a-brooklyn-ny-11232/bYNFmIjBd2F"
"lHGVGCWNuNg","4223 2nd Ave, Brooklyn, NY 11232","4800000","","","Active","https://onekeymls.com/home-details/4223-2nd-ave-brooklyn-ny-11232/lHGVGCWNuNg"
"htYQcFlZCxq","124 32nd St, Brooklyn, NY 11232","1799000","7","Triplex","Active","https://onekeymls.com/home-details/124-32nd-st-brooklyn-ny-11232/htYQcFlZCxq"
"7xwvUkre6P9","218 23rd St Unit Garden, Brooklyn, NY 11232","2100000","2","Duplex","Active","https://onekeymls.com/home-details/218-23rd-st-unit-garden-brooklyn-ny-11232/7xwvUkre6P9"
"ge21HRA7BTy","218 23rd St Unit Ph, Brooklyn, NY 11232","2400000","3","Duplex","Active","https://onekeymls.com/home-details/218-23rd-st-unit-ph-brooklyn-ny-11232/ge21HRA7BTy"
"2FHH8V1dJJ0","218 23rd St Unit 2, Brooklyn, NY 11232","1700000","3","Apartment","Active","https://onekeymls.com/home-details/218-23rd-st-unit-2-brooklyn-ny-11232/2FHH8V1dJJ0"
"3PeEWPO4Oex","755 40th St Unit 3C, Brooklyn, NY 11232","628000","2","Condominium","Pending","https://onekeymls.com/home-details/755-40th-st-unit-3c-brooklyn-ny-11232/3PeEWPO4Oex"
"15GC11w7Rws","213 24th St, Brooklyn, NY 11232","1995000","4","Single Family Residence","Active","https://onekeymls.com/home-details/213-24th-st-brooklyn-ny-11232/15GC11w7Rws"
"2XMYDF2Ql6","401 37th St Unit 7es, New York (manhattan), NY 11232","1235000","1","Condominium","Pending","https://onekeymls.com/home-details/401-37th-st-unit-7es-new-york-manhattan-ny-11232/2XMYDF2Ql6"
"62DncCRztwH","401 37th St Unit 2cs, New York (manhattan), NY 11232","1150000","1","Condominium","Active","https://onekeymls.com/home-details/401-37th-st-unit-2cs-new-york-manhattan-ny-11232/62DncCRztwH"
"RZgWSk0WPD","401 37th St Unit 9ds, New York (manhattan), NY 11232","2300000","2","Condominium","Active","https://onekeymls.com/home-details/401-37th-st-unit-9ds-new-york-manhattan-ny-11232/RZgWSk0WPD"
"9ZAFAKlyK0x","401 37th St Unit 8cs, New York (manhattan), NY 11232","2950000","2","Condominium","Active","https://onekeymls.com/home-details/401-37th-st-unit-8cs-new-york-manhattan-ny-11232/9ZAFAKlyK0x"
"bfxAf2wdNBm","401 37th St Unit 7as, New York (manhattan), NY 11232","2125000","2","Condominium","Active","https://onekeymls.com/home-details/401-37th-st-unit-7as-new-york-manhattan-ny-11232/bfxAf2wdNBm"
"g8OukN7wY5d","401 37th St Unit 4as, New York (manhattan), NY 11232","1300000","1","Condominium","Active","https://onekeymls.com/home-details/401-37th-st-unit-4as-new-york-manhattan-ny-11232/g8OukN7wY5d"
"325TA4mmlBU","15 17th St Unit Loft5, New York (manhattan), NY 11232","2850000","2","Condominium","Active","https://onekeymls.com/home-details/15-17th-st-unit-loft5-new-york-manhattan-ny-11232/325TA4mmlBU"
"cDBUgvrRfY3","32 Radde Pl, Brooklyn, NY 11233","999000","5","Duplex","Active","https://onekeymls.com/home-details/32-radde-pl-brooklyn-ny-11233/cDBUgvrRfY3"
"7vM7jZOye7y","408 Bainbridge St, Brooklyn, NY 11233","2350000","5","Duplex","Active","https://onekeymls.com/home-details/408-bainbridge-st-brooklyn-ny-11233/7vM7jZOye7y"
"c1uqvAO8eGV","229 Macdougal St, Brooklyn, NY 11233","1450000","5","Single Family Residence","Active","https://onekeymls.com/home-details/229-macdougal-st-brooklyn-ny-11233/c1uqvAO8eGV"
"hMLGqhkcy9V","26 Gunther Pl, Brooklyn, NY 11233","860000","4","Duplex","Active","https://onekeymls.com/home-details/26-gunther-pl-brooklyn-ny-11233/hMLGqhkcy9V"
"55rXr3a0roQ","1899 Fulton St, Brooklyn, NY 11233","1299000","5","Triplex","Active","https://onekeymls.com/home-details/1899-fulton-st-brooklyn-ny-11233/55rXr3a0roQ"
"jvY37PLRTKT","663 Macdonough St, Brooklyn, NY 11233","3900000","","Multi Family","Active","https://onekeymls.com/home-details/663-macdonough-st-brooklyn-ny-11233/jvY37PLRTKT"
"km25zFj4u8s","1991 Pacific St, Brooklyn, NY 11233","1050000","7","Duplex","Active","https://onekeymls.com/home-details/1991-pacific-st-brooklyn-ny-11233/km25zFj4u8s"
"5oID4tVeZMw","2421 Dean St, Brooklyn, NY 11233","1200000","9","Triplex","Active","https://onekeymls.com/home-details/2421-dean-st-brooklyn-ny-11233/5oID4tVeZMw"
"26fEIjozKbL","2181 Pacific St Unit 2C, Brooklyn, NY 11233","350000","3","Stock Cooperative","Active","https://onekeymls.com/home-details/2181-pacific-st-unit-2c-brooklyn-ny-11233/26fEIjozKbL"
"3vqHUHInk9W","225 Rockaway Ave, Brooklyn, NY 11233","1200000","7","Triplex","Active","https://onekeymls.com/home-details/225-rockaway-ave-brooklyn-ny-11233/3vqHUHInk9W"
"2nUR942bEvA","1554 Saint Marks Ave, Brooklyn, NY 11233","1280000","9","Triplex","Active","https://onekeymls.com/home-details/1554-saint-marks-ave-brooklyn-ny-11233/2nUR942bEvA"
"54QsnQV4s6x","9 Somers St, Brooklyn, NY 11233","1374999","7","Triplex","Active","https://onekeymls.com/home-details/9-somers-st-brooklyn-ny-11233/54QsnQV4s6x"
"7XD1nL67683","478 Bainbridge St Unit 1A, Brooklyn, NY 11233","470000","2","Condominium","Active","https://onekeymls.com/home-details/478-bainbridge-st-unit-1a-brooklyn-ny-11233/7XD1nL67683"
"aXlhLGov6yr","288 Sumpter St, Brooklyn, NY 11233","2500000","0","Quadruplex","Active","https://onekeymls.com/home-details/288-sumpter-st-brooklyn-ny-11233/aXlhLGov6yr"
"j3HiZ77o86q","124 Thomas S Boyland St, Brooklyn, NY 11233","1400000","4","Duplex","Active","https://onekeymls.com/home-details/124-thomas-s-boyland-st-brooklyn-ny-11233/j3HiZ77o86q"
"5BrCJcGZ7bA","47 Chauncey St, Brooklyn, NY 11233","1200000","2","Single Family Residence","Active","https://onekeymls.com/home-details/47-chauncey-st-brooklyn-ny-11233/5BrCJcGZ7bA"
"kFXmKVTqGwm","476 Ralph Ave, Brooklyn, NY 11233","1380000","8","Triplex","Active","https://onekeymls.com/home-details/476-ralph-ave-brooklyn-ny-11233/kFXmKVTqGwm"
"3HG1ecPAqVX","723 Macdonough St Unit 4A, Brooklyn, NY 11233","600000","2","Condominium","Active","https://onekeymls.com/home-details/723-macdonough-st-unit-4a-brooklyn-ny-11233/3HG1ecPAqVX"
"b5xZRCUmOPU","756 Macdonough St Unit E1, Brooklyn, NY 11233","875000","3","Condominium","Active","https://onekeymls.com/home-details/756-macdonough-st-unit-e1-brooklyn-ny-11233/b5xZRCUmOPU"
"hEmtcouxvdS","1596 Saint Marks Ave, Brooklyn, NY 11233","890000","0","Duplex","Active","https://onekeymls.com/home-details/1596-saint-marks-ave-brooklyn-ny-11233/hEmtcouxvdS"
"6wYKnHdYyRH","474 Hancock St, Brooklyn, NY 11233","1120000","","","Active","https://onekeymls.com/home-details/474-hancock-st-brooklyn-ny-11233/6wYKnHdYyRH"
"4Vjas88eyUM","107 Utica Ave, Brooklyn, NY 11213","1299000","0","Duplex","Active","https://onekeymls.com/home-details/107-utica-ave-brooklyn-ny-11213/4Vjas88eyUM"
"aSVxCW9dAno","2342 Dean St, Brooklyn, NY 11233","749999","4","Duplex","Pending","https://onekeymls.com/home-details/2342-dean-st-brooklyn-ny-11233/aSVxCW9dAno"
"ccKLvBRVzm0","458 Halsey St, Brooklyn, NY 11233","3295888","15","Quadruplex","Active","https://onekeymls.com/home-details/458-halsey-st-brooklyn-ny-11233/ccKLvBRVzm0"
"j33WDJAY4Be","638 Halsey St, Brooklyn, NY 11233","1550000","4","Single Family Residence","Active","https://onekeymls.com/home-details/638-halsey-st-brooklyn-ny-11233/j33WDJAY4Be"
"5SjaljeXvWE","2187 Bergen St, Brooklyn, NY 11233","4499000","","Other","Active","https://onekeymls.com/home-details/2187-bergen-st-brooklyn-ny-11233/5SjaljeXvWE"
"1A1KiRnb4Xf","71 Mother Gaston Blvd, Brooklyn, NY 11233","1350000","0","Triplex","Active","https://onekeymls.com/home-details/71-mother-gaston-blvd-brooklyn-ny-11233/1A1KiRnb4Xf"
"j6hH4rqFYc4","278 Chauncey St, Brooklyn, NY 11233","1500000","","Multi Family","Active","https://onekeymls.com/home-details/278-chauncey-st-brooklyn-ny-11233/j6hH4rqFYc4"
"1zHW9CAVfRM","18 Kane Pl, Brooklyn, NY 11233","1699000","9","Triplex","Pending","https://onekeymls.com/home-details/18-kane-pl-brooklyn-ny-11233/1zHW9CAVfRM"
"kt2hqdSgtRm","1538 Saint Marks Ave, Brooklyn, NY 11233","1000000","2","Duplex","Active","https://onekeymls.com/home-details/1538-saint-marks-ave-brooklyn-ny-11233/kt2hqdSgtRm"
"fjvGrURKXZO","967 E 94th St, Brooklyn, NY 11236","869000","4","Duplex","Active","https://onekeymls.com/home-details/967-e-94th-st-brooklyn-ny-11236/fjvGrURKXZO"
"IzxJ3fRyU0","1269 E 94th St, Brooklyn, NY 11236","980000","6","Duplex","Active","https://onekeymls.com/home-details/1269-e-94th-st-brooklyn-ny-11236/IzxJ3fRyU0"
"d7wyX69On2C","1169 E 81st St, Brooklyn, NY 11236","839000","3","Single Family Residence","Active","https://onekeymls.com/home-details/1169-e-81st-st-brooklyn-ny-11236/d7wyX69On2C"
"jRCpLfpeE20","9415 Farragut Rd, Brooklyn, NY 11236","798000","4","Single Family Residence","Active","https://onekeymls.com/home-details/9415-farragut-rd-brooklyn-ny-11236/jRCpLfpeE20"
"62HwLOiWL02","10516 Flatlands 4th St, Brooklyn, NY 11236","1100000","5","Duplex","Active","https://onekeymls.com/home-details/10516-flatlands-4th-st-brooklyn-ny-11236/62HwLOiWL02"
"16eRZwDdUrL","10224 Avenue K, Brooklyn, NY 11236","1079999","6","Duplex","Active","https://onekeymls.com/home-details/10224-avenue-k-brooklyn-ny-11236/16eRZwDdUrL"
"3tgwH3Pc9Mr","1118 E 101st St, Brooklyn, NY 11236","799000","6","Single Family Residence","Active","https://onekeymls.com/home-details/1118-e-101st-st-brooklyn-ny-11236/3tgwH3Pc9Mr"
"hFFt3ajbOpd","8222 Avenue J, Brooklyn, NY 11236","999999","6","Duplex","Pending","https://onekeymls.com/home-details/8222-avenue-j-brooklyn-ny-11236/hFFt3ajbOpd"
"l0RIcBgV3Z9","626 Rockaway Pkwy, Brooklyn, NY 11236","1100000","0","Duplex","Active","https://onekeymls.com/home-details/626-rockaway-pkwy-brooklyn-ny-11236/l0RIcBgV3Z9"
"fFSUlsvZWNF","1161 E 101st St, Brooklyn, NY 11236","849000","4","Duplex","Active","https://onekeymls.com/home-details/1161-e-101st-st-brooklyn-ny-11236/fFSUlsvZWNF"
"2c8huYfzilm","735 E 93rd St, Brooklyn, NY 11236","999999","8","Triplex","Active","https://onekeymls.com/home-details/735-e-93rd-st-brooklyn-ny-11236/2c8huYfzilm"
"186w6oaStbM","1541 E 95th St, Brooklyn, NY 11236","725000","3","Single Family Residence","Active","https://onekeymls.com/home-details/1541-e-95th-st-brooklyn-ny-11236/186w6oaStbM"
"lpT3jcLQsYr","9109 Avenue A, Brooklyn, NY 11236","899000","5","Single Family Residence","Active","https://onekeymls.com/home-details/9109-avenue-a-brooklyn-ny-11236/lpT3jcLQsYr"
"8Hv2fGF7FhB","1440 E 91st St Unit 2, Brooklyn, NY 11236","999000","7","Duplex","Active","https://onekeymls.com/home-details/1440-e-91st-st-unit-2-brooklyn-ny-11236/8Hv2fGF7FhB"
"1H91XFwYSGJ","1048 E 98th St, Brooklyn, NY 11236","889000","5","Duplex","Pending","https://onekeymls.com/home-details/1048-e-98th-st-brooklyn-ny-11236/1H91XFwYSGJ"
"2832bD8NMLQ","1161 E 88th St, Brooklyn, NY 11236","825000","4","Single Family Residence","Active","https://onekeymls.com/home-details/1161-e-88th-st-brooklyn-ny-11236/2832bD8NMLQ"
"jhbfwMRmXCb","1386 Remsen Ave, Brooklyn, NY 11236","826500","5","Duplex","Active","https://onekeymls.com/home-details/1386-remsen-ave-brooklyn-ny-11236/jhbfwMRmXCb"
"527LtlR05aJ","8530 Avenue B, Brooklyn, NY 11236","829000","0","Duplex","Active","https://onekeymls.com/home-details/8530-avenue-b-brooklyn-ny-11236/527LtlR05aJ"
"jNJnW8OSGzG","850 E 95th St, Brooklyn, NY 11236","999999","6","Duplex","Pending","https://onekeymls.com/home-details/850-e-95th-st-brooklyn-ny-11236/jNJnW8OSGzG"
"3L6UG5vYhEs","1828 Rockaway Pkwy Unit 2, Brooklyn, NY 11236","1050000","3","Duplex","Active","https://onekeymls.com/home-details/1828-rockaway-pkwy-unit-2-brooklyn-ny-11236/3L6UG5vYhEs"
"bBZ7N7xqVd7","903 E 93rd St, Brooklyn, NY 11236","1495000","6","Duplex","Active","https://onekeymls.com/home-details/903-e-93rd-st-brooklyn-ny-11236/bBZ7N7xqVd7"
"3NGmqkuiH5L","1711 Rockaway Pkwy, Brooklyn, NY 11236","748000","4","Single Family Residence","Active","https://onekeymls.com/home-details/1711-rockaway-pkwy-brooklyn-ny-11236/3NGmqkuiH5L"
"8EdbbugClFZ","1222 E 92nd St, Brooklyn, NY 11236","978000","6","Triplex","Active","https://onekeymls.com/home-details/1222-e-92nd-st-brooklyn-ny-11236/8EdbbugClFZ"
"6DDfARdE4m9","707 E 81st St, Brooklyn, NY 11236","949900","5","Duplex","Active","https://onekeymls.com/home-details/707-e-81st-st-brooklyn-ny-11236/6DDfARdE4m9"
"gd5AIa7YsOv","960 E 101st St, Brooklyn, NY 11236","800000","4","Single Family Residence","Active","https://onekeymls.com/home-details/960-e-101st-st-brooklyn-ny-11236/gd5AIa7YsOv"
"4bg9ikr96D5","718 E 99th St, Brooklyn, NY 11236","959000","6","Duplex","Active","https://onekeymls.com/home-details/718-e-99th-st-brooklyn-ny-11236/4bg9ikr96D5"
"kTXuBYgTjbs","23 E 88th St, Brooklyn, NY 11236","775000","","Multi Family","Pending","https://onekeymls.com/home-details/23-e-88th-st-brooklyn-ny-11236/kTXuBYgTjbs"
"fLGCY3XWXTq","1364 E 92nd St Unit 101, Brooklyn, NY 11236","425000","2","Condominium","Active","https://onekeymls.com/home-details/1364-e-92nd-st-unit-101-brooklyn-ny-11236/fLGCY3XWXTq"
"fIc7FeTGB12","1243 E 91st St, Brooklyn, NY 11236","999000","0","Duplex","Active","https://onekeymls.com/home-details/1243-e-91st-st-brooklyn-ny-11236/fIc7FeTGB12"
"6IbxWoPmTU8","1232 E 92nd St, Brooklyn, NY 11236","879999","5","Duplex","Pending","https://onekeymls.com/home-details/1232-e-92nd-st-brooklyn-ny-11236/6IbxWoPmTU8"
"apUqgMXcdg","11580 221st St, Cambria Heights, NY 11411","740000","3","Single Family Residence","Active","https://onekeymls.com/home-details/11580-221st-st-cambria-heights-ny-11411/apUqgMXcdg"
"hEZdRe8cRsq","11431 210th St, Cambria Heights, NY 11411","750000","4","Single Family Residence","Active","https://onekeymls.com/home-details/11431-210th-st-cambria-heights-ny-11411/hEZdRe8cRsq"
"1nNzmT5brfO","11721 Francis Lewis Blvd, Cambria Heights, NY 11411","719000","3","Single Family Residence","Active","https://onekeymls.com/home-details/11721-francis-lewis-blvd-cambria-heights-ny-11411/1nNzmT5brfO"
"dr3ImonohkC","12031 219th St, Cambria Heights, NY 11411","895000","4","Single Family Residence","Active","https://onekeymls.com/home-details/12031-219th-st-cambria-heights-ny-11411/dr3ImonohkC"
"8DD3st20XNQ","11551 208th St, Cambria Heights, NY 11411","1449000","8","Duplex","Active","https://onekeymls.com/home-details/11551-208th-st-cambria-heights-ny-11411/8DD3st20XNQ"
"bnSDostYiSC","11818 235th St, Cambria Heights, NY 11411","899999","6","Single Family Residence","Active","https://onekeymls.com/home-details/11818-235th-st-cambria-heights-ny-11411/bnSDostYiSC"
"iYjFurIPEVV","11711 227th St, Cambria Heights, NY 11411","570000","2","Single Family Residence","Active","https://onekeymls.com/home-details/11711-227th-st-cambria-heights-ny-11411/iYjFurIPEVV"
"b8ySG4dnnNd","11538 Springfield Blvd, Cambria Heights, NY 11411","799990","3","Single Family Residence","Active","https://onekeymls.com/home-details/11538-springfield-blvd-cambria-heights-ny-11411/b8ySG4dnnNd"
"lzgfKSclDQP","11824 219th St, Cambria Heights, NY 11411","509000","2","Duplex","Pending","https://onekeymls.com/home-details/11824-219th-st-cambria-heights-ny-11411/lzgfKSclDQP"
"1AHJFPLL5o8","11614 233rd St, Cambria Heights, NY 11411","889000","5","Single Family Residence","Active","https://onekeymls.com/home-details/11614-233rd-st-cambria-heights-ny-11411/1AHJFPLL5o8"
"eMaloVzlOGY","11938 238th St, Cambria Heights, NY 11411","799000","3","Single Family Residence","Active","https://onekeymls.com/home-details/11938-238th-st-cambria-heights-ny-11411/eMaloVzlOGY"
"ffI5XEr3osY","23319 Linden Blvd, Cambria Heights, NY 11411","1100000","4","Duplex","Active","https://onekeymls.com/home-details/23319-linden-blvd-cambria-heights-ny-11411/ffI5XEr3osY"
"iEb7GWKwKE0","11942 224th St, Cambria Heights, NY 11411","750000","4","Single Family Residence","Active","https://onekeymls.com/home-details/11942-224th-st-cambria-heights-ny-11411/iEb7GWKwKE0"
"avGwN8HxxTg","11516 Springfield Blvd Unit 1, Cambria Heights, NY 11411","839000","3","Single Family Residence","Active","https://onekeymls.com/home-details/11516-springfield-blvd-unit-1-cambria-heights-ny-11411/avGwN8HxxTg"
"ddgFaJbshsj","11646 233rd St, Cambria Heights, NY 11411","849000","4","Single Family Residence","Active","https://onekeymls.com/home-details/11646-233rd-st-cambria-heights-ny-11411/ddgFaJbshsj"
"778DLOkBEU3","11486 228th St, Cambria Heights, NY 11411","660000","3","Single Family Residence","Active","https://onekeymls.com/home-details/11486-228th-st-cambria-heights-ny-11411/778DLOkBEU3"
"5nF8gS01e3A","11611 207th St, Cambria Heights, NY 11411","855000","4","Duplex","Pending","https://onekeymls.com/home-details/11611-207th-st-cambria-heights-ny-11411/5nF8gS01e3A"
"idmpv6OIjKF","22315 114th Rd, Cambria Heights, NY 11411","855000","3","Single Family Residence","Active","https://onekeymls.com/home-details/22315-114th-rd-cambria-heights-ny-11411/idmpv6OIjKF"
"5VkB0WKUhcB","11614 Nashville Blvd, Cambria Heights, NY 11411","649000","3","Single Family Residence","Pending","https://onekeymls.com/home-details/11614-nashville-blvd-cambria-heights-ny-11411/5VkB0WKUhcB"
"j4QFP2GPRtE","11588 220th St, Cambria Heights, NY 11411","1169999","8","Single Family Residence","Active","https://onekeymls.com/home-details/11588-220th-st-cambria-heights-ny-11411/j4QFP2GPRtE"
"go3YtTEABfW","11593 217th St, Cambria Heights, NY 11411","1049000","6","Single Family Residence","Active","https://onekeymls.com/home-details/11593-217th-st-cambria-heights-ny-11411/go3YtTEABfW"
"iJY590CDqco","11467 226th St, Cambria Heights, NY 11411","675000","3","Single Family Residence","Active","https://onekeymls.com/home-details/11467-226th-st-cambria-heights-ny-11411/iJY590CDqco"
"lCxAIwSRqUD","11425 210th St, Cambria Heights, NY 11411","899000","4","Single Family Residence","Active","https://onekeymls.com/home-details/11425-210th-st-cambria-heights-ny-11411/lCxAIwSRqUD"
"jrCCWgDoS5w","12043 232nd St, Cambria Heights, NY 11411","759999","4","Single Family Residence","Active","https://onekeymls.com/home-details/12043-232nd-st-cambria-heights-ny-11411/jrCCWgDoS5w"
"gwL231jpWEe","115102 232nd St, Cambria Heights, NY 11411","739997","3","Single Family Residence","Active","https://onekeymls.com/home-details/115102-232nd-st-cambria-heights-ny-11411/gwL231jpWEe"
"l51KmxSLnPp","21609 115th Rd, Cambria Heights, NY 11411","669900","3","Single Family Residence","Active","https://onekeymls.com/home-details/21609-115th-rd-cambria-heights-ny-11411/l51KmxSLnPp"
"lULx1tfwKMt","11934 224th St, Cambria Heights, NY 11411","825000","4","Single Family Residence","Active","https://onekeymls.com/home-details/11934-224th-st-cambria-heights-ny-11411/lULx1tfwKMt"
"6GHO0LzXnJk","11901 223rd St, Cambria Heights, NY 11411","639999","4","Single Family Residence","Active","https://onekeymls.com/home-details/11901-223rd-st-cambria-heights-ny-11411/6GHO0LzXnJk"
"8VWRlGqDbJ2","11422 212th St, Cambria Heights, NY 11411","788000","4","Single Family Residence","Pending","https://onekeymls.com/home-details/11422-212th-st-cambria-heights-ny-11411/8VWRlGqDbJ2"
"4fF8xWSsQrn","22342 114th Ave, Cambria Heights, NY 11411","699000","3","Single Family Residence","Active","https://onekeymls.com/home-details/22342-114th-ave-cambria-heights-ny-11411/4fF8xWSsQrn"
"2Q3GHP4FcT5","10404 202nd St, Saint Albans, NY 11412","1099000","6","Single Family Residence","Active","https://onekeymls.com/home-details/10404-202nd-st-saint-albans-ny-11412/2Q3GHP4FcT5"
"eeQrn1iVjb5","19811 116th Ave, Saint Albans, NY 11412","745000","4","Single Family Residence","Active","https://onekeymls.com/home-details/19811-116th-ave-saint-albans-ny-11412/eeQrn1iVjb5"
"bZqs8nHpQJ9","11721 201st Pl, Saint Albans, NY 11412","759000","4","Single Family Residence","Active","https://onekeymls.com/home-details/11721-201st-pl-saint-albans-ny-11412/bZqs8nHpQJ9"
"iIXsAucuYX5","11238 200th St, Saint Albans, NY 11412","850000","3","Single Family Residence","Active","https://onekeymls.com/home-details/11238-200th-st-saint-albans-ny-11412/iIXsAucuYX5"
"4P3iNONJVKw","11535 197th St, Saint Albans, NY 11412","929000","5","Duplex","Active","https://onekeymls.com/home-details/11535-197th-st-saint-albans-ny-11412/4P3iNONJVKw"
"ifUgylk6vfV","18862 120th Rd, Saint Albans, NY 11412","799000","4","Single Family Residence","Active","https://onekeymls.com/home-details/18862-120th-rd-saint-albans-ny-11412/ifUgylk6vfV"
"11Mnbd3Km0k","18811 Dunkirk Dr, Saint Albans, NY 11412","1375000","7","Single Family Residence","Active","https://onekeymls.com/home-details/18811-dunkirk-dr-saint-albans-ny-11412/11Mnbd3Km0k"
"IBVNHTXeNL","19111 119th Ave, Saint Albans, NY 11412","948888","4","Duplex","Active","https://onekeymls.com/home-details/19111-119th-ave-saint-albans-ny-11412/IBVNHTXeNL"
"d8NxW7ciWL2","19027 109th Rd, Saint Albans, NY 11412","735000","3","Single Family Residence","Active","https://onekeymls.com/home-details/19027-109th-rd-saint-albans-ny-11412/d8NxW7ciWL2"
"37OnTiZZnEx","20202 109th Ave, Saint Albans, NY 11412","850000","5","Duplex","Active","https://onekeymls.com/home-details/20202-109th-ave-saint-albans-ny-11412/37OnTiZZnEx"
"ql8JdBXMoU","18920 117th Rd, Saint Albans, NY 11412","1249000","0","Duplex","Active","https://onekeymls.com/home-details/18920-117th-rd-saint-albans-ny-11412/ql8JdBXMoU"
"gAfHcacme1k","18922 117th Rd, Saint Albans, NY 11412","1249000","0","Duplex","Active","https://onekeymls.com/home-details/18922-117th-rd-saint-albans-ny-11412/gAfHcacme1k"
"1dZNX4dJtiP","10422 192nd St, Saint Albans, NY 11412","1088000","6","Single Family Residence","Pending","https://onekeymls.com/home-details/10422-192nd-st-saint-albans-ny-11412/1dZNX4dJtiP"
"6IUwOyZqM9X","10906 Farmers Blvd, Saint Albans, NY 11412","599000","","Retail","Active","https://onekeymls.com/home-details/10906-farmers-blvd-saint-albans-ny-11412/6IUwOyZqM9X"
"k4sdY6qZYVU","18806 Mangin Ave, Saint Albans, NY 11412","749000","3","Single Family Residence","Active","https://onekeymls.com/home-details/18806-mangin-ave-saint-albans-ny-11412/k4sdY6qZYVU"
"eqYeKqMnws0","11464 204th St, Saint Albans, NY 11412","779000","3","Single Family Residence","Active","https://onekeymls.com/home-details/11464-204th-st-saint-albans-ny-11412/eqYeKqMnws0"
"gX0PG0Jtivq","11547 200th St, Saint Albans, NY 11412","725000","3","Single Family Residence","Active","https://onekeymls.com/home-details/11547-200th-st-saint-albans-ny-11412/gX0PG0Jtivq"
"ae6RKFUhsxU","11343 202nd St, Saint Albans, NY 11412","625000","4","Single Family Residence","Active","https://onekeymls.com/home-details/11343-202nd-st-saint-albans-ny-11412/ae6RKFUhsxU"
"jvTPKpZk1vf","11137 196th Street, Hollis, NY 11412","1288000","7","Single Family Residence","Active","https://onekeymls.com/home-details/11137-196th-street-hollis-ny-11412/jvTPKpZk1vf"
"dCPulAXFnT","11342 194th St, Saint Albans, NY 11412","632500","3","Single Family Residence","Pending","https://onekeymls.com/home-details/11342-194th-st-saint-albans-ny-11412/dCPulAXFnT"
"6PgNlnxPBL3","11948 190th St, Saint Albans, NY 11412","1069000","7","Single Family Residence","Active","https://onekeymls.com/home-details/11948-190th-st-saint-albans-ny-11412/6PgNlnxPBL3"
"kBsJFOOXsyM","11042 198th St, Saint Albans, NY 11412","999999","3","Single Family Residence","Active","https://onekeymls.com/home-details/11042-198th-st-saint-albans-ny-11412/kBsJFOOXsyM"
"17Sqbpgl1Ns","115-72A Newburg St, Saint Albans, NY 11412","1299000","6","Duplex","Active","https://onekeymls.com/home-details/115-72a-newburg-st-saint-albans-ny-11412/17Sqbpgl1Ns"
"flC3r04dtut","20515 111th Ave, Saint Albans, NY 11412","849999","5","Single Family Residence","Active","https://onekeymls.com/home-details/20515-111th-ave-saint-albans-ny-11412/flC3r04dtut"
"4X5SzHKA5pY","20513 114th Dr, Saint Albans, NY 11412","900000","6","Single Family Residence","Active","https://onekeymls.com/home-details/20513-114th-dr-saint-albans-ny-11412/4X5SzHKA5pY"
"b0It80MB0oY","11531 197th St, Saint Albans, NY 11412","680000","3","Single Family Residence","Active","https://onekeymls.com/home-details/11531-197th-st-saint-albans-ny-11412/b0It80MB0oY"
"9gWWQSMa0b8","11440 198th St, Saint Albans, NY 11412","553600","3","Single Family Residence","Active","https://onekeymls.com/home-details/11440-198th-st-saint-albans-ny-11412/9gWWQSMa0b8"
"lhtjKI3N3pJ","19013 109th Rd, Saint Albans, NY 11412","849000","6","Single Family Residence","Active","https://onekeymls.com/home-details/19013-109th-rd-saint-albans-ny-11412/lhtjKI3N3pJ"
"j5yOiwmFFL","19129 109th Rd, Saint Albans, NY 11412","999000","8","Single Family Residence","Active","https://onekeymls.com/home-details/19129-109th-rd-saint-albans-ny-11412/j5yOiwmFFL"
"fMYMCeRha8n","11425 200th St, Saint Albans, NY 11412","779000","3","Single Family Residence","Active","https://onekeymls.com/home-details/11425-200th-st-saint-albans-ny-11412/fMYMCeRha8n"
"6jrk4oT58HE","13031 218th St, Laurelton, NY 11413","879000","4","Single Family Residence","Active","https://onekeymls.com/home-details/13031-218th-st-laurelton-ny-11413/6jrk4oT58HE"
"jQ3MqJibvSd","21624 132nd Ave, Jamaica, NY 11413","949900","6","Single Family Residence","Active","https://onekeymls.com/home-details/21624-132nd-ave-jamaica-ny-11413/jQ3MqJibvSd"
"ciOTPE9tv1A","13035 229th St, Laurelton, NY 11413","780000","3","Single Family Residence","Active","https://onekeymls.com/home-details/13035-229th-st-laurelton-ny-11413/ciOTPE9tv1A"
"7vZ6q15tY8u","14618 229th St, Springfield Gardens, NY 11413","749900","3","Single Family Residence","Active","https://onekeymls.com/home-details/14618-229th-st-springfield-gardens-ny-11413/7vZ6q15tY8u"
"1mFFdwno2nW","12265 Nellis St, Springfield Gardens, NY 11413","715000","3","Single Family Residence","Active","https://onekeymls.com/home-details/12265-nellis-st-springfield-gardens-ny-11413/1mFFdwno2nW"
"20NEdMkCIqA","13446 229th St, Laurelton, NY 11413","775000","3","Single Family Residence","Active","https://onekeymls.com/home-details/13446-229th-st-laurelton-ny-11413/20NEdMkCIqA"
"iSlDC68XmSn","21924 141st Ave, Laurelton, NY 11413","1090000","6","Duplex","Active","https://onekeymls.com/home-details/21924-141st-ave-laurelton-ny-11413/iSlDC68XmSn"
"99K5yCFr1z6","14014 Charles Ln, Springfield Gardens, NY 11413","1249000","7","Duplex","Active","https://onekeymls.com/home-details/14014-charles-ln-springfield-gardens-ny-11413/99K5yCFr1z6"
"hbQszE7Fo8U","22804 145th Ave, Springfield Gardens, NY 11413","1199999","6","Duplex","Active","https://onekeymls.com/home-details/22804-145th-ave-springfield-gardens-ny-11413/hbQszE7Fo8U"
"2dPyd5A33sU","14645 182nd St, Springfield Gardens, NY 11413","809000","4","Duplex","Active","https://onekeymls.com/home-details/14645-182nd-st-springfield-gardens-ny-11413/2dPyd5A33sU"
"ho4txymKKeh","18618 140th Ave, Springfield Gardens, NY 11413","880000","5","Single Family Residence","Active","https://onekeymls.com/home-details/18618-140th-ave-springfield-gardens-ny-11413/ho4txymKKeh"
"i4tlcfixc8I","22603 141st Ave, Laurelton, NY 11413","699000","3","Single Family Residence","Coming Soon","https://onekeymls.com/home-details/22603-141st-ave-laurelton-ny-11413/i4tlcfixc8I"
"6qjOOgbx6VI","13526 219th St, Laurelton, NY 11413","1289000","6","Duplex","Active","https://onekeymls.com/home-details/13526-219th-st-laurelton-ny-11413/6qjOOgbx6VI"
"hyZ755Kl0vM","14045 Charles Ln, Springfield Gardens, NY 11413","850000","0","Duplex","Active","https://onekeymls.com/home-details/14045-charles-ln-springfield-gardens-ny-11413/hyZ755Kl0vM"
"fbAP1GQx7Rl","21950 143rd Avenue, Springfield Gardens, NY 11413","1699000","10","Duplex","Active","https://onekeymls.com/home-details/21950-143rd-avenue-springfield-gardens-ny-11413/fbAP1GQx7Rl"
"ifttfMZSgZF","13049 232nd St, Laurelton, NY 11413","969000","5","Single Family Residence","Active","https://onekeymls.com/home-details/13049-232nd-st-laurelton-ny-11413/ifttfMZSgZF"
"7ejOjtFk6rb","143-86 232nd Street, Springfield Gardens, NY 11413","1385000","10","Duplex","Active","https://onekeymls.com/home-details/143-86-232nd-street-springfield-gardens-ny-11413/7ejOjtFk6rb"
"2CLlgOzCwdi","18514 144th Avenue, Springfield Gardens, NY 11413","990000","6","Single Family Residence","Active","https://onekeymls.com/home-details/18514-144th-avenue-springfield-gardens-ny-11413/2CLlgOzCwdi"
"4HTmfsLKO82","21842 140th Ave, Springfield Gardens, NY 11413","1249999","6","Duplex","Active","https://onekeymls.com/home-details/21842-140th-ave-springfield-gardens-ny-11413/4HTmfsLKO82"
"6A1rD4BfZWZ","18704 Williamson Ave, Springfield Gardens, NY 11413","899000","4","Single Family Residence","Active","https://onekeymls.com/home-details/18704-williamson-ave-springfield-gardens-ny-11413/6A1rD4BfZWZ"
"hNtlhV0xUZK","13014 221st St, Laurelton, NY 11413","1300000","4","Single Family Residence","Active","https://onekeymls.com/home-details/13014-221st-st-laurelton-ny-11413/hNtlhV0xUZK"
"a7Vl8YO228S","13764 Westgate St, Springfield Gardens, NY 11413","799000","3","Single Family Residence","Active","https://onekeymls.com/home-details/13764-westgate-st-springfield-gardens-ny-11413/a7Vl8YO228S"
"cBe2xoouoTK","14205 184th St, Springfield Gardens, NY 11413","1499000","8","Duplex","Active","https://onekeymls.com/home-details/14205-184th-st-springfield-gardens-ny-11413/cBe2xoouoTK"
"a7hEF43C4VW","22612 146th Ave, Springfield Gardens, NY 11413","1250000","0","Duplex","Active","https://onekeymls.com/home-details/22612-146th-ave-springfield-gardens-ny-11413/a7hEF43C4VW"
"8QD0SXU1jLe","13314 Francis Lewis Blvd, Laurelton, NY 11413","749000","4","Single Family Residence","Active","https://onekeymls.com/home-details/13314-francis-lewis-blvd-laurelton-ny-11413/8QD0SXU1jLe"
"88z7SCUV3Dk","22911 141st Ave, Laurelton, NY 11413","759000","3","Single Family Residence","Active","https://onekeymls.com/home-details/22911-141st-ave-laurelton-ny-11413/88z7SCUV3Dk"
"4YudE1LoXMR","23115 126th Ave, Jamaica, NY 11413","899000","3","Single Family Residence","Active","https://onekeymls.com/home-details/23115-126th-ave-jamaica-ny-11413/4YudE1LoXMR"
"kjwy9R6Pff0","13304 226th St, Laurelton, NY 11413","1199000","5","Duplex","Active","https://onekeymls.com/home-details/13304-226th-st-laurelton-ny-11413/kjwy9R6Pff0"
"etUuu0cLFNY","14415 226th St, Laurelton, NY 11413","1397999","6","Duplex","Active","https://onekeymls.com/home-details/14415-226th-st-laurelton-ny-11413/etUuu0cLFNY"
"6D3iOUWJcbV","18806 Nashville Blvd, Springfield Gardens, NY 11413","432900","3","Single Family Residence","Pending","https://onekeymls.com/home-details/18806-nashville-blvd-springfield-gardens-ny-11413/6D3iOUWJcbV"
"lTLj2uTFZuJ","15813 102nd St, Howard Beach, NY 11414","785000","3","Single Family Residence","Active","https://onekeymls.com/home-details/15813-102nd-st-howard-beach-ny-11414/lTLj2uTFZuJ"
"bv7tkzli7ov","8148 156th Ave Unit 247, Howard Beach, NY 11414","385000","3","Stock Cooperative","Active","https://onekeymls.com/home-details/8148-156th-ave-unit-247-howard-beach-ny-11414/bv7tkzli7ov"
"8Z04Caavt3e","88-08 151 Ave Unit 3H, Lindenwood, NY 11414","199000","2","Stock Cooperative","Active","https://onekeymls.com/home-details/88-08-151-ave-unit-3h-lindenwood-ny-11414/8Z04Caavt3e"
"40XZYNy4mwb","15529 81st St Unit 1, Howard Beach, NY 11414","359000","2","Stock Cooperative","Active","https://onekeymls.com/home-details/15529-81st-st-unit-1-howard-beach-ny-11414/40XZYNy4mwb"
"khZgb4BTRuZ","8827 Shore Pkwy Unit 25, Howard Beach, NY 11414","240000","1","Stock Cooperative","Active","https://onekeymls.com/home-details/8827-shore-pkwy-unit-25-howard-beach-ny-11414/khZgb4BTRuZ"
"k9eOcsp0vhT","8825 155th Ave Unit 3M, Howard Beach, NY 11414","185000","1","Stock Cooperative","Active","https://onekeymls.com/home-details/8825-155th-ave-unit-3m-howard-beach-ny-11414/k9eOcsp0vhT"
"bjc8MfYe1d1","8825 155th Ave Unit 1A, Howard Beach, NY 11414","255000","1","Stock Cooperative","Active","https://onekeymls.com/home-details/8825-155th-ave-unit-1a-howard-beach-ny-11414/bjc8MfYe1d1"
"arDHWLyldxM","16041 99th St, Howard Beach, NY 11414","879000","3","Single Family Residence","Active","https://onekeymls.com/home-details/16041-99th-st-howard-beach-ny-11414/arDHWLyldxM"
"dedIIp0XFz3","15915 95th St, Howard Beach, NY 11414","699000","4","Single Family Residence","Active","https://onekeymls.com/home-details/15915-95th-st-howard-beach-ny-11414/dedIIp0XFz3"
"5MVs5OtCj8i","16415 98th St, Howard Beach, NY 11414","949000","4","Duplex","Active","https://onekeymls.com/home-details/16415-98th-st-howard-beach-ny-11414/5MVs5OtCj8i"
"gEPBMVrCN2I","15314 83rd St Unit 5D-U, Howard Beach, NY 11414","575000","3","Condominium","Active","https://onekeymls.com/home-details/15314-83rd-st-unit-5d-u-howard-beach-ny-11414/gEPBMVrCN2I"
"9XhZ6g8TIot","16221 102nd St, Howard Beach, NY 11414","999000","6","Duplex","Active","https://onekeymls.com/home-details/16221-102nd-st-howard-beach-ny-11414/9XhZ6g8TIot"
"fKr2CeU9mE3","15325 88th St Unit 4K, Howard Beach, NY 11414","349998","2","Stock Cooperative","Active","https://onekeymls.com/home-details/15325-88th-st-unit-4k-howard-beach-ny-11414/fKr2CeU9mE3"
"f80BGBPYuJy","15325 88th St Unit 5G, Howard Beach, NY 11414","225000","1","Stock Cooperative","Active","https://onekeymls.com/home-details/15325-88th-st-unit-5g-howard-beach-ny-11414/f80BGBPYuJy"
"hk8oy1N7F2o","15325 88th St Unit 1K, Howard Beach, NY 11414","260000","2","Stock Cooperative","Active","https://onekeymls.com/home-details/15325-88th-st-unit-1k-howard-beach-ny-11414/hk8oy1N7F2o"
"o1wpE9hX1T","15117 82nd St, Howard Beach, NY 11414","1349000","9","Duplex","Active","https://onekeymls.com/home-details/15117-82nd-st-howard-beach-ny-11414/o1wpE9hX1T"
"4NMlQXCS2Lr","16330 95th St, Howard Beach, NY 11414","1090000","0","Duplex","Active","https://onekeymls.com/home-details/16330-95th-st-howard-beach-ny-11414/4NMlQXCS2Lr"
"8RAP7omfhVo","8812 151st Ave Unit 4B, Howard Beach, NY 11414","240000","2","Stock Cooperative","Active","https://onekeymls.com/home-details/8812-151st-ave-unit-4b-howard-beach-ny-11414/8RAP7omfhVo"
"52QioXrNPBM","14930 88th St Unit 2E, Howard Beach, NY 11414","409000","2","Condominium","Active","https://onekeymls.com/home-details/14930-88th-st-unit-2e-howard-beach-ny-11414/52QioXrNPBM"
"3mQzBpwO3j0","102-10A 160th Ave, Howard Beach, NY 11414","588000","2","Single Family Residence","Active","https://onekeymls.com/home-details/102-10a-160th-ave-howard-beach-ny-11414/3mQzBpwO3j0"
"f4LHxqR81gL","16035 99th St, Howard Beach, NY 11414","1199000","5","Duplex","Active","https://onekeymls.com/home-details/16035-99th-st-howard-beach-ny-11414/f4LHxqR81gL"
"9xXLRBjRU2f","14930 88th St Unit Lj, Howard Beach, NY 11414","339000","1","Condominium","Active","https://onekeymls.com/home-details/14930-88th-st-unit-lj-howard-beach-ny-11414/9xXLRBjRU2f"
"jpAroLS2rUE","15542 81st St Unit 119, Howard Beach, NY 11414","419000","3","Stock Cooperative","Pending","https://onekeymls.com/home-details/15542-81st-st-unit-119-howard-beach-ny-11414/jpAroLS2rUE"
"6kJKbg9OXi4","9960 164th Rd, Howard Beach, NY 11414","299000","3","Single Family Residence","Active","https://onekeymls.com/home-details/9960-164th-rd-howard-beach-ny-11414/6kJKbg9OXi4"
"66lVbCyLlez","15736 85th St, Howard Beach, NY 11414","1775000","3","Single Family Residence","Active","https://onekeymls.com/home-details/15736-85th-st-howard-beach-ny-11414/66lVbCyLlez"
"1xRZWGR9RML","8511 164th Ave, Howard Beach, NY 11414","1150000","5","Single Family Residence","Active","https://onekeymls.com/home-details/8511-164th-ave-howard-beach-ny-11414/1xRZWGR9RML"
"4VVWT9Sgtvq","86-22 155th Unit 3L, Howard Beach, NY 11414","325000","2","Stock Cooperative","Pending","https://onekeymls.com/home-details/86-22-155th-unit-3l-howard-beach-ny-11414/4VVWT9Sgtvq"
"dfBxHDcs0CE","15841 91st St, Howard Beach, NY 11414","2100000","5","Single Family Residence","Active","https://onekeymls.com/home-details/15841-91st-st-howard-beach-ny-11414/dfBxHDcs0CE"
"2iHrSfjPjhL","15619 87th St, Howard Beach, NY 11414","999000","6","Single Family Residence","Pending","https://onekeymls.com/home-details/15619-87th-st-howard-beach-ny-11414/2iHrSfjPjhL"
"lIJoun89fzZ","16128 98th St, Howard Beach, NY 11414","1189000","5","Single Family Residence","Active","https://onekeymls.com/home-details/16128-98th-st-howard-beach-ny-11414/lIJoun89fzZ"
"afyirXota7D","9752 75th St Unit B31, Ozone Park, NY 11416","295000","1","Condominium","Active","https://onekeymls.com/home-details/9752-75th-st-unit-b31-ozone-park-ny-11416/afyirXota7D"
"5ydy8JvcQt1","9716 103rd St, Ozone Park, NY 11416","1128000","8","Triplex","Coming Soon","https://onekeymls.com/home-details/9716-103rd-st-ozone-park-ny-11416/5ydy8JvcQt1"
"dp2BSQwurvh","10501 101st Ave, Ozone Park, NY 11416","4499000","","Business","Active","https://onekeymls.com/home-details/10501-101st-ave-ozone-park-ny-11416/dp2BSQwurvh"
"cm3arPaE8Gn","8216 101st Ave, Ozone Park, NY 11416","1160000","4","Duplex","Active","https://onekeymls.com/home-details/8216-101st-ave-ozone-park-ny-11416/cm3arPaE8Gn"
"gVeksqqu01W","9720 88th St, Ozone Park, NY 11416","1249000","5","Triplex","Active","https://onekeymls.com/home-details/9720-88th-st-ozone-park-ny-11416/gVeksqqu01W"
"jkHtHbJpuWn","8712 95th Ave, Ozone Park, NY 11416","850000","4","Duplex","Active","https://onekeymls.com/home-details/8712-95th-ave-ozone-park-ny-11416/jkHtHbJpuWn"
"3ylQo8OGzFR","9710 101st Ave, Ozone Park, NY 11416","1198000","","Mixed Use","Active","https://onekeymls.com/home-details/9710-101st-ave-ozone-park-ny-11416/3ylQo8OGzFR"
"jkUNZJ2cdh8","10409 94th Ave, Ozone Park, NY 11416","1050000","6","Duplex","Pending","https://onekeymls.com/home-details/10409-94th-ave-ozone-park-ny-11416/jkUNZJ2cdh8"
"eOcoahWryzv","458 Drew Street, Brooklyn, NY 11416","1350000","7","Duplex","Active","https://onekeymls.com/home-details/458-drew-street-brooklyn-ny-11416/eOcoahWryzv"
"iJwd6rf3mqj","9513 85th St, Ozone Park, NY 11416","799000","4","Single Family Residence","Active","https://onekeymls.com/home-details/9513-85th-st-ozone-park-ny-11416/iJwd6rf3mqj"
"9NBmvLX3ysQ","9419 96th St, Ozone Park, NY 11416","779999","3","Single Family Residence","Pending","https://onekeymls.com/home-details/9419-96th-st-ozone-park-ny-11416/9NBmvLX3ysQ"
"lTcTvtmPlFR","10112 101st Ave, Jamaica, NY 11416","1670000","9","Triplex","Active","https://onekeymls.com/home-details/10112-101st-ave-jamaica-ny-11416/lTcTvtmPlFR"
"3vUOf4c6gPu","9432 77th St, Ozone Park, NY 11416","699000","2","Single Family Residence","Pending","https://onekeymls.com/home-details/9432-77th-st-ozone-park-ny-11416/3vUOf4c6gPu"
"l0AlAm9kQNZ","10156 107th St, Ozone Park, NY 11416","1489000","7","Single Family Residence","Active","https://onekeymls.com/home-details/10156-107th-st-ozone-park-ny-11416/l0AlAm9kQNZ"
"6pJTsbhpKf2","9120 101st Ave, Ozone Park, NY 11416","1850000","","Mixed Use","Active","https://onekeymls.com/home-details/9120-101st-ave-ozone-park-ny-11416/6pJTsbhpKf2"
"ic5t8MJ9ayD","7711 97th Ave, Ozone Park, NY 11416","799000","3","Single Family Residence","Active","https://onekeymls.com/home-details/7711-97th-ave-ozone-park-ny-11416/ic5t8MJ9ayD"
"4qOjsyXQa43","9733 89th St, Ozone Park, NY 11416","918000","4","Duplex","Active","https://onekeymls.com/home-details/9733-89th-st-ozone-park-ny-11416/4qOjsyXQa43"
"cQvFSg0Fu1s","7703 95th Ave, Ozone Park, NY 11416","719999","3","Single Family Residence","Active","https://onekeymls.com/home-details/7703-95th-ave-ozone-park-ny-11416/cQvFSg0Fu1s"
"diI5dG8GTCt","9734 86th St, Ozone Park, NY 11416","1449000","0","Duplex","Active","https://onekeymls.com/home-details/9734-86th-st-ozone-park-ny-11416/diI5dG8GTCt"
"8IPnpPpMb1U","9532 92nd St, Ozone Park, NY 11416","998000","6","Duplex","Active","https://onekeymls.com/home-details/9532-92nd-st-ozone-park-ny-11416/8IPnpPpMb1U"
"dQIvTwrZExn","8718 95th Ave, Ozone Park, NY 11416","645000","4","Single Family Residence","Active","https://onekeymls.com/home-details/8718-95th-ave-ozone-park-ny-11416/dQIvTwrZExn"
"jU52LWpn0z8","7605 101st Ave, Ozone Park, NY 11416","1550000","","Mixed Use","Active","https://onekeymls.com/home-details/7605-101st-ave-ozone-park-ny-11416/jU52LWpn0z8"
"bGC6d5htbou","9743 101st St, Ozone Park, NY 11416","999000","5","Duplex","Active","https://onekeymls.com/home-details/9743-101st-st-ozone-park-ny-11416/bGC6d5htbou"
"cT4VI4tWZ6X","8616 102nd Ave, Ozone Park, NY 11416","699000","3","Single Family Residence","Active","https://onekeymls.com/home-details/8616-102nd-ave-ozone-park-ny-11416/cT4VI4tWZ6X"
"5H2KQqYpUCV","9535 94th St, Ozone Park, NY 11416","889000","0","Duplex","Pending","https://onekeymls.com/home-details/9535-94th-st-ozone-park-ny-11416/5H2KQqYpUCV"
"azEjh3sVVQJ","9015/17/19 /25 Rockaway Boulevard, Jamaica, NY 11416","2900000","","Mixed Use","Active","https://onekeymls.com/home-details/90151719-25-rockaway-boulevard-jamaica-ny-11416/azEjh3sVVQJ"
"6fAskYHgA07","9511 92nd St, Ozone Park, NY 11416","1599000","6","Duplex","Active","https://onekeymls.com/home-details/9511-92nd-st-ozone-park-ny-11416/6fAskYHgA07"
"g8yp0jJTAao","9747 91st St, Ozone Park, NY 11416","930000","4","Duplex","Pending","https://onekeymls.com/home-details/9747-91st-st-ozone-park-ny-11416/g8yp0jJTAao"
"eEbaOctYJuo","10150 104th St, Ozone Park, NY 11416","1199000","4","Duplex","Pending","https://onekeymls.com/home-details/10150-104th-st-ozone-park-ny-11416/eEbaOctYJuo"
"iBGqEwU8EOd","8122 102nd Ave, Ozone Park, NY 11416","1200000","6","Duplex","Active","https://onekeymls.com/home-details/8122-102nd-ave-ozone-park-ny-11416/iBGqEwU8EOd"
"hTX90Gv59P7","15033 Hawtree St, Ozone Park, NY 11417","1638000","6","Duplex","Active","https://onekeymls.com/home-details/15033-hawtree-st-ozone-park-ny-11417/hTX90Gv59P7"
"1l1tgyXHNnP","13302 96th St, Ozone Park, NY 11417","1099999","5","Duplex","Active","https://onekeymls.com/home-details/13302-96th-st-ozone-park-ny-11417/1l1tgyXHNnP"
"eYKkg47693L","13306 96th St, Ozone Park, NY 11417","880000","3","Single Family Residence","Active","https://onekeymls.com/home-details/13306-96th-st-ozone-park-ny-11417/eYKkg47693L"
"76F48hYfQmd","9606 134th Rd, Ozone Park, NY 11417","799999","3","Duplex","Active","https://onekeymls.com/home-details/9606-134th-rd-ozone-park-ny-11417/76F48hYfQmd"
"kMOI68Z83gU","10524 Crossbay Blvd, Ozone Park, NY 11417","875000","","Mixed Use","Active","https://onekeymls.com/home-details/10524-crossbay-blvd-ozone-park-ny-11417/kMOI68Z83gU"
"bw8BIDradrT","10933 97th St, Ozone Park, NY 11417","639900","3","Single Family Residence","Active","https://onekeymls.com/home-details/10933-97th-st-ozone-park-ny-11417/bw8BIDradrT"
"78P2RBR7HTw","10006 133rd Ave, Ozone Park, NY 11417","788000","4","Single Family Residence","Active","https://onekeymls.com/home-details/10006-133rd-ave-ozone-park-ny-11417/78P2RBR7HTw"
"l7qmJDYzrUP","8514 Sutter Ave, Ozone Park, NY 11417","689000","3","Single Family Residence","Active","https://onekeymls.com/home-details/8514-sutter-ave-ozone-park-ny-11417/l7qmJDYzrUP"
"iczS3AExmBp","10316 89th St, Ozone Park, NY 11417","919000","4","Duplex","Active","https://onekeymls.com/home-details/10316-89th-st-ozone-park-ny-11417/iczS3AExmBp"
"h5eXQPwzSZt","13322 85th St, Ozone Park, NY 11417","749000","3","Single Family Residence","Pending","https://onekeymls.com/home-details/13322-85th-st-ozone-park-ny-11417/h5eXQPwzSZt"
"gnVSLpn4xYj","15017 Hawtree St, Ozone Park, NY 11417","1628000","6","Duplex","Active","https://onekeymls.com/home-details/15017-hawtree-st-ozone-park-ny-11417/gnVSLpn4xYj"
"cwF6kboYDwf","10745 100th St, Ozone Park, NY 11417","899999","4","Duplex","Pending","https://onekeymls.com/home-details/10745-100th-st-ozone-park-ny-11417/cwF6kboYDwf"
"2OZmFu0odIN","10638 97th St, Ozone Park, NY 11417","1250000","3","Duplex","Active","https://onekeymls.com/home-details/10638-97th-st-ozone-park-ny-11417/2OZmFu0odIN"
"kdQJjyJ9Qym","10762 106th St, Ozone Park, NY 11417","929000","4","Single Family Residence","Active","https://onekeymls.com/home-details/10762-106th-st-ozone-park-ny-11417/kdQJjyJ9Qym"
"773Sk6zsRXm","10339 91st St, Ozone Park, NY 11417","749000","3","Duplex","Active","https://onekeymls.com/home-details/10339-91st-st-ozone-park-ny-11417/773Sk6zsRXm"
"4dbe2n0onEM","9416 Linden Blvd, Ozone Park, NY 11417","849000","3","Duplex","Active","https://onekeymls.com/home-details/9416-linden-blvd-ozone-park-ny-11417/4dbe2n0onEM"
"fUldTFm62yS","9430 Magnolia Ct Unit 2A, Ozone Park, NY 11417","585000","2","Condominium","Pending","https://onekeymls.com/home-details/9430-magnolia-ct-unit-2a-ozone-park-ny-11417/fUldTFm62yS"
"1kl8grqG9rS","7905 Pitkin Ave, Ozone Park, NY 11417","850000","3","Duplex","Active","https://onekeymls.com/home-details/7905-pitkin-ave-ozone-park-ny-11417/1kl8grqG9rS"
"lvTqjjgI2tz","10345 106th St, Ozone Park, NY 11417","1199888","6","Duplex","Active","https://onekeymls.com/home-details/10345-106th-st-ozone-park-ny-11417/lvTqjjgI2tz"
"7vtIZ5S8Njk","10723 86th St, Ozone Park, NY 11417","855000","3","Single Family Residence","Active","https://onekeymls.com/home-details/10723-86th-st-ozone-park-ny-11417/7vtIZ5S8Njk"
"fx7LCTSxR0w","10343 Woodhaven Blvd, Ozone Park, NY 11417","1358000","6","Duplex","Active","https://onekeymls.com/home-details/10343-woodhaven-blvd-ozone-park-ny-11417/fx7LCTSxR0w"
"hVm97QVMxNN","15007 95th St Unit 3, Ozone Park, NY 11417","599000","3","Condominium","Active","https://onekeymls.com/home-details/15007-95th-st-unit-3-ozone-park-ny-11417/hVm97QVMxNN"
"jPBxN9U0rIr","8411 Sutter Ave, Ozone Park, NY 11417","705000","3","Single Family Residence","Pending","https://onekeymls.com/home-details/8411-sutter-ave-ozone-park-ny-11417/jPBxN9U0rIr"
"eicmrg4GLiG","8502 Dumont Ave, Ozone Park, NY 11417","729000","3","Single Family Residence","Active","https://onekeymls.com/home-details/8502-dumont-ave-ozone-park-ny-11417/eicmrg4GLiG"
"2k3v6QU0OnD","13305 88th St, Ozone Park, NY 11417","1300000","8","Duplex","Pending","https://onekeymls.com/home-details/13305-88th-st-ozone-park-ny-11417/2k3v6QU0OnD"
"e5hizsQcvHd","9711 N Conduit Ave Unit 2C, Ozone Park, NY 11417","369000","1","Condominium","Active","https://onekeymls.com/home-details/9711-n-conduit-ave-unit-2c-ozone-park-ny-11417/e5hizsQcvHd"
"htyiCjxmb9T","10314 89th St, Ozone Park, NY 11417","949999","4","Single Family Residence","Active","https://onekeymls.com/home-details/10314-89th-st-ozone-park-ny-11417/htyiCjxmb9T"
"cKHQ9bjoR6R","9006 107th Ave, Ozone Park, NY 11417","800000","4","Single Family Residence","Active","https://onekeymls.com/home-details/9006-107th-ave-ozone-park-ny-11417/cKHQ9bjoR6R"
"6rKUnY0Ej5U","10552 88th St, Ozone Park, NY 11417","923000","5","Duplex","Pending","https://onekeymls.com/home-details/10552-88th-st-ozone-park-ny-11417/6rKUnY0Ej5U"
"mCcVccd5ga","9430 Albert Rd, Ozone Park, NY 11417","1099999","0","Duplex","Active","https://onekeymls.com/home-details/9430-albert-rd-ozone-park-ny-11417/mCcVccd5ga"
"gajrx82m1gB","95-27 116th Street, Richmond Hill, NY 11419","699000","4","Single Family Residence","Active","https://onekeymls.com/home-details/95-27-116th-street-richmond-hill-ny-11419/gajrx82m1gB"
"ecZb8IrdxGm","93-08 123rd Street, Richmond Hill S., NY 11419","950000","5","Duplex","Active","https://onekeymls.com/home-details/93-08-123rd-street-richmond-hill-s-ny-11419/ecZb8IrdxGm"
"dCo7qSmGjwE","9526 108th Street, Richmond Hill S., NY 11419","769000","4","Single Family Residence","Active","https://onekeymls.com/home-details/9526-108th-street-richmond-hill-s-ny-11419/dCo7qSmGjwE"
"iZCf8CNRHuc","115-15 95th Avenue, Richmond Hill S., NY 11419","850000","5","Duplex","Active","https://onekeymls.com/home-details/115-15-95th-avenue-richmond-hill-s-ny-11419/iZCf8CNRHuc"
"6Xwya22JJ2Q","101-39 110th Street, Richmond Hill S., NY 11419","888888","3","Duplex","Active","https://onekeymls.com/home-details/101-39-110th-street-richmond-hill-s-ny-11419/6Xwya22JJ2Q"
"gznCtPv7emm","12714 102nd Road, Richmond Hill S., NY 11419","749000","3","Single Family Residence","Active","https://onekeymls.com/home-details/12714-102nd-road-richmond-hill-s-ny-11419/gznCtPv7emm"
"3HZDcDXUHq9","9324 123rd Street, Richmond Hill, NY 11419","999000","6","Duplex","Pending","https://onekeymls.com/home-details/9324-123rd-street-richmond-hill-ny-11419/3HZDcDXUHq9"
"duEOPB6JcsE","13401 Liberty Avenue, Richmond Hill S., NY 11419","1495000","","Multi Family","Active","https://onekeymls.com/home-details/13401-liberty-avenue-richmond-hill-s-ny-11419/duEOPB6JcsE"
"k2PgVZB4Bbr","10743 128th Street, Richmond Hill, NY 11419","979000","3","Single Family Residence","Active","https://onekeymls.com/home-details/10743-128th-street-richmond-hill-ny-11419/k2PgVZB4Bbr"
"gib2Vdd1PWV","10530 Van Wyck Expressway, Richmond Hill S., NY 11419","979000","5","Duplex","Active","https://onekeymls.com/home-details/10530-van-wyck-expressway-richmond-hill-s-ny-11419/gib2Vdd1PWV"
"1hbG4oHLilu","12408 94th Avenue, Richmond Hill, NY 11419","1249000","6","Duplex","Active","https://onekeymls.com/home-details/12408-94th-avenue-richmond-hill-ny-11419/1hbG4oHLilu"
"3iYXijSAfgA","104-16 134th St, Richmond Hill S., NY 11419","899000","7","Duplex","Active","https://onekeymls.com/home-details/104-16-134th-st-richmond-hill-s-ny-11419/3iYXijSAfgA"
"6DmwJYC3g0q","95-15 118th Street, Richmond Hill S., NY 11419","1790000","10","Triplex","Active","https://onekeymls.com/home-details/95-15-118th-street-richmond-hill-s-ny-11419/6DmwJYC3g0q"
"3oixBtLCC8l","10106 116th Street, Richmond Hill, NY 11419","999999","6","Duplex","Active","https://onekeymls.com/home-details/10106-116th-street-richmond-hill-ny-11419/3oixBtLCC8l"
"3PHHzqIkxzj","94-17 118th Street, Richmond Hill S., NY 11419","1380000","7","Duplex","Active","https://onekeymls.com/home-details/94-17-118th-street-richmond-hill-s-ny-11419/3PHHzqIkxzj"
"3eBHiAmqdBb","10754 128th Street, Richmond Hill, NY 11419","850000","3","Manufactured On Land","Active","https://onekeymls.com/home-details/10754-128th-street-richmond-hill-ny-11419/3eBHiAmqdBb"
"kR0BCfRKvxm","10535 135th Street, Richmond Hill S., NY 11419","1090888","5","Duplex","Active","https://onekeymls.com/home-details/10535-135th-street-richmond-hill-s-ny-11419/kR0BCfRKvxm"
"fwPguArn2RD","9528 132nd Street, Richmond Hill S., NY 11419","1295000","6","Duplex","Active","https://onekeymls.com/home-details/9528-132nd-street-richmond-hill-s-ny-11419/fwPguArn2RD"
"ifuRuLSz09M","9726 133rd Street, Richmond Hill S., NY 11419","829000","3","Single Family Residence","Active","https://onekeymls.com/home-details/9726-133rd-street-richmond-hill-s-ny-11419/ifuRuLSz09M"
"bMw2kVMNcq5","10711 114th St, Richmond Hill S., NY 11419","799000","3","Single Family Residence","Active","https://onekeymls.com/home-details/10711-114th-st-richmond-hill-s-ny-11419/bMw2kVMNcq5"
"9s4rUDLhBtq","10318 130th St, Richmond Hill, NY 11419","899000","4","Duplex","Active","https://onekeymls.com/home-details/10318-130th-st-richmond-hill-ny-11419/9s4rUDLhBtq"
"klajdyoGM1i","10514 Van Wyck Expy, Richmond Hill S., NY 11419","769000","3","Single Family Residence","Active","https://onekeymls.com/home-details/10514-van-wyck-expy-richmond-hill-s-ny-11419/klajdyoGM1i"
"jAzadjGJ3aU","10458 121st St, Richmond Hill S., NY 11419","925000","4","Duplex","Active","https://onekeymls.com/home-details/10458-121st-st-richmond-hill-s-ny-11419/jAzadjGJ3aU"
"jZY5Gm0lIol","10749 117th St, Richmond Hill, NY 11419","819999","4","Single Family Residence","Active","https://onekeymls.com/home-details/10749-117th-st-richmond-hill-ny-11419/jZY5Gm0lIol"
"3SLJc1JI1OO","10729 118th St, Richmond Hill S., NY 11419","889000","4","Single Family Residence","Active","https://onekeymls.com/home-details/10729-118th-st-richmond-hill-s-ny-11419/3SLJc1JI1OO"
"af9TKCD4a0B","9558 113th St, Richmond Hill S., NY 11419","840000","4","Single Family Residence","Active","https://onekeymls.com/home-details/9558-113th-st-richmond-hill-s-ny-11419/af9TKCD4a0B"
"ejdekWrisGc","10328 135th St, Richmond Hill S., NY 11419","989028","0","Duplex","Active","https://onekeymls.com/home-details/10328-135th-st-richmond-hill-s-ny-11419/ejdekWrisGc"
"9bgcodx38nO","9725 109th St, Richmond Hill S., NY 11419","999000","4","Duplex","Active","https://onekeymls.com/home-details/9725-109th-st-richmond-hill-s-ny-11419/9bgcodx38nO"
"6QA1sB0xMoI","10753 124th St, Richmond Hill, NY 11419","829000","4","Single Family Residence","Active","https://onekeymls.com/home-details/10753-124th-st-richmond-hill-ny-11419/6QA1sB0xMoI"
"juCWwGv3Mde","9552 112th St, Richmond Hill S., NY 11419","1400000","9","Triplex","Active","https://onekeymls.com/home-details/9552-112th-st-richmond-hill-s-ny-11419/juCWwGv3Mde"
"cVBYhU9KUBu","13105 135th St, South Ozone Park, NY 11420","699900","2","Single Family Residence","Active","https://onekeymls.com/home-details/13105-135th-st-south-ozone-park-ny-11420/cVBYhU9KUBu"
"ca0tQhoT6DH","13524 126th St, South Ozone Park, NY 11420","1275000","4","Duplex","Active","https://onekeymls.com/home-details/13524-126th-st-south-ozone-park-ny-11420/ca0tQhoT6DH"
"cvJmnUnZqUx","11628 134th St, South Ozone Park, NY 11420","989000","5","Duplex","Active","https://onekeymls.com/home-details/11628-134th-st-south-ozone-park-ny-11420/cvJmnUnZqUx"
"iJ5JMNteN3g","11433 121st St, South Ozone Park, NY 11420","799000","3","Single Family Residence","Active","https://onekeymls.com/home-details/11433-121st-st-south-ozone-park-ny-11420/iJ5JMNteN3g"
"6fTqRhFQIYe","10933 135th St, South Ozone Park, NY 11420","949000","6","Duplex","Active","https://onekeymls.com/home-details/10933-135th-st-south-ozone-park-ny-11420/6fTqRhFQIYe"
"cCuBHta4Ibm","13029 133rd Ave, South Ozone Park, NY 11420","770000","3","Single Family Residence","Active","https://onekeymls.com/home-details/13029-133rd-ave-south-ozone-park-ny-11420/cCuBHta4Ibm"
"d9MeXwq22Vf","12516 Hawtree Creek Rd, South Ozone Park, NY 11420","629999","2","Single Family Residence","Active","https://onekeymls.com/home-details/12516-hawtree-creek-rd-south-ozone-park-ny-11420/d9MeXwq22Vf"
"8Hm5exvxhP7","13539 124th St, South Ozone Park, NY 11420","1999000","5","Single Family Residence","Active","https://onekeymls.com/home-details/13539-124th-st-south-ozone-park-ny-11420/8Hm5exvxhP7"
"c6HAKViiwnD","11633 134th St, Jamaica, NY 11420","739999","4","Duplex","Active","https://onekeymls.com/home-details/11633-134th-st-jamaica-ny-11420/c6HAKViiwnD"
"8JLb3hEQc9B","13534 127th St, South Ozone Park, NY 11420","1200000","6","Duplex","Active","https://onekeymls.com/home-details/13534-127th-st-south-ozone-park-ny-11420/8JLb3hEQc9B"
"6i4xZsqKyo3","13055 123rd St, South Ozone Park, NY 11420","1499000","0","Duplex","Active","https://onekeymls.com/home-details/13055-123rd-st-south-ozone-park-ny-11420/6i4xZsqKyo3"
"bHIqu69VmKD","13347 127th St, South Ozone Park, NY 11420","1049000","3","Single Family Residence","Active","https://onekeymls.com/home-details/13347-127th-st-south-ozone-park-ny-11420/bHIqu69VmKD"
"h7Q7cnquPe4","11140 114th St, South Ozone Park, NY 11420","599000","3","Single Family Residence","Pending","https://onekeymls.com/home-details/11140-114th-st-south-ozone-park-ny-11420/h7Q7cnquPe4"
"jTcLieD94EU","13043 129th St, South Ozone Park, NY 11420","999000","6","Duplex","Active","https://onekeymls.com/home-details/13043-129th-st-south-ozone-park-ny-11420/jTcLieD94EU"
"7ncHP4Znrt","12213 149th Ave, South Ozone Park, NY 11420","809000","4","Single Family Residence","Active","https://onekeymls.com/home-details/12213-149th-ave-south-ozone-park-ny-11420/7ncHP4Znrt"
"ftIuAGCemxY","11139 131st St, South Ozone Park, NY 11420","750000","0","Duplex","Coming Soon","https://onekeymls.com/home-details/11139-131st-st-south-ozone-park-ny-11420/ftIuAGCemxY"
"7TNBw7Ykl9W","12619 Sutter Ave, South Ozone Park, NY 11420","834000","4","Duplex","Pending","https://onekeymls.com/home-details/12619-sutter-ave-south-ozone-park-ny-11420/7TNBw7Ykl9W"
"7X52cBmWOJE","12817 115th Ave, South Ozone Park, NY 11420","1250000","3","Duplex","Active","https://onekeymls.com/home-details/12817-115th-ave-south-ozone-park-ny-11420/7X52cBmWOJE"
"5ogMNvCf3NR","13531 117th St, South Ozone Park, NY 11420","818000","3","Single Family Residence","Active","https://onekeymls.com/home-details/13531-117th-st-south-ozone-park-ny-11420/5ogMNvCf3NR"
"lesZm2Yu7mj","11735 133rd St, South Ozone Park, NY 11420","920000","5","Duplex","Active","https://onekeymls.com/home-details/11735-133rd-st-south-ozone-park-ny-11420/lesZm2Yu7mj"
"9NPrSp6fUEB","14945 122nd St, South Ozone Park, NY 11420","749999","3","Single Family Residence","Active","https://onekeymls.com/home-details/14945-122nd-st-south-ozone-park-ny-11420/9NPrSp6fUEB"
"eLSSRLB8GVH","11551 115th St, South Ozone Park, NY 11420","1245000","7","Duplex","Pending","https://onekeymls.com/home-details/11551-115th-st-south-ozone-park-ny-11420/eLSSRLB8GVH"
"h5Hn46pTgnw","13043 Lefferts Blvd, South Ozone Park, NY 11420","849999","3","Single Family Residence","Active","https://onekeymls.com/home-details/13043-lefferts-blvd-south-ozone-park-ny-11420/h5Hn46pTgnw"
"6qMVB4f0GWS","13342 129th St, South Ozone Park, NY 11420","694500","3","Single Family Residence","Pending","https://onekeymls.com/home-details/13342-129th-st-south-ozone-park-ny-11420/6qMVB4f0GWS"
"G8GpCaIqNV","13248 114th St, South Ozone Park, NY 11420","799000","3","Single Family Residence","Active","https://onekeymls.com/home-details/13248-114th-st-south-ozone-park-ny-11420/G8GpCaIqNV"
"kVq0dBSN9Fi","11403 111th Ave, South Ozone Park, NY 11420","1100000","0","Duplex","Active","https://onekeymls.com/home-details/11403-111th-ave-south-ozone-park-ny-11420/kVq0dBSN9Fi"
"ek1KrAVGoIp","13015 130th St, South Ozone Park, NY 11420","1500000","6","Duplex","Active","https://onekeymls.com/home-details/13015-130th-st-south-ozone-park-ny-11420/ek1KrAVGoIp"
"glMb56vy7eY","10967 131st St, South Ozone Park, NY 11420","975000","4","Single Family Residence","Pending","https://onekeymls.com/home-details/10967-131st-st-south-ozone-park-ny-11420/glMb56vy7eY"
"12mVNzsAFJU","13515 127th St, South Ozone Park, NY 11420","1099999","5","Duplex","Active","https://onekeymls.com/home-details/13515-127th-st-south-ozone-park-ny-11420/12mVNzsAFJU"
"gRNkQZmUUzW","124-01 111, South Ozone Park, NY 11420","889000","3","Duplex","Active","https://onekeymls.com/home-details/124-01-111-south-ozone-park-ny-11420/gRNkQZmUUzW"
"4XrzaoRbXjc","24812 139th Ave, Rosedale, NY 11422","1249000","5","Duplex","Active","https://onekeymls.com/home-details/24812-139th-ave-rosedale-ny-11422/4XrzaoRbXjc"
"j1a527W5KD4","14027 247th St, Rosedale, NY 11422","1555000","6","Duplex","Active","https://onekeymls.com/home-details/14027-247th-st-rosedale-ny-11422/j1a527W5KD4"
"3wKkpJRAWOG","13712 249th St, Jamaica, NY 11422","1250000","9","Duplex","Active","https://onekeymls.com/home-details/13712-249th-st-jamaica-ny-11422/3wKkpJRAWOG"
"i7pX30ROK8Z","14341 243rd St, Rosedale, NY 11422","475000","3","Single Family Residence","Pending","https://onekeymls.com/home-details/14341-243rd-st-rosedale-ny-11422/i7pX30ROK8Z"
"jCG4xRaNWbA","25307 Memphis Ave, Rosedale, NY 11422","1525000","10","Duplex","Active","https://onekeymls.com/home-details/25307-memphis-ave-rosedale-ny-11422/jCG4xRaNWbA"
"hHVZQN3K2Hc","13550 234th St, Rosedale, NY 11422","889000","5","Single Family Residence","Active","https://onekeymls.com/home-details/13550-234th-st-rosedale-ny-11422/hHVZQN3K2Hc"
"2XRSnXmuliC","24361 Mayda Rd, Rosedale, NY 11422","949000","7","Single Family Residence","Active","https://onekeymls.com/home-details/24361-mayda-rd-rosedale-ny-11422/2XRSnXmuliC"
"gbJ8dGBTuLr","24720 136th Rd, Rosedale, NY 11422","1200000","6","Duplex","Active","https://onekeymls.com/home-details/24720-136th-rd-rosedale-ny-11422/gbJ8dGBTuLr"
"3sR5hLExLqS","23811 148th Dr, Rosedale, NY 11422","879000","3","Single Family Residence","Active","https://onekeymls.com/home-details/23811-148th-dr-rosedale-ny-11422/3sR5hLExLqS"
"lRNbRCnpKjR","13611 Brookville Blvd, Rosedale, NY 11422","848000","5","Single Family Residence","Active","https://onekeymls.com/home-details/13611-brookville-blvd-rosedale-ny-11422/lRNbRCnpKjR"
"4INWrsylkyR","24511 149th Rd, Rosedale, NY 11422","1100000","6","Duplex","Active","https://onekeymls.com/home-details/24511-149th-rd-rosedale-ny-11422/4INWrsylkyR"
"5nLAGdVpiv3","14211 254th St, Rosedale, NY 11422","989999","5","Duplex","Pending","https://onekeymls.com/home-details/14211-254th-st-rosedale-ny-11422/5nLAGdVpiv3"
"2iYowYWYPm1","24133 143rd Ave, Rosedale, NY 11422","1398000","7","Duplex","Active","https://onekeymls.com/home-details/24133-143rd-ave-rosedale-ny-11422/2iYowYWYPm1"
"ZWegmx5d8q","13832 242nd St, Rosedale, NY 11422","719990","4","Single Family Residence","Active","https://onekeymls.com/home-details/13832-242nd-st-rosedale-ny-11422/ZWegmx5d8q"
"1FlrD7pnGVV","24311 134th Ave, Rosedale, NY 11422","749000","3","Single Family Residence","Active","https://onekeymls.com/home-details/24311-134th-ave-rosedale-ny-11422/1FlrD7pnGVV"
"gMdpEnGEqsb","25770 145th Ave, Rosedale, NY 11422","1495000","8","Duplex","Active","https://onekeymls.com/home-details/25770-145th-ave-rosedale-ny-11422/gMdpEnGEqsb"
"7qE3xmrI6HK","24713 139th Ave, Rosedale, NY 11422","1450000","6","Duplex","Active","https://onekeymls.com/home-details/24713-139th-ave-rosedale-ny-11422/7qE3xmrI6HK"
"28nMHTPKVAc","13918 250th St, Rosedale, NY 11422","1799000","10","Duplex","Active","https://onekeymls.com/home-details/13918-250th-st-rosedale-ny-11422/28nMHTPKVAc"
"2JmhXbNLkYS","24817 Francis Lewis Blvd, Rosedale, NY 11422","920000","6","Duplex","Active","https://onekeymls.com/home-details/24817-francis-lewis-blvd-rosedale-ny-11422/2JmhXbNLkYS"
"iR3SZe3pgQI","25612 147th Ave, Rosedale, NY 11422","975000","5","Duplex","Active","https://onekeymls.com/home-details/25612-147th-ave-rosedale-ny-11422/iR3SZe3pgQI"
"lP39wcklLaq","24930 147th Rd, Rosedale, NY 11422","949000","3","Single Family Residence","Active","https://onekeymls.com/home-details/24930-147th-rd-rosedale-ny-11422/lP39wcklLaq"
"6hXTZ9ZAeMb","24058 147th Ave, Rosedale, NY 11422","900000","3","Duplex","Active","https://onekeymls.com/home-details/24058-147th-ave-rosedale-ny-11422/6hXTZ9ZAeMb"
"bjL3p1nNROW","13860 234th St, Rosedale, NY 11422","1025000","5","Duplex","Active","https://onekeymls.com/home-details/13860-234th-st-rosedale-ny-11422/bjL3p1nNROW"
"323E1mGOlF0","13631 243rd St, Rosedale, NY 11422","825000","5","Single Family Residence","Active","https://onekeymls.com/home-details/13631-243rd-st-rosedale-ny-11422/323E1mGOlF0"
"5lbKGmfzDeP","14983 254th St, Rosedale, NY 11422","1130000","8","Duplex","Active","https://onekeymls.com/home-details/14983-254th-st-rosedale-ny-11422/5lbKGmfzDeP"
"6AB5RKQt6fh","Undisclosed Address, Rosedale, NY 11422","1325000","6","Duplex","Active","https://onekeymls.com/home-details/undisclosed-address-rosedale-ny-11422/6AB5RKQt6fh"
"6f8qxne8scw","12161 233rd St, Rosedale, NY 11422","675000","3","Single Family Residence","Pending","https://onekeymls.com/home-details/12161-233rd-st-rosedale-ny-11422/6f8qxne8scw"
"kebhupCtxVy","14785 Brookville Blvd, Rosedale, NY 11422","300000","7","Duplex","Pending","https://onekeymls.com/home-details/14785-brookville-blvd-rosedale-ny-11422/kebhupCtxVy"
"eM4ADP26Kkx","14768 259th St, Rosedale, NY 11422","963000","5","Duplex","Pending","https://onekeymls.com/home-details/14768-259th-st-rosedale-ny-11422/eM4ADP26Kkx"
"eWnTb9VG2Kb","Undisclosed Address, Rosedale, NY 11422","980000","7","Single Family Residence","Active","https://onekeymls.com/home-details/undisclosed-address-rosedale-ny-11422/eWnTb9VG2Kb"
"bDXzlwTgj3n","8835 193rd St, Hollis, NY 11423","2000000","5","Single Family Residence","Active","https://onekeymls.com/home-details/8835-193rd-st-hollis-ny-11423/bDXzlwTgj3n"
"8xjaOuk33Ji","8830 182nd St Unit 4D, Hollis, NY 11423","175000","1","Stock Cooperative","Active","https://onekeymls.com/home-details/8830-182nd-st-unit-4d-hollis-ny-11423/8xjaOuk33Ji"
"9mA0KNmUAp4","10033 205th St, Hollis, NY 11423","1299000","6","Duplex","Active","https://onekeymls.com/home-details/10033-205th-st-hollis-ny-11423/9mA0KNmUAp4"
"8wdQZavPNlm","9319 201st St, Hollis, NY 11423","849999","3","Single Family Residence","Active","https://onekeymls.com/home-details/9319-201st-st-hollis-ny-11423/8wdQZavPNlm"
"i4pKMUO6iQH","8833 195th St, Hollis, NY 11423","1799000","5","Single Family Residence","Active","https://onekeymls.com/home-details/8833-195th-st-hollis-ny-11423/i4pKMUO6iQH"
"dEr7TGVhPmm","9012 183rd St, Hollis, NY 11423","499000","3","Single Family Residence","Active","https://onekeymls.com/home-details/9012-183rd-st-hollis-ny-11423/dEr7TGVhPmm"
"7dfi1rzIMnG","8670 Francis Lewis Blvd Unit B51, Queens Village, NY 11427","168000","1","Stock Cooperative","Active","https://onekeymls.com/home-details/8670-francis-lewis-blvd-unit-b51-queens-village-ny-11427/7dfi1rzIMnG"
"hSodOk3JB74","8756 Francis Lewis Blvd Unit A62, Queens Village, NY 11427","199000","1","Stock Cooperative","Active","https://onekeymls.com/home-details/8756-francis-lewis-blvd-unit-a62-queens-village-ny-11427/hSodOk3JB74"
"bG2QlitrSGu","8750 204th St Unit B46, Hollis, NY 11423","240000","2","Stock Cooperative","Active","https://onekeymls.com/home-details/8750-204th-st-unit-b46-hollis-ny-11423/bG2QlitrSGu"
"9aXMvHG03S5","8756 Francis Lewis Blvd Unit A47, Queens Village, NY 11427","190000","1","Stock Cooperative","Active","https://onekeymls.com/home-details/8756-francis-lewis-blvd-unit-a47-queens-village-ny-11427/9aXMvHG03S5"
"6NkCHoE1dkh","8750 204th St Unit B74, Hollis, NY 11423","280000","2","Stock Cooperative","Active","https://onekeymls.com/home-details/8750-204th-st-unit-b74-hollis-ny-11423/6NkCHoE1dkh"
"5JP9QT9ChZG","20415 Foothill Ave Unit B77, Hollis, NY 11423","175000","1","Stock Cooperative","Active","https://onekeymls.com/home-details/20415-foothill-ave-unit-b77-hollis-ny-11423/5JP9QT9ChZG"
"7ecv92sCwY0","20235 Foothill Ave Unit A78, Hollis, NY 11423","270000","2","Stock Cooperative","Active","https://onekeymls.com/home-details/20235-foothill-ave-unit-a78-hollis-ny-11423/7ecv92sCwY0"
"j51jCtc8zq2","18842 Woodhull Ave, Hollis, NY 11423","980000","4","Duplex","Active","https://onekeymls.com/home-details/18842-woodhull-ave-hollis-ny-11423/j51jCtc8zq2"
"78qb7RTkO45","8816 204th St, Hollis, NY 11423","908000","3","Single Family Residence","Pending","https://onekeymls.com/home-details/8816-204th-st-hollis-ny-11423/78qb7RTkO45"
"1zqLXAHetd5","196-23 Dunton Avenue Unit 2B, Holliswood, NY 11423","244997","1","Stock Cooperative","Active","https://onekeymls.com/home-details/196-23-dunton-avenue-unit-2b-holliswood-ny-11423/1zqLXAHetd5"
"1Hwoduspr7X","9051 201st St, Hollis, NY 11423","849000","4","Single Family Residence","Active","https://onekeymls.com/home-details/9051-201st-st-hollis-ny-11423/1Hwoduspr7X"
"hRuMRNCirNZ","8830 182nd St Unit 3F, Hollis, NY 11423","135000","0","Stock Cooperative","Active","https://onekeymls.com/home-details/8830-182nd-st-unit-3f-hollis-ny-11423/hRuMRNCirNZ"
"ixNch1cbahG","10049 198th St, Hollis, NY 11423","869000","4","Single Family Residence","Active","https://onekeymls.com/home-details/10049-198th-st-hollis-ny-11423/ixNch1cbahG"
"5ZVSrTdzZi0","8908 182nd St, Hollis, NY 11423","1099999","0","Duplex","Pending","https://onekeymls.com/home-details/8908-182nd-st-hollis-ny-11423/5ZVSrTdzZi0"
"1MCnpGSVNnZ","20415 Foothill Ave Unit B56, Hollis, NY 11423","280000","2","Stock Cooperative","Active","https://onekeymls.com/home-details/20415-foothill-ave-unit-b56-hollis-ny-11423/1MCnpGSVNnZ"
"l2CaZARc6Pa","8716 Palo Alto St, Hollis, NY 11423","1499000","4","Single Family Residence","Active","https://onekeymls.com/home-details/8716-palo-alto-st-hollis-ny-11423/l2CaZARc6Pa"
"jdBKenAEYCd","19014 Haywood Rd, Hollis, NY 11423","2500000","6","Single Family Residence","Active","https://onekeymls.com/home-details/19014-haywood-rd-hollis-ny-11423/jdBKenAEYCd"
"e48ZCTW6CoQ","20502 Jamaica Ave, Hollis, NY 11423","3549000","","Retail","Active","https://onekeymls.com/home-details/20502-jamaica-ave-hollis-ny-11423/e48ZCTW6CoQ"
"1aiV5PTXb3D","18246 90th Ave, Hollis, NY 11423","799999","3","Single Family Residence","Pending","https://onekeymls.com/home-details/18246-90th-ave-hollis-ny-11423/1aiV5PTXb3D"
"dg5gY2PYyCS","8923 182nd Pl, Hollis, NY 11423","795000","4","Single Family Residence","Pending","https://onekeymls.com/home-details/8923-182nd-pl-hollis-ny-11423/dg5gY2PYyCS"
"bJjq15tfLqt","8938 199th St, Hollis, NY 11423","750000","3","Single Family Residence","Active","https://onekeymls.com/home-details/8938-199th-st-hollis-ny-11423/bJjq15tfLqt"
"dnCQdxuvCG6","87-29 Marengo Street Unit 1C, Holliswood, NY 11423","299000","2","Stock Cooperative","Active","https://onekeymls.com/home-details/87-29-marengo-street-unit-1c-holliswood-ny-11423/dnCQdxuvCG6"
"iBHdZAsSEkZ","9323 202nd St, Hollis, NY 11423","1075000","6","Duplex","Pending","https://onekeymls.com/home-details/9323-202nd-st-hollis-ny-11423/iBHdZAsSEkZ"
"6nAZj6kCFKZ","86-34 Francis Lewis Boulevard, Holliswood, NY 11427","1650000","4","Single Family Residence","Active","https://onekeymls.com/home-details/86-34-francis-lewis-boulevard-holliswood-ny-11427/6nAZj6kCFKZ"
"9Be8DLzxxMw","8220 250th St, Bellerose, NY 11426","1599000","4","Single Family Residence","Active","https://onekeymls.com/home-details/8220-250th-st-bellerose-ny-11426/9Be8DLzxxMw"
"arOLzLF7SLl","8777 254th St, Bellerose, NY 11426","999000","4","Single Family Residence","Active","https://onekeymls.com/home-details/8777-254th-st-bellerose-ny-11426/arOLzLF7SLl"
"bAD4sCwrzD9","8456 252nd St, Bellerose, NY 11426","868000","3","Single Family Residence","Active","https://onekeymls.com/home-details/8456-252nd-st-bellerose-ny-11426/bAD4sCwrzD9"
"gffJbWkSkla","25215 72nd Ave Unit 166A, Bellerose, NY 11426","299000","2","Stock Cooperative","Active","https://onekeymls.com/home-details/25215-72nd-ave-unit-166a-bellerose-ny-11426/gffJbWkSkla"
"kgbcU8EMLd5","24437 89th Ave, Bellerose, NY 11426","849000","3","Single Family Residence","Active","https://onekeymls.com/home-details/24437-89th-ave-bellerose-ny-11426/kgbcU8EMLd5"
"11K8j7YbxUa","247-28 76th Ave Unit A, Bellerose, NY 11426","479999","2","Stock Cooperative","Active","https://onekeymls.com/home-details/247-28-76th-ave-unit-a-bellerose-ny-11426/11K8j7YbxUa"
"2wNTXhBwJVs","8622 251st St, Bellerose, NY 11426","1100000","4","Single Family Residence","Active","https://onekeymls.com/home-details/8622-251st-st-bellerose-ny-11426/2wNTXhBwJVs"
"aAbJCxySeyl","25215 82nd Ave, Bellerose, NY 11426","1535000","4","Single Family Residence","Active","https://onekeymls.com/home-details/25215-82nd-ave-bellerose-ny-11426/aAbJCxySeyl"
"gbchfJap1Mp","8763 253rd St, Bellerose, NY 11426","949000","3","Single Family Residence","Pending","https://onekeymls.com/home-details/8763-253rd-st-bellerose-ny-11426/gbchfJap1Mp"
"iQnuuOVFiZw","8015 250th St, Bellerose, NY 11426","1325000","4","Single Family Residence","Active","https://onekeymls.com/home-details/8015-250th-st-bellerose-ny-11426/iQnuuOVFiZw"
"8fIFDthxinF","8726 249th St, Bellerose, NY 11426","899000","3","Single Family Residence","Active","https://onekeymls.com/home-details/8726-249th-st-bellerose-ny-11426/8fIFDthxinF"
"62y1zmRctJH","9013 247th St, Bellerose, NY 11426","499000","3","Single Family Residence","Pending","https://onekeymls.com/home-details/9013-247th-st-bellerose-ny-11426/62y1zmRctJH"
"2OYtO3pEZ2g","8837 249th St, Bellerose, NY 11426","879000","4","Single Family Residence","Pending","https://onekeymls.com/home-details/8837-249th-st-bellerose-ny-11426/2OYtO3pEZ2g"
"cXtvIpmL4qu","25119 86th Ave, Bellerose, NY 11426","885000","3","Single Family Residence","Pending","https://onekeymls.com/home-details/25119-86th-ave-bellerose-ny-11426/cXtvIpmL4qu"
"bpMmjnaSCGZ","25124 71st Ave Unit 87A, Bellerose, NY 11426","365000","2","Stock Cooperative","Pending","https://onekeymls.com/home-details/25124-71st-ave-unit-87a-bellerose-ny-11426/bpMmjnaSCGZ"
"9DagGwgSmMg","8312 249th St, Bellerose, NY 11426","1498888","3","Single Family Residence","Active","https://onekeymls.com/home-details/8312-249th-st-bellerose-ny-11426/9DagGwgSmMg"
"fhtDxy7nTpa","7633 Commonwealth Blvd Unit A, Bellerose, NY 11426","350000","2","Stock Cooperative","Active","https://onekeymls.com/home-details/7633-commonwealth-blvd-unit-a-bellerose-ny-11426/fhtDxy7nTpa"
"1ikZWQe2EJ","7112 252nd St Unit 71B, Bellerose, NY 11426","275000","1","Stock Cooperative","Pending","https://onekeymls.com/home-details/7112-252nd-st-unit-71b-bellerose-ny-11426/1ikZWQe2EJ"
"cYG7enw2em5","8256 250th St, Bellerose, NY 11426","949000","4","Single Family Residence","Active","https://onekeymls.com/home-details/8256-250th-st-bellerose-ny-11426/cYG7enw2em5"
"lSvs4xBMvXg","8815 Commonwealth Blvd, Bellerose, NY 11426","968000","5","Single Family Residence","Active","https://onekeymls.com/home-details/8815-commonwealth-blvd-bellerose-ny-11426/lSvs4xBMvXg"
"eZDbiIgnTwR","8339 252nd St, Bellerose, NY 11426","1125000","5","Single Family Residence","Active","https://onekeymls.com/home-details/8339-252nd-st-bellerose-ny-11426/eZDbiIgnTwR"
"6baaLL2aAYr","8333 251st St, Bellerose, NY 11426","1249000","4","Single Family Residence","Active","https://onekeymls.com/home-details/8333-251st-st-bellerose-ny-11426/6baaLL2aAYr"
"fcHTPucxmWS","24207 83rd Ave, Bellerose, NY 11426","899990","4","Single Family Residence","Active","https://onekeymls.com/home-details/24207-83rd-ave-bellerose-ny-11426/fcHTPucxmWS"
"4ucFXNJJ4vv","7604 252nd St, Bellerose, NY 11426","975000","4","Duplex","Pending","https://onekeymls.com/home-details/7604-252nd-st-bellerose-ny-11426/4ucFXNJJ4vv"
"dH3lvce7NiL","25143 71st Ave Unit 119B, Bellerose, NY 11426","259000","1","Stock Cooperative","Pending","https://onekeymls.com/home-details/25143-71st-ave-unit-119b-bellerose-ny-11426/dH3lvce7NiL"
"faUGOauCLgV","8941 240th St, Bellerose, NY 11426","1149000","3","Single Family Residence","Active","https://onekeymls.com/home-details/8941-240th-st-bellerose-ny-11426/faUGOauCLgV"
"GfEFAWKMBC","8256 248th St, Bellerose, NY 11426","899000","4","Single Family Residence","Pending","https://onekeymls.com/home-details/8256-248th-st-bellerose-ny-11426/GfEFAWKMBC"
"39aa3vbNppR","7111 252nd St Unit 195B, Bellerose, NY 11426","275000","1","Stock Cooperative","Active","https://onekeymls.com/home-details/7111-252nd-st-unit-195b-bellerose-ny-11426/39aa3vbNppR"
"fGU8UG385hc","25138 71st Ave Unit 80B, Bellerose, NY 11426","259999","1","Stock Cooperative","Active","https://onekeymls.com/home-details/25138-71st-ave-unit-80b-bellerose-ny-11426/fGU8UG385hc"
"lxtQfdRfgpf","8617 253rd St, Bellerose, NY 11426","999999","4","Single Family Residence","Active","https://onekeymls.com/home-details/8617-253rd-st-bellerose-ny-11426/lxtQfdRfgpf"
"kbrNgkHWotj","8920 219th St, Queens Village, NY 11427","760000","3","Single Family Residence","Active","https://onekeymls.com/home-details/8920-219th-st-queens-village-ny-11427/kbrNgkHWotj"
"d2vNN8Gj95k","8805 Winchester Blvd, Queens Village, NY 11427","999000","4","Duplex","Active","https://onekeymls.com/home-details/8805-winchester-blvd-queens-village-ny-11427/d2vNN8Gj95k"
"cxXw2CzaLOz","87-40 Francis Lewis Boulevard Unit 42B, Queens Village, NY 11427","199000","1","Stock Cooperative","Active","https://onekeymls.com/home-details/87-40-francis-lewis-boulevard-unit-42b-queens-village-ny-11427/cxXw2CzaLOz"
"evEyV1eJI2i","8043 236th St, Bellerose Manor, NY 11427","998000","3","Single Family Residence","Coming Soon","https://onekeymls.com/home-details/8043-236th-st-bellerose-manor-ny-11427/evEyV1eJI2i"
"7Pxgq8QpM1R","8972 216th St, Queens Village, NY 11427","899900","4","Single Family Residence","Pending","https://onekeymls.com/home-details/8972-216th-st-queens-village-ny-11427/7Pxgq8QpM1R"
"38Rgl0ITLFp","8952 218th St, Queens Village, NY 11427","825000","3","Duplex","Pending","https://onekeymls.com/home-details/8952-218th-st-queens-village-ny-11427/38Rgl0ITLFp"
"oS0f7nPQxl","87-40 Francis Lewis Unit A65, Queens Village, NY 11427","205000","1","Stock Cooperative","Active","https://onekeymls.com/home-details/87-40-francis-lewis-unit-a65-queens-village-ny-11427/oS0f7nPQxl"
"9vihZdpos7d","22808 Stronghurst Ave Unit Lower, Queens Village, NY 11427","339000","3","Stock Cooperative","Active","https://onekeymls.com/home-details/22808-stronghurst-ave-unit-lower-queens-village-ny-11427/9vihZdpos7d"
"eUbSicNmPby","22402 Stronghurst Ave Unit 208, Queens Village, NY 11427","259000","2","Stock Cooperative","Active","https://onekeymls.com/home-details/22402-stronghurst-ave-unit-208-queens-village-ny-11427/eUbSicNmPby"
"1FKToudFuPa","219-04 Stewart Road, Hollis Hills, NY 11427","1350000","3","Single Family Residence","Active","https://onekeymls.com/home-details/219-04-stewart-road-hollis-hills-ny-11427/1FKToudFuPa"
"csXPsq6MaBj","22601 Hillside Ave Unit 52, Queens Village, NY 11427","270000","2","Stock Cooperative","Pending","https://onekeymls.com/home-details/22601-hillside-ave-unit-52-queens-village-ny-11427/csXPsq6MaBj"
"jBT5MppwTnD","22417 Manor Rd Unit 1, Queens Village, NY 11427","279000","2","Stock Cooperative","Active","https://onekeymls.com/home-details/22417-manor-rd-unit-1-queens-village-ny-11427/jBT5MppwTnD"
"kx7ldbtD0mb","8911 Pontiac St, Queens Village, NY 11427","1200000","0","Duplex","Active","https://onekeymls.com/home-details/8911-pontiac-st-queens-village-ny-11427/kx7ldbtD0mb"
"1QBHxhkTFBi","22414 Hillside Ave Unit 39-7, Queens Village, NY 11427","299900","2","Stock Cooperative","Pending","https://onekeymls.com/home-details/22414-hillside-ave-unit-39-7-queens-village-ny-11427/1QBHxhkTFBi"
"l8cXdNsM8bc","22524 Manor Rd Unit 814, Queens Village, NY 11427","279000","2","Stock Cooperative","Active","https://onekeymls.com/home-details/22524-manor-rd-unit-814-queens-village-ny-11427/l8cXdNsM8bc"
"b4fIvwnfPCl","20962 Whitehall Ter, Queens Village, NY 11427","980000","3","Single Family Residence","Pending","https://onekeymls.com/home-details/20962-whitehall-ter-queens-village-ny-11427/b4fIvwnfPCl"
"lfSSiuXdH8l","22707 Hillside Ave Unit 516, Queens Village, NY 11427","355000","2","Stock Cooperative","Active","https://onekeymls.com/home-details/22707-hillside-ave-unit-516-queens-village-ny-11427/lfSSiuXdH8l"
"kGRGa070ECK","8018 217th, Hollis Hills, NY 11427","1299888","6","Single Family Residence","Active","https://onekeymls.com/home-details/8018-217th-hollis-hills-ny-11427/kGRGa070ECK"
"6ilhUY5hrzk","8026 217th Street, Hollis Hills, NY 11427","1348000","5","Single Family Residence","Active","https://onekeymls.com/home-details/8026-217th-street-hollis-hills-ny-11427/6ilhUY5hrzk"
"h8h4qckHs2a","22535 88th Ave Unit 42-9, Queens Village, NY 11427","258888","2","Stock Cooperative","Active","https://onekeymls.com/home-details/22535-88th-ave-unit-42-9-queens-village-ny-11427/h8h4qckHs2a"
"fQj6QSZWx6E","214-07B Hillside Ave Unit Unit B, Queens Village, NY 11427","269999","1","Stock Cooperative","Active","https://onekeymls.com/home-details/214-07b-hillside-ave-unit-unit-b-queens-village-ny-11427/fQj6QSZWx6E"
"lT7ObhVytzj","22814 Stronghurst Ave Unit 3113, Queens Village, NY 11427","320000","3","Stock Cooperative","Active","https://onekeymls.com/home-details/22814-stronghurst-ave-unit-3113-queens-village-ny-11427/lT7ObhVytzj"
"dG7mJOpa7KY","22723 Hillside Ave Unit Lower, Queens Village, NY 11427","270000","2","Stock Cooperative","Active","https://onekeymls.com/home-details/22723-hillside-ave-unit-lower-queens-village-ny-11427/dG7mJOpa7KY"
"k5ucNzvOBuX","8910 221st Pl, Queens Village, NY 11427","799000","3","Single Family Residence","Pending","https://onekeymls.com/home-details/8910-221st-pl-queens-village-ny-11427/k5ucNzvOBuX"
"2bryBaU3GTY","8242 233rd St, Queens Village, NY 11427","949999","4","Single Family Residence","Pending","https://onekeymls.com/home-details/8242-233rd-st-queens-village-ny-11427/2bryBaU3GTY"
"kq1U15LdxtD","22151 Manor Rd Unit Upper, Queens Village, NY 11427","338000","2","Stock Cooperative","Active","https://onekeymls.com/home-details/22151-manor-rd-unit-upper-queens-village-ny-11427/kq1U15LdxtD"
"f0rAhNea0Ny","8046 213th St, Hollis Hills, NY 11427","1200000","3","Single Family Residence","Pending","https://onekeymls.com/home-details/8046-213th-st-hollis-hills-ny-11427/f0rAhNea0Ny"
"jQhDpHecryO","23611 Seward Ave, Bellerose Manor, NY 11427","989000","3","Single Family Residence","Pending","https://onekeymls.com/home-details/23611-seward-ave-bellerose-manor-ny-11427/jQhDpHecryO"
"1tXPYQun6T","8812 219th St, Queens Village, NY 11427","920000","4","Single Family Residence","Pending","https://onekeymls.com/home-details/8812-219th-st-queens-village-ny-11427/1tXPYQun6T"
"krzaJNbptwH","9210 212th Pl, Queens Village, NY 11428","769000","2","Single Family Residence","Active","https://onekeymls.com/home-details/9210-212th-pl-queens-village-ny-11428/krzaJNbptwH"
"i1FrMacne0c","9221 Winchester Blvd, Queens Village, NY 11428","875000","4","Single Family Residence","Active","https://onekeymls.com/home-details/9221-winchester-blvd-queens-village-ny-11428/i1FrMacne0c"
"cDvZyAVxgln","8901 Moline St, Queens Village, NY 11428","999000","5","Duplex","Active","https://onekeymls.com/home-details/8901-moline-st-queens-village-ny-11428/cDvZyAVxgln"
"d2LWTem4x1Z","9028 212th St, Queens Village, NY 11428","1850000","8","Single Family Residence","Active","https://onekeymls.com/home-details/9028-212th-st-queens-village-ny-11428/d2LWTem4x1Z"
"8569uZmZp3D","9053 Francis Lewis Blvd, Queens Village, NY 11428","859000","4","Single Family Residence","Active","https://onekeymls.com/home-details/9053-francis-lewis-blvd-queens-village-ny-11428/8569uZmZp3D"
"4IcRfZYSD1q","9446 214th Pl, Queens Village, NY 11428","899000","4","Single Family Residence","Active","https://onekeymls.com/home-details/9446-214th-pl-queens-village-ny-11428/4IcRfZYSD1q"
"14hiVQfEM8l","22203 Braddock Ave, Queens Village, NY 11428","1298000","3","Triplex","Active","https://onekeymls.com/home-details/22203-braddock-ave-queens-village-ny-11428/14hiVQfEM8l"
"2lqgAMdeflM","9487 218th St, Queens Village, NY 11428","1798000","13","Triplex","Active","https://onekeymls.com/home-details/9487-218th-st-queens-village-ny-11428/2lqgAMdeflM"
"kM7DhY0Ge5u","21004 94th Ave, Queens Village, NY 11428","849990","4","Duplex","Active","https://onekeymls.com/home-details/21004-94th-ave-queens-village-ny-11428/kM7DhY0Ge5u"
"2WIl7TdxK5M","9423 209th St, Queens Village, NY 11428","735000","3","Single Family Residence","Pending","https://onekeymls.com/home-details/9423-209th-st-queens-village-ny-11428/2WIl7TdxK5M"
"WhAIrAybha","9485 218th St, Queens Village, NY 11428","1598000","11","Triplex","Active","https://onekeymls.com/home-details/9485-218th-st-queens-village-ny-11428/WhAIrAybha"
"gWDDzfpM5f5","9327 215th Pl, Queens Village, NY 11428","769888","4","Single Family Residence","Pending","https://onekeymls.com/home-details/9327-215th-pl-queens-village-ny-11428/gWDDzfpM5f5"
"hFb5nJyfgjH","9230 212th Pl, Queens Village, NY 11428","830000","3","Single Family Residence","Active","https://onekeymls.com/home-details/9230-212th-pl-queens-village-ny-11428/hFb5nJyfgjH"
"5BhqZOGsFGm","9483 218th St, Queens Village, NY 11428","1698000","11","Triplex","Active","https://onekeymls.com/home-details/9483-218th-st-queens-village-ny-11428/5BhqZOGsFGm"
"jEOxJLidE3f","8905 Moline St, Queens Village, NY 11428","949000","5","Single Family Residence","Active","https://onekeymls.com/home-details/8905-moline-st-queens-village-ny-11428/jEOxJLidE3f"
"1ra3zJBTB81","9122 Springfield Blvd, Queens Village, NY 11428","889000","4","Single Family Residence","Active","https://onekeymls.com/home-details/9122-springfield-blvd-queens-village-ny-11428/1ra3zJBTB81"
"4wsneugHZkB","9005 Springfield Blvd, Queens Village, NY 11428","739000","3","Single Family Residence","Active","https://onekeymls.com/home-details/9005-springfield-blvd-queens-village-ny-11428/4wsneugHZkB"
"eKFfcL3MZbP","22420 92nd Ave, Queens Village, NY 11428","968000","3","Single Family Residence","Active","https://onekeymls.com/home-details/22420-92nd-ave-queens-village-ny-11428/eKFfcL3MZbP"
"kmTP613OQ4R","9344 Vanderveer St, Queens Village, NY 11428","670000","3","Single Family Residence","Active","https://onekeymls.com/home-details/9344-vanderveer-st-queens-village-ny-11428/kmTP613OQ4R"
"fHxnkpJ4kLP","9027 218th Pl, Queens Village, NY 11428","730000","2","Single Family Residence","Pending","https://onekeymls.com/home-details/9027-218th-pl-queens-village-ny-11428/fHxnkpJ4kLP"
"eC8v7IHei7T","9411 210th St, Queens Village, NY 11428","1200000","5","Duplex","Active","https://onekeymls.com/home-details/9411-210th-st-queens-village-ny-11428/eC8v7IHei7T"
"jSC70YLdIhj","9255 215th Pl, Queens Village, NY 11428","695000","4","Single Family Residence","Active","https://onekeymls.com/home-details/9255-215th-pl-queens-village-ny-11428/jSC70YLdIhj"
"eP3JE5PbM36","22173 91st Rd, Queens Village, NY 11428","999000","3","Duplex","Pending","https://onekeymls.com/home-details/22173-91st-rd-queens-village-ny-11428/eP3JE5PbM36"
"8AlIx36BFtd","9227 Springfield Blvd, Queens Village, NY 11428","609900","4","Single Family Residence","Active","https://onekeymls.com/home-details/9227-springfield-blvd-queens-village-ny-11428/8AlIx36BFtd"
"9CpZkQtLVqK","9440 Springfield Blvd, Queens Village, NY 11428","1199988","6","Single Family Residence","Active","https://onekeymls.com/home-details/9440-springfield-blvd-queens-village-ny-11428/9CpZkQtLVqK"
"fp3NsyetGN5","9030 Vanderveer St, Queens Village, NY 11428","869000","3","Single Family Residence","Active","https://onekeymls.com/home-details/9030-vanderveer-st-queens-village-ny-11428/fp3NsyetGN5"
"gE1CrR3tgsL","22289 Braddock Ave Unit 3E, Bellerose, NY 11428","229000","1","Stock Cooperative","Active","https://onekeymls.com/home-details/22289-braddock-ave-unit-3e-bellerose-ny-11428/gE1CrR3tgsL"
"bDRDHGQB7EF","22289 Braddock Ave Unit 5A, Bellerose, NY 11428","225000","1","Stock Cooperative","Active","https://onekeymls.com/home-details/22289-braddock-ave-unit-5a-bellerose-ny-11428/bDRDHGQB7EF"
"3JartZkTSUx","9360 208th St, Queens Village, NY 11428","810000","3","Single Family Residence","Active","https://onekeymls.com/home-details/9360-208th-st-queens-village-ny-11428/3JartZkTSUx"
"3xjLfXn8O1x","9444 214th St, Queens Village, NY 11428","1299000","6","Duplex","Pending","https://onekeymls.com/home-details/9444-214th-st-queens-village-ny-11428/3xjLfXn8O1x"
"5NRa2EHkG0F","21432 112th Rd, Queens Village, NY 11429","899000","4","Single Family Residence","Active","https://onekeymls.com/home-details/21432-112th-rd-queens-village-ny-11429/5NRa2EHkG0F"
"gqdzxx4XENH","22724 Murdock Ave, Queens Village, NY 11429","950000","6","Single Family Residence","Active","https://onekeymls.com/home-details/22724-murdock-ave-queens-village-ny-11429/gqdzxx4XENH"
"d3lUZZTrUer","21708 110th Rd, Queens Village, NY 11429","825000","4","Single Family Residence","Active","https://onekeymls.com/home-details/21708-110th-rd-queens-village-ny-11429/d3lUZZTrUer"
"3KNKtR4xIoy","21825 104th Ave, Queens Village, NY 11429","799000","3","Single Family Residence","Active","https://onekeymls.com/home-details/21825-104th-ave-queens-village-ny-11429/3KNKtR4xIoy"
"6FhpVXOVY19","21907 101st Ave, Queens Village, NY 11429","949999","3","Single Family Residence","Active","https://onekeymls.com/home-details/21907-101st-ave-queens-village-ny-11429/6FhpVXOVY19"
"5G2wLtVgoSi","10515 220th St, Queens Village, NY 11429","799000","3","Single Family Residence","Active","https://onekeymls.com/home-details/10515-220th-st-queens-village-ny-11429/5G2wLtVgoSi"
"24LmLcoxX3u","10306 220th St, Queens Village, NY 11429","699999","3","Single Family Residence","Active","https://onekeymls.com/home-details/10306-220th-st-queens-village-ny-11429/24LmLcoxX3u"
"iiqtoSdnkSi","11238 212th St, Queens Village, NY 11429","1049999","7","Single Family Residence","Active","https://onekeymls.com/home-details/11238-212th-st-queens-village-ny-11429/iiqtoSdnkSi"
"5vkBuuLw2id","22130 103rd Ave, Queens Village, NY 11429","798000","3","Single Family Residence","Active","https://onekeymls.com/home-details/22130-103rd-ave-queens-village-ny-11429/5vkBuuLw2id"
"hsMwBealNnK","11147 Witthoff Ave, Queens Village, NY 11429","949000","4","Single Family Residence","Pending","https://onekeymls.com/home-details/11147-witthoff-ave-queens-village-ny-11429/hsMwBealNnK"
"kM1jhu2ddWY","Undisclosed Address, Queens Village, NY 11429","2100000","5","Duplex","Active","https://onekeymls.com/home-details/undisclosed-address-queens-village-ny-11429/kM1jhu2ddWY"
"9skwHIU8gVs","22016 107th Ave, Queens Village, NY 11429","849000","3","Single Family Residence","Active","https://onekeymls.com/home-details/22016-107th-ave-queens-village-ny-11429/9skwHIU8gVs"
"fv8xn7SZSWv","10916 221st St, Queens Village, NY 11429","829000","3","Single Family Residence","Active","https://onekeymls.com/home-details/10916-221st-st-queens-village-ny-11429/fv8xn7SZSWv"
"d5G6PjEbLxj","22118 110th Ave, Queens Village, NY 11429","779000","4","Single Family Residence","Pending","https://onekeymls.com/home-details/22118-110th-ave-queens-village-ny-11429/d5G6PjEbLxj"
"gi0iWOFk6hH","20953 111th Ave, Queens Village, NY 11429","750000","3","Single Family Residence","Coming Soon","https://onekeymls.com/home-details/20953-111th-ave-queens-village-ny-11429/gi0iWOFk6hH"
"74YY1aJ5vRE","10315 217th St, Queens Village, NY 11429","1499999","6","Duplex","Active","https://onekeymls.com/home-details/10315-217th-st-queens-village-ny-11429/74YY1aJ5vRE"
"gFdtm5Bylx7","11301 209th St, Queens Village, NY 11429","799995","4","Single Family Residence","Active","https://onekeymls.com/home-details/11301-209th-st-queens-village-ny-11429/gFdtm5Bylx7"
"etaaJ0zyXuJ","22726 113th Dr, Queens Village, NY 11429","745999","4","Single Family Residence","Active","https://onekeymls.com/home-details/22726-113th-dr-queens-village-ny-11429/etaaJ0zyXuJ"
"kT4DKqimUku","10920 221st St, Queens Village, NY 11429","895000","4","Single Family Residence","Active","https://onekeymls.com/home-details/10920-221st-st-queens-village-ny-11429/kT4DKqimUku"
"cYnWlat4UPC","10469 Springfield Blvd, Queens Village, NY 11429","1200000","5","Single Family Residence","Active","https://onekeymls.com/home-details/10469-springfield-blvd-queens-village-ny-11429/cYnWlat4UPC"
"373BWvzBVD9","9970 211th St, Queens Village, NY 11429","799000","5","Single Family Residence","Active","https://onekeymls.com/home-details/9970-211th-st-queens-village-ny-11429/373BWvzBVD9"
"f5PTAnuqPGv","10130 224th St, Queens Village, NY 11429","719000","5","Single Family Residence","Active","https://onekeymls.com/home-details/10130-224th-st-queens-village-ny-11429/f5PTAnuqPGv"
"8dAP8n9mM2r","10807 Monterey St, Queens Village, NY 11429","1200000","6","Duplex","Pending","https://onekeymls.com/home-details/10807-monterey-st-queens-village-ny-11429/8dAP8n9mM2r"
"6VRK9Blku5x","10048 222nd St, Queens Village, NY 11429","795000","3","Single Family Residence","Pending","https://onekeymls.com/home-details/10048-222nd-st-queens-village-ny-11429/6VRK9Blku5x"
"hNJBIru6iF2","21510 99th Ave, Queens Village, NY 11429","850000","5","Duplex","Active","https://onekeymls.com/home-details/21510-99th-ave-queens-village-ny-11429/hNJBIru6iF2"
"iNC1dIgKopJ","10949 215th St, Queens Village, NY 11429","1250000","6","Duplex","Active","https://onekeymls.com/home-details/10949-215th-st-queens-village-ny-11429/iNC1dIgKopJ"
"kDSC81DbL4j","10209 216th St, Queens Village, NY 11429","579000","3","Single Family Residence","Pending","https://onekeymls.com/home-details/10209-216th-st-queens-village-ny-11429/kDSC81DbL4j"
"cEqszrACRYO","10221 213th St, Queens Village, NY 11429","1300000","6","Duplex","Active","https://onekeymls.com/home-details/10221-213th-st-queens-village-ny-11429/cEqszrACRYO"
"184WIuZLh50","22015 101st Ave, Queens Village, NY 11429","749000","3","Single Family Residence","Active","https://onekeymls.com/home-details/22015-101st-ave-queens-village-ny-11429/184WIuZLh50"
"im7XTSKsyyf","10424 208th St, Queens Village, NY 11429","949999","5","Single Family Residence","Active","https://onekeymls.com/home-details/10424-208th-st-queens-village-ny-11429/im7XTSKsyyf"
"lNzj620R9XC","17343 103rd Rd, Jamaica, NY 11433","789000","4","Single Family Residence","Active","https://onekeymls.com/home-details/17343-103rd-rd-jamaica-ny-11433/lNzj620R9XC"
"abGZJU2N4C9","173-43 103 Avenue, Jamaica South, NY 11433","789000","4","Single Family Residence","Active","https://onekeymls.com/home-details/173-43-103-avenue-jamaica-south-ny-11433/abGZJU2N4C9"
"WuhrIrHFim","9216 173rd St, Jamaica, NY 11433","899999","5","Duplex","Active","https://onekeymls.com/home-details/9216-173rd-st-jamaica-ny-11433/WuhrIrHFim"
"iMMkt9dYjrG","10407 177th St, Jamaica, NY 11433","975000","6","Duplex","Active","https://onekeymls.com/home-details/10407-177th-st-jamaica-ny-11433/iMMkt9dYjrG"
"lfmLXVmgTQA","11124 170th St, Jamaica, NY 11433","725000","3","Single Family Residence","Active","https://onekeymls.com/home-details/11124-170th-st-jamaica-ny-11433/lfmLXVmgTQA"
"j6uasopeki7","11020 Union Hall St, Jamaica, NY 11433","1075990","6","Manufactured On Land","Active","https://onekeymls.com/home-details/11020-union-hall-st-jamaica-ny-11433/j6uasopeki7"
"9e48UnbqYeT","15311 110th Rd, Jamaica, NY 11433","1049000","5","Duplex","Active","https://onekeymls.com/home-details/15311-110th-rd-jamaica-ny-11433/9e48UnbqYeT"
"kM7atAkwzSR","10628 Guy R Brewer Blvd, Jamaica, NY 11433","1100000","6","Duplex","Active","https://onekeymls.com/home-details/10628-guy-r-brewer-blvd-jamaica-ny-11433/kM7atAkwzSR"
"4abScZf0kTG","16415 104th Rd, Jamaica, NY 11433","999000","5","Duplex","Pending","https://onekeymls.com/home-details/16415-104th-rd-jamaica-ny-11433/4abScZf0kTG"
"36cpRSQ0Dft","11126 177th St, Jamaica, NY 11433","1749000","10","Duplex","Pending","https://onekeymls.com/home-details/11126-177th-st-jamaica-ny-11433/36cpRSQ0Dft"
"eM5Csler5BH","10821 174th St, Jamaica, NY 11433","1199800","6","Single Family Residence","Active","https://onekeymls.com/home-details/10821-174th-st-jamaica-ny-11433/eM5Csler5BH"
"c7GZuKLnmPe","10460 165th St, Jamaica, NY 11433","999000","5","Duplex","Active","https://onekeymls.com/home-details/10460-165th-st-jamaica-ny-11433/c7GZuKLnmPe"
"kH7oMzLf510","10916 176th St, Jamaica, NY 11433","817900","6","Duplex","Active","https://onekeymls.com/home-details/10916-176th-st-jamaica-ny-11433/kH7oMzLf510"
"kklCCUEtKWr","9214 168th Pl, Jamaica, NY 11433","775000","3","Single Family Residence","Active","https://onekeymls.com/home-details/9214-168th-pl-jamaica-ny-11433/kklCCUEtKWr"
"f5CwD1r4vnD","15011 Arlington Ter, Jamaica, NY 11433","725000","3","Single Family Residence","Active","https://onekeymls.com/home-details/15011-arlington-ter-jamaica-ny-11433/f5CwD1r4vnD"
"etcUssPkQvL","11043 159th St, Jamaica, NY 11433","950000","4","Single Family Residence","Active","https://onekeymls.com/home-details/11043-159th-st-jamaica-ny-11433/etcUssPkQvL"
"2Sprcf8Pgnl","11219 176th St, Jamaica, NY 11433","969000","4","Single Family Residence","Active","https://onekeymls.com/home-details/11219-176th-st-jamaica-ny-11433/2Sprcf8Pgnl"
"62uJSQxwGmv","10707 157th St, Jamaica, NY 11433","699000","3","Single Family Residence","Active","https://onekeymls.com/home-details/10707-157th-st-jamaica-ny-11433/62uJSQxwGmv"
"cFOfJhANXVy","17133 104th Ave, Jamaica, NY 11433","950000","4","Duplex","Active","https://onekeymls.com/home-details/17133-104th-ave-jamaica-ny-11433/cFOfJhANXVy"
"kK52fg4wMar","11133 173rd St, Jamaica, NY 11433","680000","3","Single Family Residence","Active","https://onekeymls.com/home-details/11133-173rd-st-jamaica-ny-11433/kK52fg4wMar"
"8kgOkwrdUzp","10749 160th St, Jamaica, NY 11433","565000","4","Single Family Residence","Pending","https://onekeymls.com/home-details/10749-160th-st-jamaica-ny-11433/8kgOkwrdUzp"
"9iB2EtojKWC","17138 105th Ave, Jamaica, NY 11433","899000","7","Duplex","Pending","https://onekeymls.com/home-details/17138-105th-ave-jamaica-ny-11433/9iB2EtojKWC"
"apXXqoiZ7nI","15603 111th Ave, Jamaica, NY 11433","779000","3","Single Family Residence","Active","https://onekeymls.com/home-details/15603-111th-ave-jamaica-ny-11433/apXXqoiZ7nI"
"87Tv5pBscgZ","11116 170th St, Jamaica, NY 11433","1189990","6","Duplex","Pending","https://onekeymls.com/home-details/11116-170th-st-jamaica-ny-11433/87Tv5pBscgZ"
"jWCdlAl1U24","11137 156th St, Jamaica, NY 11433","799000","0","Duplex","Active","https://onekeymls.com/home-details/11137-156th-st-jamaica-ny-11433/jWCdlAl1U24"
"7nlBZQCbq1G","10706 Guy R Brewer Blvd Unit 8B, Jamaica, NY 11433","448000","3","Condominium","Pending","https://onekeymls.com/home-details/10706-guy-r-brewer-blvd-unit-8b-jamaica-ny-11433/7nlBZQCbq1G"
"5n6Uv6RxKHU","15916 Meyer Ave, Jamaica, NY 11433","950000","2","Single Family Residence","Pending","https://onekeymls.com/home-details/15916-meyer-ave-jamaica-ny-11433/5n6Uv6RxKHU"
"5WLQr86HpIh","9310 177th St, Jamaica, NY 11433","818000","3","Duplex","Active","https://onekeymls.com/home-details/9310-177th-st-jamaica-ny-11433/5WLQr86HpIh"
"3hv9D6t7fL6","10641 160th St, Jamaica, NY 11433","569000","3","Single Family Residence","Active","https://onekeymls.com/home-details/10641-160th-st-jamaica-ny-11433/3hv9D6t7fL6"
"k3yc5RqcbVO","16006 111th Ave, Jamaica, NY 11433","749000","4","Single Family Residence","Active","https://onekeymls.com/home-details/16006-111th-ave-jamaica-ny-11433/k3yc5RqcbVO"
"gHW3A7IiY5O","17834 Selover Rd, Jamaica, NY 11434","1225000","6","Duplex","Active","https://onekeymls.com/home-details/17834-selover-rd-jamaica-ny-11434/gHW3A7IiY5O"
"9SQ1LHu73Di","17841 Anderson Road, Rochdale, NY 11434","1100000","5","Duplex","Active","https://onekeymls.com/home-details/17841-anderson-road-rochdale-ny-11434/9SQ1LHu73Di"
"fhp543A42S1","11616 167th St, Jamaica, NY 11434","860000","4","Single Family Residence","Active","https://onekeymls.com/home-details/11616-167th-st-jamaica-ny-11434/fhp543A42S1"
"ahHypUZ5FLm","15209 118th Ave, Jamaica, NY 11434","649000","2","Single Family Residence","Active","https://onekeymls.com/home-details/15209-118th-ave-jamaica-ny-11434/ahHypUZ5FLm"
"jTHyabbMOGF","17643 133rd Rd, Jamaica, NY 11434","1459000","8","Duplex","Active","https://onekeymls.com/home-details/17643-133rd-rd-jamaica-ny-11434/jTHyabbMOGF"
"3M3A5qrCj3J","15311 124th Ave, Jamaica, NY 11434","1549000","8","Duplex","Active","https://onekeymls.com/home-details/15311-124th-ave-jamaica-ny-11434/3M3A5qrCj3J"
"dC6rNxOpINs","17021 118th Ave, Jamaica, NY 11434","1100000","6","Duplex","Active","https://onekeymls.com/home-details/17021-118th-ave-jamaica-ny-11434/dC6rNxOpINs"
"94EKVhLGaUe","121-28 172 St Street, Baisley Park, NY 11434","1448000","8","Duplex","Active","https://onekeymls.com/home-details/121-28-172-st-street-baisley-park-ny-11434/94EKVhLGaUe"
"6wkzvCQ3yrT","12720 160th St, Jamaica, NY 11434","1490000","8","Duplex","Active","https://onekeymls.com/home-details/12720-160th-st-jamaica-ny-11434/6wkzvCQ3yrT"
"9C5kar7jNf2","11956 167th St, Jamaica, NY 11434","1349000","8","Duplex","Active","https://onekeymls.com/home-details/11956-167th-st-jamaica-ny-11434/9C5kar7jNf2"
"84d71XMW8Ov","14039 169th St, Jamaica, NY 11434","675000","2","Single Family Residence","Active","https://onekeymls.com/home-details/14039-169th-st-jamaica-ny-11434/84d71XMW8Ov"
"7D29qFNV160","11545 172nd St, Jamaica, NY 11434","770000","3","Single Family Residence","Active","https://onekeymls.com/home-details/11545-172nd-st-jamaica-ny-11434/7D29qFNV160"
"6EbZwohFhtg","15520 132nd Ave, Jamaica, NY 11434","1485000","8","Duplex","Active","https://onekeymls.com/home-details/15520-132nd-ave-jamaica-ny-11434/6EbZwohFhtg"
"eKlztGfQhxy","14043 172nd St, Jamaica, NY 11434","1050000","6","Duplex","Active","https://onekeymls.com/home-details/14043-172nd-st-jamaica-ny-11434/eKlztGfQhxy"
"6nHQZTBQJY4","17453 128th Ave, Jamaica, NY 11434","1088000","7","Duplex","Active","https://onekeymls.com/home-details/17453-128th-ave-jamaica-ny-11434/6nHQZTBQJY4"
"2D1eCMsdzZy","17719 Troutville Rd, Jamaica, NY 11434","799999","3","Duplex","Active","https://onekeymls.com/home-details/17719-troutville-rd-jamaica-ny-11434/2D1eCMsdzZy"
"9Z9MhNEPXRu","13734 167th St, Jamaica, NY 11434","1999999","","Mixed Use","Active","https://onekeymls.com/home-details/13734-167th-st-jamaica-ny-11434/9Z9MhNEPXRu"
"9N93h8HqyP0","16960 144th Road, Springfield Gardens, NY 11434","725000","3","Single Family Residence","Active","https://onekeymls.com/home-details/16960-144th-road-springfield-gardens-ny-11434/9N93h8HqyP0"
"icOTzMrxCHj","12028 178th St, Jamaica, NY 11434","689000","3","Single Family Residence","Active","https://onekeymls.com/home-details/12028-178th-st-jamaica-ny-11434/icOTzMrxCHj"
"7XTYGdbkUkK","16815 116th Ave, Jamaica, NY 11434","825000","4","Duplex","Pending","https://onekeymls.com/home-details/16815-116th-ave-jamaica-ny-11434/7XTYGdbkUkK"
"5WGCsnFPL0R","13715 170th St, Jamaica, NY 11434","799999","4","Single Family Residence","Active","https://onekeymls.com/home-details/13715-170th-st-jamaica-ny-11434/5WGCsnFPL0R"
"8IIwY6z6QpF","15511 115th Dr, Jamaica, NY 11434","789888","3","Duplex","Active","https://onekeymls.com/home-details/15511-115th-dr-jamaica-ny-11434/8IIwY6z6QpF"
"7NjMCgKFGld","11481 178th Street, Saint Albans, NY 11434","929000","5","Single Family Residence","Active","https://onekeymls.com/home-details/11481-178th-street-saint-albans-ny-11434/7NjMCgKFGld"
"d7yzdwodX9P","17921 143rd Ave, Jamaica, NY 11434","719888","3","Single Family Residence","Active","https://onekeymls.com/home-details/17921-143rd-ave-jamaica-ny-11434/d7yzdwodX9P"
"aKnJfvhElDa","11504 180th St, Addisleigh Park, NY 11434","949900","7","Single Family Residence","Active","https://onekeymls.com/home-details/11504-180th-st-addisleigh-park-ny-11434/aKnJfvhElDa"
"fYcfQlZJcU6","145-33 157th Street, Rochdale, NY 11434","819000","5","Single Family Residence","Active","https://onekeymls.com/home-details/145-33-157th-street-rochdale-ny-11434/fYcfQlZJcU6"
"3srwWoIsZHW","16108 Baisley Blvd, Jamaica, NY 11434","1050000","5","Duplex","Active","https://onekeymls.com/home-details/16108-baisley-blvd-jamaica-ny-11434/3srwWoIsZHW"
"kKqoNX1r6U0","179-49 Selover Road, Springfield Gardens, NY 11434","749999","3","Single Family Residence","Active","https://onekeymls.com/home-details/179-49-selover-road-springfield-gardens-ny-11434/kKqoNX1r6U0"
"2HV6d9Ee9q8","11903 Sutphin Blvd, Jamaica, NY 11434","422400","","Other","Active","https://onekeymls.com/home-details/11903-sutphin-blvd-jamaica-ny-11434/2HV6d9Ee9q8"
"kpwugjWhb7","16604 144th Avenue, Springfield Gardens, NY 11434","665000","4","Single Family Residence","Pending","https://onekeymls.com/home-details/16604-144th-avenue-springfield-gardens-ny-11434/kpwugjWhb7"
"5bYRX8ueCNY","11412 142nd St, South Ozone Park, NY 11436","1100000","5","Duplex","Active","https://onekeymls.com/home-details/11412-142nd-st-south-ozone-park-ny-11436/5bYRX8ueCNY"
"7drbsoihuLW","11940 146th St, Jamaica, NY 11436","775000","3","Duplex","Active","https://onekeymls.com/home-details/11940-146th-st-jamaica-ny-11436/7drbsoihuLW"
"dy7luAiGAgm","14718 Foch Blvd, South Ozone Park, NY 11436","769000","3","Single Family Residence","Active","https://onekeymls.com/home-details/14718-foch-blvd-south-ozone-park-ny-11436/dy7luAiGAgm"
"h6Cio8VQweX","11640 141st St, Jamaica, NY 11436","798000","3","Single Family Residence","Active","https://onekeymls.com/home-details/11640-141st-st-jamaica-ny-11436/h6Cio8VQweX"
"3am14dA0Z74","11620 145th St, Jamaica, NY 11436","1439999","6","Duplex","Active","https://onekeymls.com/home-details/11620-145th-st-jamaica-ny-11436/3am14dA0Z74"
"blMUf5M7Yv","11636 147th St, Jamaica, NY 11436","689000","3","Single Family Residence","Active","https://onekeymls.com/home-details/11636-147th-st-jamaica-ny-11436/blMUf5M7Yv"
"e2g41RKjFVB","12814 144th St, Jamaica, NY 11436","950000","4","Duplex","Active","https://onekeymls.com/home-details/12814-144th-st-jamaica-ny-11436/e2g41RKjFVB"
"7y1ydlr5EhF","14515 130th Ave, Jamaica, NY 11436","979000","6","Duplex","Active","https://onekeymls.com/home-details/14515-130th-ave-jamaica-ny-11436/7y1ydlr5EhF"
"iiqL1b0yow6","11934 145th St, Jamaica, NY 11436","869000","3","Single Family Residence","Active","https://onekeymls.com/home-details/11934-145th-st-jamaica-ny-11436/iiqL1b0yow6"
"bnGgM8ieRBg","11614 141st St, Jamaica, NY 11436","819000","4","Single Family Residence","Active","https://onekeymls.com/home-details/11614-141st-st-jamaica-ny-11436/bnGgM8ieRBg"
"fKahhbCIf6T","11926 Inwood St, Jamaica, NY 11436","750000","2","Single Family Residence","Active","https://onekeymls.com/home-details/11926-inwood-st-jamaica-ny-11436/fKahhbCIf6T"
"jGMQyzEFBw4","13903 115th Ave, Jamaica, NY 11436","840000","3","Duplex","Pending","https://onekeymls.com/home-details/13903-115th-ave-jamaica-ny-11436/jGMQyzEFBw4"
"1a77Ptx7ahi","11727 143rd St, Jamaica, NY 11436","575000","2","Single Family Residence","Pending","https://onekeymls.com/home-details/11727-143rd-st-jamaica-ny-11436/1a77Ptx7ahi"
"lqVBlUxfyRt","14514 Sutter Ave, South Ozone Park, NY 11436","689000","3","Single Family Residence","Active","https://onekeymls.com/home-details/14514-sutter-ave-south-ozone-park-ny-11436/lqVBlUxfyRt"
"3jXPtNkFSUr","13030 145th St, Jamaica, NY 11436","675000","4","Single Family Residence","Pending","https://onekeymls.com/home-details/13030-145th-st-jamaica-ny-11436/3jXPtNkFSUr"
"hn7v9iNQXc3","14508 123rd Ave, Jamaica, NY 11436","669000","4","Single Family Residence","Active","https://onekeymls.com/home-details/14508-123rd-ave-jamaica-ny-11436/hn7v9iNQXc3"
"bE9r0ltGdKR","11429 147th St, Jamaica, NY 11436","675000","2","Single Family Residence","Active","https://onekeymls.com/home-details/11429-147th-st-jamaica-ny-11436/bE9r0ltGdKR"
"cv36CiBr3eg","11705 145th St, Jamaica, NY 11436","1099000","6","Duplex","Coming Soon","https://onekeymls.com/home-details/11705-145th-st-jamaica-ny-11436/cv36CiBr3eg"
"4b2g0uHeFJt","115-30 142nd 142 Street, Jamaica, NY 11436","1550000","0","Duplex","Active","https://onekeymls.com/home-details/115-30-142nd-142-street-jamaica-ny-11436/4b2g0uHeFJt"
"gy70UoIwvXa","11420 149th St, Jamaica, NY 11436","799000","4","Single Family Residence","Active","https://onekeymls.com/home-details/11420-149th-st-jamaica-ny-11436/gy70UoIwvXa"
"9LAzhiuG5DU","11727 142nd Pl, Jamaica, NY 11436","639000","2","Single Family Residence","Active","https://onekeymls.com/home-details/11727-142nd-pl-jamaica-ny-11436/9LAzhiuG5DU"
"8D2jBELTaJb","12020 142nd Pl, Jamaica, NY 11436","750000","3","Single Family Residence","Active","https://onekeymls.com/home-details/12020-142nd-pl-jamaica-ny-11436/8D2jBELTaJb"
"ay2jb5chKaO","14605 133rd Ave, Jamaica, NY 11436","1687500","8","Duplex","Active","https://onekeymls.com/home-details/14605-133rd-ave-jamaica-ny-11436/ay2jb5chKaO"
"lgj4KlfPN0k","117-67 140th Street, Jamaica, NY 11436","799900","4","Single Family Residence","Pending","https://onekeymls.com/home-details/117-67-140th-street-jamaica-ny-11436/lgj4KlfPN0k"
"5DhzkVAi7V0","13021 140th St, Jamaica, NY 11436","1100000","6","Duplex","Active","https://onekeymls.com/home-details/13021-140th-st-jamaica-ny-11436/5DhzkVAi7V0"
"1ZKJ1I4HQxs","11645 146th St, Jamaica, NY 11436","799000","3","Duplex","Active","https://onekeymls.com/home-details/11645-146th-st-jamaica-ny-11436/1ZKJ1I4HQxs"
"9gbhBIOZ2Ub","117-22 142nd Place, Queens, NY 11436","500000","3","Single Family Residence","Active","https://onekeymls.com/home-details/117-22-142nd-place-queens-ny-11436/9gbhBIOZ2Ub"
"a5COOZIO7mN","11722 142nd Pl, Jamaica, NY 11436","500000","3","Single Family Residence","Active","https://onekeymls.com/home-details/11722-142nd-pl-jamaica-ny-11436/a5COOZIO7mN"
"9gPJGzzPgtu","11425 148th St, Jamaica, NY 11436","1099000","5","Duplex","Pending","https://onekeymls.com/home-details/11425-148th-st-jamaica-ny-11436/9gPJGzzPgtu"
"dYjniuJgnlJ","14019 Sutter Ave, Jamaica, NY 11436","899000","4","Single Family Residence","Pending","https://onekeymls.com/home-details/14019-sutter-ave-jamaica-ny-11436/dYjniuJgnlJ"
"5DbfWMeesFf","109 Leverich St, Hempstead, NY 11550","899000","4","Single Family Residence","Active","https://onekeymls.com/home-details/109-leverich-st-hempstead-ny-11550/5DbfWMeesFf"
"hDcDtzCO6Gv","104 Phoenix St, Hempstead, NY 11550","700000","4","Single Family Residence","Active","https://onekeymls.com/home-details/104-phoenix-st-hempstead-ny-11550/hDcDtzCO6Gv"
"9yEeWh9SDwO","48 Cliff Ave, Hempstead, NY 11550","750000","4","Single Family Residence","Active","https://onekeymls.com/home-details/48-cliff-ave-hempstead-ny-11550/9yEeWh9SDwO"
"4UmiYwUMnUx","130 Boylston St, Hempstead, NY 11550","749999","3","Single Family Residence","Active","https://onekeymls.com/home-details/130-boylston-st-hempstead-ny-11550/4UmiYwUMnUx"
"9SWvVmPsCdd","34 Frazier St, Hempstead, NY 11550","739999","4","Single Family Residence","Active","https://onekeymls.com/home-details/34-frazier-st-hempstead-ny-11550/9SWvVmPsCdd"
"gGIA4wOMh00","15 Prospect Pl, Hempstead, NY 11550","829000","4","Single Family Residence","Active","https://onekeymls.com/home-details/15-prospect-pl-hempstead-ny-11550/gGIA4wOMh00"
"eByM0xJVTLl","22 Mason St, Hempstead, NY 11550","699000","3","Single Family Residence","Active","https://onekeymls.com/home-details/22-mason-st-hempstead-ny-11550/eByM0xJVTLl"
"68MNZ8i1f3S","695 Front St, Hempstead, NY 11550","749999","4","Duplex","Active","https://onekeymls.com/home-details/695-front-st-hempstead-ny-11550/68MNZ8i1f3S"
"1RkVB44h9O9","54 Surrey Ln, Hempstead, NY 11550","650000","3","Single Family Residence","Active","https://onekeymls.com/home-details/54-surrey-ln-hempstead-ny-11550/1RkVB44h9O9"
"k21nsB9WKZF","104 Grove St, Hempstead, NY 11550","849000","6","Duplex","Active","https://onekeymls.com/home-details/104-grove-st-hempstead-ny-11550/k21nsB9WKZF"
"5f7Seo9gnQS","6 Harold Ave, Hempstead, NY 11550","824000","4","Single Family Residence","Active","https://onekeymls.com/home-details/6-harold-ave-hempstead-ny-11550/5f7Seo9gnQS"
"k8UpYJsg735","27 Hapsburg Pl, Hempstead, NY 11550","699000","5","Single Family Residence","Pending","https://onekeymls.com/home-details/27-hapsburg-pl-hempstead-ny-11550/k8UpYJsg735"
"3QoISI4szmW","162 Princeton St, Hempstead, NY 11550","619999","4","Single Family Residence","Active","https://onekeymls.com/home-details/162-princeton-st-hempstead-ny-11550/3QoISI4szmW"
"cvuaqq5vcoK","Undisclosed Address, Hempstead, NY 11550","725000","4","Single Family Residence","Active","https://onekeymls.com/home-details/undisclosed-address-hempstead-ny-11550/cvuaqq5vcoK"
"krl7fKS1eYp","2 Fordham Pl, Hempstead, NY 11550","699000","3","Single Family Residence","Active","https://onekeymls.com/home-details/2-fordham-pl-hempstead-ny-11550/krl7fKS1eYp"
"3aemwPRzECK","133 Booth St, Hempstead, NY 11550","699900","3","Single Family Residence","Active","https://onekeymls.com/home-details/133-booth-st-hempstead-ny-11550/3aemwPRzECK"
"auDW1S6rqj2","1077 Central Avenue, Hempstead, NY 11550","589000","2","Single Family Residence","Active","https://onekeymls.com/home-details/1077-central-avenue-hempstead-ny-11550/auDW1S6rqj2"
"llWYZgFtzHI","117 Warner Ave, Hempstead, NY 11550","579900","3","Single Family Residence","Pending","https://onekeymls.com/home-details/117-warner-ave-hempstead-ny-11550/llWYZgFtzHI"
"dJ1PQ1EA96P","165 Wellesley St, Hempstead, NY 11550","819000","5","Single Family Residence","Pending","https://onekeymls.com/home-details/165-wellesley-st-hempstead-ny-11550/dJ1PQ1EA96P"
"lPfmalEsXOX","47 Brown Ave, Hempstead, NY 11550","785000","3","Single Family Residence","Active","https://onekeymls.com/home-details/47-brown-ave-hempstead-ny-11550/lPfmalEsXOX"
"42GJosdMRee","258 Fairview Blvd, Hempstead, NY 11550","650000","3","Single Family Residence","Pending","https://onekeymls.com/home-details/258-fairview-blvd-hempstead-ny-11550/42GJosdMRee"
"buGySbRNtIw","159 Alabama Ave, Hempstead, NY 11550","725000","5","Single Family Residence","Active","https://onekeymls.com/home-details/159-alabama-ave-hempstead-ny-11550/buGySbRNtIw"
"kU71tnFWO8i","8 Frazier St, Hempstead, NY 11550","710000","3","Single Family Residence","Active","https://onekeymls.com/home-details/8-frazier-st-hempstead-ny-11550/kU71tnFWO8i"
"2kBAm1Q2S8a","64 Stewart Ave, Hempstead, NY 11550","699000","4","Duplex","Active","https://onekeymls.com/home-details/64-stewart-ave-hempstead-ny-11550/2kBAm1Q2S8a"
"egLBB9GJDM6","522 Willow St, South Hempstead, NY 11550","659000","3","Single Family Residence","Active","https://onekeymls.com/home-details/522-willow-st-south-hempstead-ny-11550/egLBB9GJDM6"
"aPSO1stqJCp","51 Peters Ave, Hempstead, NY 11550","799000","6","Duplex","Active","https://onekeymls.com/home-details/51-peters-ave-hempstead-ny-11550/aPSO1stqJCp"
"bW1DmwrB9Tf","404 Baldwin Rd, Hempstead, NY 11550","599000","3","Single Family Residence","Active","https://onekeymls.com/home-details/404-baldwin-rd-hempstead-ny-11550/bW1DmwrB9Tf"
"gmOzOKsdK4d","36 Cathedral Ave Unit 2D, Hempstead, NY 11550","325000","2","Stock Cooperative","Active","https://onekeymls.com/home-details/36-cathedral-ave-unit-2d-hempstead-ny-11550/gmOzOKsdK4d"
"jxaZobQWQ2T","93 Peters Ave, Hempstead, NY 11550","850000","5","Single Family Residence","Active","https://onekeymls.com/home-details/93-peters-ave-hempstead-ny-11550/jxaZobQWQ2T"
"1isUuSJl5XN","35 Mulford Pl, Hempstead, NY 11550","729000","6","Single Family Residence","Active","https://onekeymls.com/home-details/35-mulford-pl-hempstead-ny-11550/1isUuSJl5XN"
"dwsW2IKjlYc","1049 Owasco Rd, West Hempstead, NY 11552","899000","5","Single Family Residence","Active","https://onekeymls.com/home-details/1049-owasco-rd-west-hempstead-ny-11552/dwsW2IKjlYc"
"beKLmx5cQve","530 Washington Ave, West Hempstead, NY 11552","775000","3","Single Family Residence","Active","https://onekeymls.com/home-details/530-washington-ave-west-hempstead-ny-11552/beKLmx5cQve"
"eM6JdLUp0K","532 Washington Ave, West Hempstead, NY 11552","599999","3","Single Family Residence","Active","https://onekeymls.com/home-details/532-washington-ave-west-hempstead-ny-11552/eM6JdLUp0K"
"18NAgzOoqtw","25 Archer Rd, West Hempstead, NY 11552","770000","3","Single Family Residence","Active","https://onekeymls.com/home-details/25-archer-rd-west-hempstead-ny-11552/18NAgzOoqtw"
"be5HWTNKfKY","34 Archer Rd, West Hempstead, NY 11552","825000","3","Single Family Residence","Active","https://onekeymls.com/home-details/34-archer-rd-west-hempstead-ny-11552/be5HWTNKfKY"
"6lvvSsImvgG","993 Orlando Ave, West Hempstead, NY 11552","1250000","3","Single Family Residence","Active","https://onekeymls.com/home-details/993-orlando-ave-west-hempstead-ny-11552/6lvvSsImvgG"
"dG1U9UudzzV","586 Harless Pl, West Hempstead, NY 11552","1199000","5","Single Family Residence","Active","https://onekeymls.com/home-details/586-harless-pl-west-hempstead-ny-11552/dG1U9UudzzV"
"5tNjEifj57e","485 Barbara Ln, West Hempstead, NY 11552","610000","4","Single Family Residence","Active","https://onekeymls.com/home-details/485-barbara-ln-west-hempstead-ny-11552/5tNjEifj57e"
"2G915kRD1Lh","448 Coolidge St, West Hempstead, NY 11552","1599000","5","Single Family Residence","Coming Soon","https://onekeymls.com/home-details/448-coolidge-st-west-hempstead-ny-11552/2G915kRD1Lh"
"3J3AArWBFP1","48 Poplar St, West Hempstead, NY 11552","775000","4","Single Family Residence","Active","https://onekeymls.com/home-details/48-poplar-st-west-hempstead-ny-11552/3J3AArWBFP1"
"d4OYQFSZaND","444 Hempstead Tpke, West Hempstead, NY 11552","2560000","","Retail","Active","https://onekeymls.com/home-details/444-hempstead-tpke-west-hempstead-ny-11552/d4OYQFSZaND"
"bsQ4GhRx9d","565 Mohawk Rd, West Hempstead, NY 11552","1390000","5","Single Family Residence","Pending","https://onekeymls.com/home-details/565-mohawk-rd-west-hempstead-ny-11552/bsQ4GhRx9d"
"aqzY1GT00Db","530 Elm St, West Hempstead, NY 11552","1150000","3","Single Family Residence","Active","https://onekeymls.com/home-details/530-elm-st-west-hempstead-ny-11552/aqzY1GT00Db"
"99DYbn0ydEx","706 Partridge Ave, West Hempstead, NY 11552","850000","4","Single Family Residence","Active","https://onekeymls.com/home-details/706-partridge-ave-west-hempstead-ny-11552/99DYbn0ydEx"
"fmLEW4JaHYd","650 Eagle Ave, West Hempstead, NY 11552","625000","4","Single Family Residence","Active","https://onekeymls.com/home-details/650-eagle-ave-west-hempstead-ny-11552/fmLEW4JaHYd"
"hJCnOCm0yBw","23 Westminster Rd, West Hempstead, NY 11552","1175000","4","Single Family Residence","Active","https://onekeymls.com/home-details/23-westminster-rd-west-hempstead-ny-11552/hJCnOCm0yBw"
"8bnhyjJhKRY","361 Walton St, West Hempstead, NY 11552","725000","4","Single Family Residence","Active","https://onekeymls.com/home-details/361-walton-st-west-hempstead-ny-11552/8bnhyjJhKRY"
"3hwBTZCOzCc","474 Roy St, West Hempstead, NY 11552","839000","4","Single Family Residence","Active","https://onekeymls.com/home-details/474-roy-st-west-hempstead-ny-11552/3hwBTZCOzCc"
"3iLNSZDcyZ0","713 Wren Ct, West Hempstead, NY 11552","670000","4","Single Family Residence","Active","https://onekeymls.com/home-details/713-wren-ct-west-hempstead-ny-11552/3iLNSZDcyZ0"
"dlDnZ4AW6mV","769 Iris Pl, West Hempstead, NY 11552","720000","4","Single Family Residence","Active","https://onekeymls.com/home-details/769-iris-pl-west-hempstead-ny-11552/dlDnZ4AW6mV"
"hcw83RWsili","101 Argyle Rd, West Hempstead, NY 11552","899000","3","Single Family Residence","Active","https://onekeymls.com/home-details/101-argyle-rd-west-hempstead-ny-11552/hcw83RWsili"
"3knu7xfXTcv","194 Woodfield Rd, West Hempstead, NY 11552","699000","3","Single Family Residence","Active","https://onekeymls.com/home-details/194-woodfield-rd-west-hempstead-ny-11552/3knu7xfXTcv"
"hoQLK1C1eHz","26 Parkside Rd, West Hempstead, NY 11552","829000","3","Single Family Residence","Pending","https://onekeymls.com/home-details/26-parkside-rd-west-hempstead-ny-11552/hoQLK1C1eHz"
"e2v3v6Xly2c","529 Grant Ave, West Hempstead, NY 11552","699000","3","Single Family Residence","Pending","https://onekeymls.com/home-details/529-grant-ave-west-hempstead-ny-11552/e2v3v6Xly2c"
"cHZU6WQ40Iy","807 Iris Pl, West Hempstead, NY 11552","829000","4","Single Family Residence","Pending","https://onekeymls.com/home-details/807-iris-pl-west-hempstead-ny-11552/cHZU6WQ40Iy"
"fP06EM9oZFL","528 Maple St, West Hempstead, NY 11552","669000","2","Single Family Residence","Active","https://onekeymls.com/home-details/528-maple-st-west-hempstead-ny-11552/fP06EM9oZFL"
"gOPqS8UxAUx","35 Nassau Blvd, West Hempstead, NY 11552","599000","3","Single Family Residence","Pending","https://onekeymls.com/home-details/35-nassau-blvd-west-hempstead-ny-11552/gOPqS8UxAUx"
"lp6oTMmEtAG","734 Nightingale Rd, West Hempstead, NY 11552","360000","3","Single Family Residence","Pending","https://onekeymls.com/home-details/734-nightingale-rd-west-hempstead-ny-11552/lp6oTMmEtAG"
"i4DuMeV3rVQ","340 Plymouth St, West Hempstead, NY 11552","699999","3","Single Family Residence","Pending","https://onekeymls.com/home-details/340-plymouth-st-west-hempstead-ny-11552/i4DuMeV3rVQ"
"bpmCnhAirxd","144 Sycamore St, West Hempstead, NY 11552","649000","4","Single Family Residence","Pending","https://onekeymls.com/home-details/144-sycamore-st-west-hempstead-ny-11552/bpmCnhAirxd"
"dhIllL2VSRz","611 Park Ave, Uniondale, NY 11553","910000","5","Single Family Residence","Active","https://onekeymls.com/home-details/611-park-ave-uniondale-ny-11553/dhIllL2VSRz"
"hJBq7zr6gGb","1061 Midland St, Uniondale, NY 11553","719999","5","Single Family Residence","Active","https://onekeymls.com/home-details/1061-midland-st-uniondale-ny-11553/hJBq7zr6gGb"
"hCELRRD3Q5j","728 Martin Dr, Uniondale, NY 11553","719000","4","Single Family Residence","Active","https://onekeymls.com/home-details/728-martin-dr-uniondale-ny-11553/hCELRRD3Q5j"
"2zRNX1bXrC6","711 Charter Ct, Uniondale, NY 11553","785000","4","Single Family Residence","Active","https://onekeymls.com/home-details/711-charter-ct-uniondale-ny-11553/2zRNX1bXrC6"
"4EjpkPrXhFR","137 Walton Ave, Uniondale, NY 11553","757500","4","Single Family Residence","Active","https://onekeymls.com/home-details/137-walton-ave-uniondale-ny-11553/4EjpkPrXhFR"
"6y6iVqgMIVY","738 Decatur St, Uniondale, NY 11553","769500","4","Single Family Residence","Pending","https://onekeymls.com/home-details/738-decatur-st-uniondale-ny-11553/6y6iVqgMIVY"
"4qGrUldOKVI","320 Maplegrove Ave, Uniondale, NY 11553","599000","2","Single Family Residence","Active","https://onekeymls.com/home-details/320-maplegrove-ave-uniondale-ny-11553/4qGrUldOKVI"
"1V3KolXAbMS","710 Lafayette Ave, Uniondale, NY 11553","669000","3","Single Family Residence","Active","https://onekeymls.com/home-details/710-lafayette-ave-uniondale-ny-11553/1V3KolXAbMS"
"YkzW04iRRT","781 Salem Rd, Uniondale, NY 11553","624999","3","Single Family Residence","Active","https://onekeymls.com/home-details/781-salem-rd-uniondale-ny-11553/YkzW04iRRT"
"kFGLXYqw30J","539 Mitchell St, Uniondale, NY 11553","664900","4","Single Family Residence","Pending","https://onekeymls.com/home-details/539-mitchell-st-uniondale-ny-11553/kFGLXYqw30J"
"6DZRAL8qgWG","283 Hawthorne Ave, Uniondale, NY 11553","739999","4","Single Family Residence","Active","https://onekeymls.com/home-details/283-hawthorne-ave-uniondale-ny-11553/6DZRAL8qgWG"
"i6YDmMAB0XC","868 Spring Ave, Uniondale, NY 11553","689000","4","Single Family Residence","Active","https://onekeymls.com/home-details/868-spring-ave-uniondale-ny-11553/i6YDmMAB0XC"
"jLqIil83eml","634 Leonard Ave, Uniondale, NY 11553","749000","3","Single Family Residence","Active","https://onekeymls.com/home-details/634-leonard-ave-uniondale-ny-11553/jLqIil83eml"
"4z2k0DoYsoj","852 Henry St, Uniondale, NY 11553","659000","3","Single Family Residence","Active","https://onekeymls.com/home-details/852-henry-st-uniondale-ny-11553/4z2k0DoYsoj"
"2Fi2sCuLlh7","730 Goodrich St, Uniondale, NY 11553","669999","4","Single Family Residence","Active","https://onekeymls.com/home-details/730-goodrich-st-uniondale-ny-11553/2Fi2sCuLlh7"
"fEKume8rKfL","370 Locust Ave, Uniondale, NY 11553","749995","4","Single Family Residence","Active","https://onekeymls.com/home-details/370-locust-ave-uniondale-ny-11553/fEKume8rKfL"
"io9x04yIg5n","674 Henry St, Uniondale, NY 11553","624950","4","Single Family Residence","Active","https://onekeymls.com/home-details/674-henry-st-uniondale-ny-11553/io9x04yIg5n"
"aTrT64ym6Xp","442 Cedar St, Uniondale, NY 11553","799998","5","Duplex","Active","https://onekeymls.com/home-details/442-cedar-st-uniondale-ny-11553/aTrT64ym6Xp"
"kKNYLFD5aP8","106 Lawrence St, Uniondale, NY 11553","749000","5","Single Family Residence","Active","https://onekeymls.com/home-details/106-lawrence-st-uniondale-ny-11553/kKNYLFD5aP8"
"jzHL0SH1QdQ","Undisclosed Address, Uniondale, NY 11553","899900","4","Single Family Residence","Active","https://onekeymls.com/home-details/undisclosed-address-uniondale-ny-11553/jzHL0SH1QdQ"
"dr7vElpmbXx","754 Windsor Rd, Uniondale, NY 11553","380000","3","Single Family Residence","Pending","https://onekeymls.com/home-details/754-windsor-rd-uniondale-ny-11553/dr7vElpmbXx"
"eT29bA5qHEW","340 Bedford Ave, Uniondale, NY 11553","775000","6","Single Family Residence","Active","https://onekeymls.com/home-details/340-bedford-ave-uniondale-ny-11553/eT29bA5qHEW"
"fTgQDLNlrei","461 Greengrove Ave, Uniondale, NY 11553","655000","4","Single Family Residence","Pending","https://onekeymls.com/home-details/461-greengrove-ave-uniondale-ny-11553/fTgQDLNlrei"
"8rhIUnAw2cb","529 Liberty St, Uniondale, NY 11553","649999","3","Single Family Residence","Pending","https://onekeymls.com/home-details/529-liberty-st-uniondale-ny-11553/8rhIUnAw2cb"
"bWcW1zVheSx","1219 Warwick St, Uniondale, NY 11553","725000","3","Single Family Residence","Pending","https://onekeymls.com/home-details/1219-warwick-st-uniondale-ny-11553/bWcW1zVheSx"
"avdtsoKgavh","1112 Mckenna Pl, Uniondale, NY 11553","675000","4","Single Family Residence","Active","https://onekeymls.com/home-details/1112-mckenna-pl-uniondale-ny-11553/avdtsoKgavh"
"h2BGAdXTuIv","316 Maplegrove Ave, Uniondale, NY 11553","799999","6","Single Family Residence","Pending","https://onekeymls.com/home-details/316-maplegrove-ave-uniondale-ny-11553/h2BGAdXTuIv"
"kCoqVrAO8Nb","469 Chester St, Uniondale, NY 11553","850000","4","Single Family Residence","Pending","https://onekeymls.com/home-details/469-chester-st-uniondale-ny-11553/kCoqVrAO8Nb"
"UWaFjIGBvl","773 Nostrand Ave, Uniondale, NY 11553","719880","4","Single Family Residence","Pending","https://onekeymls.com/home-details/773-nostrand-ave-uniondale-ny-11553/UWaFjIGBvl"
"5rOwltcEIXh","299 Locust Ave, Uniondale, NY 11553","421600","4","Single Family Residence","Pending","https://onekeymls.com/home-details/299-locust-ave-uniondale-ny-11553/5rOwltcEIXh"
"7KhoJVVZJXc","396 Chestnut Ave, East Meadow, NY 11554","1338000","6","Single Family Residence","Active","https://onekeymls.com/home-details/396-chestnut-ave-east-meadow-ny-11554/7KhoJVVZJXc"
"97a2KAH5sEI","653 Sherman Ave, East Meadow, NY 11554","925000","4","Single Family Residence","Active","https://onekeymls.com/home-details/653-sherman-ave-east-meadow-ny-11554/97a2KAH5sEI"
"8uMOIBnBHkL","2455 7th Ave, East Meadow, NY 11554","1198000","4","Single Family Residence","Active","https://onekeymls.com/home-details/2455-7th-ave-east-meadow-ny-11554/8uMOIBnBHkL"
"knV6jgOIGtk","2488 1st Ave, East Meadow, NY 11554","779999","4","Single Family Residence","Active","https://onekeymls.com/home-details/2488-1st-ave-east-meadow-ny-11554/knV6jgOIGtk"
"65ms93ufBvU","1975 Lenox Ave, East Meadow, NY 11554","749000","5","Single Family Residence","Active","https://onekeymls.com/home-details/1975-lenox-ave-east-meadow-ny-11554/65ms93ufBvU"
"7htiWExAvQM","2362 6th St, East Meadow, NY 11554","899000","4","Single Family Residence","Active","https://onekeymls.com/home-details/2362-6th-st-east-meadow-ny-11554/7htiWExAvQM"
"8kcpSBQ1Thb","2664 Grayson Dr, East Meadow, NY 11554","999000","4","Single Family Residence","Active","https://onekeymls.com/home-details/2664-grayson-dr-east-meadow-ny-11554/8kcpSBQ1Thb"
"konat9Yfsa6","2351 Amherst St, East Meadow, NY 11554","1698000","5","Single Family Residence","Active","https://onekeymls.com/home-details/2351-amherst-st-east-meadow-ny-11554/konat9Yfsa6"
"8dF5jvzXvoV","2262 1st St, East Meadow, NY 11554","798000","3","Single Family Residence","Active","https://onekeymls.com/home-details/2262-1st-st-east-meadow-ny-11554/8dF5jvzXvoV"
"6tZiyAtMebs","902 Preston Rd, East Meadow, NY 11554","1250000","3","Single Family Residence","Active","https://onekeymls.com/home-details/902-preston-rd-east-meadow-ny-11554/6tZiyAtMebs"
"i4zF1XZJ4UU","281 Spring Dr, East Meadow, NY 11554","680000","2","Condominium","Coming Soon","https://onekeymls.com/home-details/281-spring-dr-east-meadow-ny-11554/i4zF1XZJ4UU"
"fl5rv4c00nT","132 Norman Dr, East Meadow, NY 11554","819000","3","Single Family Residence","Pending","https://onekeymls.com/home-details/132-norman-dr-east-meadow-ny-11554/fl5rv4c00nT"
"54OQaz2yUno","438 Von Elm Ave, East Meadow, NY 11554","1449000","5","Single Family Residence","Active","https://onekeymls.com/home-details/438-von-elm-ave-east-meadow-ny-11554/54OQaz2yUno"
"1CO8HXZweiG","67 Douglas Dr, East Meadow, NY 11554","998000","5","Single Family Residence","Pending","https://onekeymls.com/home-details/67-douglas-dr-east-meadow-ny-11554/1CO8HXZweiG"
"mFnf9Bxm7j","656 E Meadow Ave, East Meadow, NY 11554","592500","2","Single Family Residence","Active","https://onekeymls.com/home-details/656-e-meadow-ave-east-meadow-ny-11554/mFnf9Bxm7j"
"3XJrxhQa6SD","574 Rudwick Pl, East Meadow, NY 11554","998000","5","Single Family Residence","Active","https://onekeymls.com/home-details/574-rudwick-pl-east-meadow-ny-11554/3XJrxhQa6SD"
"41YpYmZagRU","78 Pengon Cir, East Meadow, NY 11554","879999","4","Single Family Residence","Active","https://onekeymls.com/home-details/78-pengon-cir-east-meadow-ny-11554/41YpYmZagRU"
"clEdU1yqmLA","80 Rosalie Ct, East Meadow, NY 11554","1249000","4","Single Family Residence","Active","https://onekeymls.com/home-details/80-rosalie-ct-east-meadow-ny-11554/clEdU1yqmLA"
"1XKQuZn6NLJ","1396 Stephen Marc Ln, East Meadow, NY 11554","1623000","4","Single Family Residence","Pending","https://onekeymls.com/home-details/1396-stephen-marc-ln-east-meadow-ny-11554/1XKQuZn6NLJ"
"hUiFAlLhy6o","2384 Cambridge St, East Meadow, NY 11554","699000","3","Single Family Residence","Pending","https://onekeymls.com/home-details/2384-cambridge-st-east-meadow-ny-11554/hUiFAlLhy6o"
"5FqrHepoA8C","1815 Andrea Rd, East Meadow, NY 11554","988000","3","Single Family Residence","Pending","https://onekeymls.com/home-details/1815-andrea-rd-east-meadow-ny-11554/5FqrHepoA8C"
"1x0PbbDf7FE","227 Andrew Ave, East Meadow, NY 11554","1989000","5","Single Family Residence","Active","https://onekeymls.com/home-details/227-andrew-ave-east-meadow-ny-11554/1x0PbbDf7FE"
"iCiPEuYjOka","555 Marian Ct, East Meadow, NY 11554","1779999","5","Single Family Residence","Active","https://onekeymls.com/home-details/555-marian-ct-east-meadow-ny-11554/iCiPEuYjOka"
"iNULtgsZA3x","377 Bellmore Rd, East Meadow, NY 11554","749000","4","Single Family Residence","Pending","https://onekeymls.com/home-details/377-bellmore-rd-east-meadow-ny-11554/iNULtgsZA3x"
"9fvguLzcKRz","301 Merrick Ave, East Meadow, NY 11554","1099000","5","Single Family Residence","Active","https://onekeymls.com/home-details/301-merrick-ave-east-meadow-ny-11554/9fvguLzcKRz"
"lK33L6qWRcv","421 Autumn Dr, East Meadow, NY 11554","635000","2","Condominium","Active","https://onekeymls.com/home-details/421-autumn-dr-east-meadow-ny-11554/lK33L6qWRcv"
"lLGHbcx6h3X","407 Argyle Rd, East Meadow, NY 11554","849000","5","Single Family Residence","Active","https://onekeymls.com/home-details/407-argyle-rd-east-meadow-ny-11554/lLGHbcx6h3X"
"eZWbPZGolXm","1 Douglas Dr, East Meadow, NY 11554","820000","4","Single Family Residence","Active","https://onekeymls.com/home-details/1-douglas-dr-east-meadow-ny-11554/eZWbPZGolXm"
"kVJN1G8Ujuy","480 Richmond Rd, East Meadow, NY 11554","699000","3","Single Family Residence","Pending","https://onekeymls.com/home-details/480-richmond-rd-east-meadow-ny-11554/kVJN1G8Ujuy"
"EeC8jQ4KpY","111 Melanie Dr, East Meadow, NY 11554","1189000","4","Single Family Residence","Pending","https://onekeymls.com/home-details/111-melanie-dr-east-meadow-ny-11554/EeC8jQ4KpY"
"4PlRMhKi0Vv","250 N Village Ave Unit B, Rockville Centre, NY 11570","349999","1","Stock Cooperative","Active","https://onekeymls.com/home-details/250-n-village-ave-unit-b-rockville-centre-ny-11570/4PlRMhKi0Vv"
"a8KQuMj0Fl3","1180 Woodfield Rd, Rockville Centre, NY 11570","799000","4","Single Family Residence","Active","https://onekeymls.com/home-details/1180-woodfield-rd-rockville-centre-ny-11570/a8KQuMj0Fl3"
"Fj6qAxrNRy","1240 Langdon Blvd, Rockville Centre, NY 11570","795000","5","Single Family Residence","Active","https://onekeymls.com/home-details/1240-langdon-blvd-rockville-centre-ny-11570/Fj6qAxrNRy"
"cvOiQpTyRJH","102 S Village Ave Unit 3B, Rockville Centre, NY 11570","525000","2","Stock Cooperative","Active","https://onekeymls.com/home-details/102-s-village-ave-unit-3b-rockville-centre-ny-11570/cvOiQpTyRJH"
"15nLWzkBe5D","396 Merrick Rd Unit 1A, Rockville Centre, NY 11570","350000","1","Stock Cooperative","Active","https://onekeymls.com/home-details/396-merrick-rd-unit-1a-rockville-centre-ny-11570/15nLWzkBe5D"
"j2MAimlAzq9","55 Lenox Rd Unit 3X, Rockville Centre, NY 11570","335000","1","Stock Cooperative","Pending","https://onekeymls.com/home-details/55-lenox-rd-unit-3x-rockville-centre-ny-11570/j2MAimlAzq9"
"9UZRgU3R0Nx","6 Huber Ct, Rockville Centre, NY 11570","1289000","3","Single Family Residence","Pending","https://onekeymls.com/home-details/6-huber-ct-rockville-centre-ny-11570/9UZRgU3R0Nx"
"9KECMvR6TLw","72 Broadway, Rockville Centre, NY 11570","1475000","4","Single Family Residence","Active","https://onekeymls.com/home-details/72-broadway-rockville-centre-ny-11570/9KECMvR6TLw"
"1a34qNwW9gI","415 Merrick Rd Unit 1L, Rockville Centre, NY 11570","384999","2","Stock Cooperative","Active","https://onekeymls.com/home-details/415-merrick-rd-unit-1l-rockville-centre-ny-11570/1a34qNwW9gI"
"iJyKth9Sc5d","66 S Lewis Pl, Rockville Centre, NY 11570","1599999","5","Single Family Residence","Active","https://onekeymls.com/home-details/66-s-lewis-pl-rockville-centre-ny-11570/iJyKth9Sc5d"
"cxJqsZo11WE","250 N Village Ave Unit C22, Rockville Centre, NY 11570","419000","1","Stock Cooperative","Active","https://onekeymls.com/home-details/250-n-village-ave-unit-c22-rockville-centre-ny-11570/cxJqsZo11WE"
"iwB4WT7xS8v","120 Morris Ave Unit C9, Rockville Centre, NY 11570","399000","1","Stock Cooperative","Active","https://onekeymls.com/home-details/120-morris-ave-unit-c9-rockville-centre-ny-11570/iwB4WT7xS8v"
"lgTOPZ1plgL","1 Jefferson Ave Unit H8, Rockville Centre, NY 11570","359000","2","Stock Cooperative","Active","https://onekeymls.com/home-details/1-jefferson-ave-unit-h8-rockville-centre-ny-11570/lgTOPZ1plgL"
"lIF4co26J0G","254 Hempstead Ave, Rockville Centre, NY 11570","1200000","5","Duplex","Active","https://onekeymls.com/home-details/254-hempstead-ave-rockville-centre-ny-11570/lIF4co26J0G"
"ieHfpRF27eK","174 S Long Beach Rd, Rockville Centre, NY 11570","1150000","6","Duplex","Pending","https://onekeymls.com/home-details/174-s-long-beach-rd-rockville-centre-ny-11570/ieHfpRF27eK"
"crw85bJ1mJh","110 Knollwood Rd, Rockville Centre, NY 11570","748000","3","Single Family Residence","Pending","https://onekeymls.com/home-details/110-knollwood-rd-rockville-centre-ny-11570/crw85bJ1mJh"
"kRLCdvBvLDM","124 S Park Avenue Unit 1-P, Rockville Centre, NY 11570","360000","1","Stock Cooperative","Pending","https://onekeymls.com/home-details/124-s-park-avenue-unit-1-p-rockville-centre-ny-11570/kRLCdvBvLDM"
"lIosve4nHFI","61 Maine Ave Unit D14, Rockville Centre, NY 11570","390000","2","Stock Cooperative","Active","https://onekeymls.com/home-details/61-maine-ave-unit-d14-rockville-centre-ny-11570/lIosve4nHFI"
"hN1YQhtz8Bq","108 N Forest Ave, Rockville Centre, NY 11570","738000","3","Single Family Residence","Active","https://onekeymls.com/home-details/108-n-forest-ave-rockville-centre-ny-11570/hN1YQhtz8Bq"
"4hKRv19xkTb","464 Stratford Rd, South Hempstead, NY 11550","629000","4","Single Family Residence","Active","https://onekeymls.com/home-details/464-stratford-rd-south-hempstead-ny-11550/4hKRv19xkTb"
"j2tXvxqww8D","288 Brower Ave, Rockville Centre, NY 11570","1250000","5","Single Family Residence","Active","https://onekeymls.com/home-details/288-brower-ave-rockville-centre-ny-11570/j2tXvxqww8D"
"fWX536H4fTF","55 Grand Ave Unit 2A, Rockville Centre, NY 11570","419000","2","Stock Cooperative","Active","https://onekeymls.com/home-details/55-grand-ave-unit-2a-rockville-centre-ny-11570/fWX536H4fTF"
"BDFCwKDG5U","411 Merrick Rd Unit A, Rockville Centre, NY 11570","359000","1","Stock Cooperative","Active","https://onekeymls.com/home-details/411-merrick-rd-unit-a-rockville-centre-ny-11570/BDFCwKDG5U"
"8sXKTBDZHZS","43 N Forest Ave Unit G3, Rockville Centre, NY 11570","219000","0","Stock Cooperative","Active","https://onekeymls.com/home-details/43-n-forest-ave-unit-g3-rockville-centre-ny-11570/8sXKTBDZHZS"
"70aOGKvLlcr","250 N Village Ave Unit B2, Rockville Centre, NY 11570","419000","1","Stock Cooperative","Pending","https://onekeymls.com/home-details/250-n-village-ave-unit-b2-rockville-centre-ny-11570/70aOGKvLlcr"
"6pUhtei1O9D","340 Princeton Rd, Rockville Centre, NY 11570","1399000","4","Single Family Residence","Active","https://onekeymls.com/home-details/340-princeton-rd-rockville-centre-ny-11570/6pUhtei1O9D"
"gLtC196v3G9","57 Raymond St, Rockville Centre, NY 11570","825000","3","Single Family Residence","Active","https://onekeymls.com/home-details/57-raymond-st-rockville-centre-ny-11570/gLtC196v3G9"
"1nC8jb10PTv","15 Huber Ct, Rockville Centre, NY 11570","1345000","4","Single Family Residence","Pending","https://onekeymls.com/home-details/15-huber-ct-rockville-centre-ny-11570/1nC8jb10PTv"
"f0luwBtDHHY","171 S Kensington Ave, Rockville Centre, NY 11570","975000","4","Single Family Residence","Active","https://onekeymls.com/home-details/171-s-kensington-ave-rockville-centre-ny-11570/f0luwBtDHHY"
"8USRFki53Fj","80 Lincoln Ave Unit 3C, Rockville Centre, NY 11570","159000","1","Stock Cooperative","Active","https://onekeymls.com/home-details/80-lincoln-ave-unit-3c-rockville-centre-ny-11570/8USRFki53Fj"
"eyQuB8H2TBD","60 Boden Ave, Valley Stream, NY 11580","845000","5","Single Family Residence","Active","https://onekeymls.com/home-details/60-boden-ave-valley-stream-ny-11580/eyQuB8H2TBD"
"6pMAdYT8ymR","33 N Montgomery St, Valley Stream, NY 11580","899999","5","Single Family Residence","Active","https://onekeymls.com/home-details/33-n-montgomery-st-valley-stream-ny-11580/6pMAdYT8ymR"
"2ck51DnI79T","88 E Valley Stream Blvd Unit 6, Valley Stream, NY 11580","624999","3","Condominium","Active","https://onekeymls.com/home-details/88-e-valley-stream-blvd-unit-6-valley-stream-ny-11580/2ck51DnI79T"
"b65giCaSDIT","52 E Fenimore St, Valley Stream, NY 11580","829999","4","Single Family Residence","Active","https://onekeymls.com/home-details/52-e-fenimore-st-valley-stream-ny-11580/b65giCaSDIT"
"6dmbwrPVNns","143 S Montgomery St, Valley Stream, NY 11580","1149000","4","Duplex","Active","https://onekeymls.com/home-details/143-s-montgomery-st-valley-stream-ny-11580/6dmbwrPVNns"
"gmCSiiiyjtc","140 Arlington Ave, Valley Stream, NY 11580","684900","4","Duplex","Active","https://onekeymls.com/home-details/140-arlington-ave-valley-stream-ny-11580/gmCSiiiyjtc"
"71qBiqgMBbx","17 Sapir St, Valley Stream, NY 11580","799900","4","Single Family Residence","Active","https://onekeymls.com/home-details/17-sapir-st-valley-stream-ny-11580/71qBiqgMBbx"
"eOp1n2qFImR","24 Surrey Ln, Valley Stream, NY 11580","1450000","4","Single Family Residence","Active","https://onekeymls.com/home-details/24-surrey-ln-valley-stream-ny-11580/eOp1n2qFImR"
"aFMGkoa9nu3","22 Surrey Ln, Valley Stream, NY 11580","1479000","5","Single Family Residence","Active","https://onekeymls.com/home-details/22-surrey-ln-valley-stream-ny-11580/aFMGkoa9nu3"
"i6orzjaOtpF","105 N Corona Ave, Valley Stream, NY 11580","999000","7","Single Family Residence","Active","https://onekeymls.com/home-details/105-n-corona-ave-valley-stream-ny-11580/i6orzjaOtpF"
"exWSvRLCUqq","387 Sherbourne Rd, Valley Stream, NY 11580","1850000","5","Single Family Residence","Active","https://onekeymls.com/home-details/387-sherbourne-rd-valley-stream-ny-11580/exWSvRLCUqq"
"aFePZ8rtmOT","336 W Valley Stream Blvd, Valley Stream, NY 11580","749000","3","Single Family Residence","Active","https://onekeymls.com/home-details/336-w-valley-stream-blvd-valley-stream-ny-11580/aFePZ8rtmOT"
"7DYbvsrwl6s","60 Liberty Blvd, Valley Stream, NY 11580","675000","3","Single Family Residence","Active","https://onekeymls.com/home-details/60-liberty-blvd-valley-stream-ny-11580/7DYbvsrwl6s"
"7PSkFkI3DhJ","5 Sobro Ave, Valley Stream, NY 11580","699000","3","Single Family Residence","Active","https://onekeymls.com/home-details/5-sobro-ave-valley-stream-ny-11580/7PSkFkI3DhJ"
"2U31hSyJcSn","374 Rockaway Pkwy, Valley Stream, NY 11580","779999","4","Single Family Residence","Active","https://onekeymls.com/home-details/374-rockaway-pkwy-valley-stream-ny-11580/2U31hSyJcSn"
"5uWPdlgc4TE","209 N Grove St, Valley Stream, NY 11580","1019900","5","Single Family Residence","Active","https://onekeymls.com/home-details/209-n-grove-st-valley-stream-ny-11580/5uWPdlgc4TE"
"6mg8cxy9ld5","928 N Fletcher Ave, Valley Stream, NY 11580","1249000","4","Single Family Residence","Active","https://onekeymls.com/home-details/928-n-fletcher-ave-valley-stream-ny-11580/6mg8cxy9ld5"
"jARL31mQoxi","50 E Saint Marks Pl, Valley Stream, NY 11580","799000","4","Single Family Residence","Active","https://onekeymls.com/home-details/50-e-saint-marks-pl-valley-stream-ny-11580/jARL31mQoxi"
"4JoTWoOVxED","44 Bell Street, Valley Stream, NY 11580","949999","4","Single Family Residence","Active","https://onekeymls.com/home-details/44-bell-street-valley-stream-ny-11580/4JoTWoOVxED"
"hT3RkkoxqIK","42 Satterie Ave, Valley Stream, NY 11580","838000","3","Single Family Residence","Active","https://onekeymls.com/home-details/42-satterie-ave-valley-stream-ny-11580/hT3RkkoxqIK"
"ihtGWSfipkt","103 E Saint Marks Pl, Valley Stream, NY 11580","869000","4","Duplex","Coming Soon","https://onekeymls.com/home-details/103-e-saint-marks-pl-valley-stream-ny-11580/ihtGWSfipkt"
"9QldeWS8EcU","136 Elm St, Valley Stream, NY 11580","819000","3","Single Family Residence","Active","https://onekeymls.com/home-details/136-elm-st-valley-stream-ny-11580/9QldeWS8EcU"
"bM1L2pbIeEo","777 W Merrick Rd, Valley Stream, NY 11580","929000","","Mixed Use","Active","https://onekeymls.com/home-details/777-w-merrick-rd-valley-stream-ny-11580/bM1L2pbIeEo"
"8XeKhMrsF9z","107 E Saint Marks Pl, Valley Stream, NY 11580","799999","4","Single Family Residence","Pending","https://onekeymls.com/home-details/107-e-saint-marks-pl-valley-stream-ny-11580/8XeKhMrsF9z"
"9HKDXCpHTYh","126 Roeckel Ave, Valley Stream, NY 11580","925000","4","Duplex","Active","https://onekeymls.com/home-details/126-roeckel-ave-valley-stream-ny-11580/9HKDXCpHTYh"
"3ips97myZCT","59 Haven Ave, Valley Stream, NY 11580","699999","3","Single Family Residence","Active","https://onekeymls.com/home-details/59-haven-ave-valley-stream-ny-11580/3ips97myZCT"
"fiavPpbr1uW","201 E Chester St, Valley Stream, NY 11580","779000","3","Single Family Residence","Active","https://onekeymls.com/home-details/201-e-chester-st-valley-stream-ny-11580/fiavPpbr1uW"
"7EwNuNsVWu","1524 Bowe Rd, Valley Stream, NY 11580","999000","4","Single Family Residence","Active","https://onekeymls.com/home-details/1524-bowe-rd-valley-stream-ny-11580/7EwNuNsVWu"
"5DJQMsYmuFx","1116 Linden St, Valley Stream, NY 11580","708000","5","Single Family Residence","Pending","https://onekeymls.com/home-details/1116-linden-st-valley-stream-ny-11580/5DJQMsYmuFx"
"la5mOThDSkP","42 N Corona Ave, Valley Stream, NY 11580","875000","4","Single Family Residence","Active","https://onekeymls.com/home-details/42-n-corona-ave-valley-stream-ny-11580/la5mOThDSkP"
"5xLjv4QKjhF","17 Wood Ln, Valley Stream, NY 11581","739000","3","Single Family Residence","Active","https://onekeymls.com/home-details/17-wood-ln-valley-stream-ny-11581/5xLjv4QKjhF"
"7PxMpLC3anX","14 Ivy Pl, Valley Stream, NY 11581","749000","4","Single Family Residence","Active","https://onekeymls.com/home-details/14-ivy-pl-valley-stream-ny-11581/7PxMpLC3anX"
"aznFwiSkVSA","79 Spruce Ln, Valley Stream, NY 11581","769000","4","Single Family Residence","Active","https://onekeymls.com/home-details/79-spruce-ln-valley-stream-ny-11581/aznFwiSkVSA"
"9moohtikA93","54 Catherine St, Valley Stream, NY 11581","919000","4","Single Family Residence","Active","https://onekeymls.com/home-details/54-catherine-st-valley-stream-ny-11581/9moohtikA93"
"jCGmdKigWHZ","89 Carstairs Rd, Valley Stream, NY 11581","729000","3","Single Family Residence","Active","https://onekeymls.com/home-details/89-carstairs-rd-valley-stream-ny-11581/jCGmdKigWHZ"
"biq8zqWUMko","205 Stuart Rd, Valley Stream, NY 11581","875000","4","Single Family Residence","Active","https://onekeymls.com/home-details/205-stuart-rd-valley-stream-ny-11581/biq8zqWUMko"
"la605kGW3xE","255 Cochran Pl, Valley Stream, NY 11581","789000","3","Single Family Residence","Active","https://onekeymls.com/home-details/255-cochran-pl-valley-stream-ny-11581/la605kGW3xE"
"2LAR81Ytev5","26 Sycamore Rd, Valley Stream, NY 11581","680000","3","Single Family Residence","Active","https://onekeymls.com/home-details/26-sycamore-rd-valley-stream-ny-11581/2LAR81Ytev5"
"iTZKqPYIjjW","29 Cambridge St, Valley Stream, NY 11581","949000","6","Duplex","Active","https://onekeymls.com/home-details/29-cambridge-st-valley-stream-ny-11581/iTZKqPYIjjW"
"iqpeTMTH7qX","6 Forest Ave, Valley Stream, NY 11581","899000","5","Duplex","Active","https://onekeymls.com/home-details/6-forest-ave-valley-stream-ny-11581/iqpeTMTH7qX"
"6I2SbWnI55h","1040 Cedarhurst Street, North Woodmere, NY 11581","1236000","4","Single Family Residence","Active","https://onekeymls.com/home-details/1040-cedarhurst-street-north-woodmere-ny-11581/6I2SbWnI55h"
"faOH9c7vgil","145 Bismark Ave, Valley Stream, NY 11581","795000","3","Single Family Residence","Active","https://onekeymls.com/home-details/145-bismark-ave-valley-stream-ny-11581/faOH9c7vgil"
"bf8gwtn3PNu","44 Pine Ln, Valley Stream, NY 11581","650000","4","Single Family Residence","Active","https://onekeymls.com/home-details/44-pine-ln-valley-stream-ny-11581/bf8gwtn3PNu"
"5uaUqnuFHFs","46 Valley Ln E, Valley Stream, NY 11581","1099000","4","Single Family Residence","Active","https://onekeymls.com/home-details/46-valley-ln-e-valley-stream-ny-11581/5uaUqnuFHFs"
"7VukA46JrjK","900 Flanders Drive, North Woodmere, NY 11581","1050000","4","Single Family Residence","Pending","https://onekeymls.com/home-details/900-flanders-drive-north-woodmere-ny-11581/7VukA46JrjK"
"8Iw6ZxUdKRI","164 Gordon Rd, Valley Stream, NY 11581","888000","3","Single Family Residence","Active","https://onekeymls.com/home-details/164-gordon-rd-valley-stream-ny-11581/8Iw6ZxUdKRI"
"8xJqnWcjTAz","48 Brook Rd, Valley Stream, NY 11581","1799000","5","Single Family Residence","Active","https://onekeymls.com/home-details/48-brook-rd-valley-stream-ny-11581/8xJqnWcjTAz"
"q41jFvwCIV","101 Forest Rd, Valley Stream, NY 11581","1799000","5","Single Family Residence","Active","https://onekeymls.com/home-details/101-forest-rd-valley-stream-ny-11581/q41jFvwCIV"
"erMB1FdY1Yn","17 Garland Ln, Valley Stream, NY 11581","929999","5","Single Family Residence","Coming Soon","https://onekeymls.com/home-details/17-garland-ln-valley-stream-ny-11581/erMB1FdY1Yn"
"jpXFTn0fxLl","2 Valley Greens Drive, North Woodmere, NY 11581","1100000","6","Single Family Residence","Active","https://onekeymls.com/home-details/2-valley-greens-drive-north-woodmere-ny-11581/jpXFTn0fxLl"
"8qLp6obsWnZ","871 Rockaway Ave, Valley Stream, NY 11581","1199000","5","Single Family Residence","Active","https://onekeymls.com/home-details/871-rockaway-ave-valley-stream-ny-11581/8qLp6obsWnZ"
"bKhDMEQgQHp","740 Kearny Drive, North Woodmere, NY 11581","1550000","5","Single Family Residence","Active","https://onekeymls.com/home-details/740-kearny-drive-north-woodmere-ny-11581/bKhDMEQgQHp"
"h0vp8OVtWhZ","19 Valley Greens Dr, Valley Stream, NY 11581","1175000","4","Single Family Residence","Active","https://onekeymls.com/home-details/19-valley-greens-dr-valley-stream-ny-11581/h0vp8OVtWhZ"
"5skpPxcGGkW","783 Oakleigh Road, North Woodmere, NY 11581","2899000","6","Single Family Residence","Active","https://onekeymls.com/home-details/783-oakleigh-road-north-woodmere-ny-11581/5skpPxcGGkW"
"aOoDed9jXDy","26 Cloverfield Rd S, Valley Stream, NY 11581","1499000","5","Single Family Residence","Active","https://onekeymls.com/home-details/26-cloverfield-rd-s-valley-stream-ny-11581/aOoDed9jXDy"
"38sXI1z1H2R","75 Peninsula Blvd, Valley Stream, NY 11581","699999","3","Single Family Residence","Active","https://onekeymls.com/home-details/75-peninsula-blvd-valley-stream-ny-11581/38sXI1z1H2R"
"8qgNL5Kb6P0","713 Hungry Harbor Road, North Woodmere, NY 11581","1299000","5","Single Family Residence","Active","https://onekeymls.com/home-details/713-hungry-harbor-road-north-woodmere-ny-11581/8qgNL5Kb6P0"
"h4IgWOdAmap","239 Hungry Harbor Road, North Woodmere, NY 11581","1050000","4","Single Family Residence","Active","https://onekeymls.com/home-details/239-hungry-harbor-road-north-woodmere-ny-11581/h4IgWOdAmap"
"eA41cZ9Do9v","22 Shine Pl, Valley Stream, NY 11581","670000","3","Single Family Residence","Active","https://onekeymls.com/home-details/22-shine-pl-valley-stream-ny-11581/eA41cZ9Do9v"
"2p7UwixawgN","64 Avondale St, Valley Stream, NY 11581","1100000","5","Single Family Residence","Active","https://onekeymls.com/home-details/64-avondale-st-valley-stream-ny-11581/2p7UwixawgN"
"16tdOqh8CC","14 Chestnut St, Lynbrook, NY 11563","1999000","5","Duplex","Active","https://onekeymls.com/home-details/14-chestnut-st-lynbrook-ny-11563/16tdOqh8CC"
"17vNmpbamny","210 Atlantic Ave Unit Aa3, Lynbrook, NY 11563","170000","","Office","Active","https://onekeymls.com/home-details/210-atlantic-ave-unit-aa3-lynbrook-ny-11563/17vNmpbamny"
"6rFwXyeMN3L","77 Driving Park Ave, Lynbrook, NY 11563","739000","4","Single Family Residence","Active","https://onekeymls.com/home-details/77-driving-park-ave-lynbrook-ny-11563/6rFwXyeMN3L"
"lPfjZ2u9xhL","1 Hudson Ct, Lynbrook, NY 11563","849990","3","Single Family Residence","Active","https://onekeymls.com/home-details/1-hudson-ct-lynbrook-ny-11563/lPfjZ2u9xhL"
"28mrLEPITyK","18 Yale Pl, Lynbrook, NY 11563","749999","3","Single Family Residence","Active","https://onekeymls.com/home-details/18-yale-pl-lynbrook-ny-11563/28mrLEPITyK"
"lXacSsxwEmd","40 Daley Pl Unit 40-227, Lynbrook, NY 11563","425000","2","Stock Cooperative","Active","https://onekeymls.com/home-details/40-daley-pl-unit-40-227-lynbrook-ny-11563/lXacSsxwEmd"
"lXCtUX2vFy1","41 Hart St, Lynbrook, NY 11563","829000","3","Single Family Residence","Pending","https://onekeymls.com/home-details/41-hart-st-lynbrook-ny-11563/lXCtUX2vFy1"
"eXnaEabctqe","60 Hempstead Ave Unit 2C, Lynbrook, NY 11563","379000","1","Stock Cooperative","Active","https://onekeymls.com/home-details/60-hempstead-ave-unit-2c-lynbrook-ny-11563/eXnaEabctqe"
"i3l32uwBCqq","15 Baylis Pl, Lynbrook, NY 11563","988000","4","Single Family Residence","Pending","https://onekeymls.com/home-details/15-baylis-pl-lynbrook-ny-11563/i3l32uwBCqq"
"9JSv6qCZj8u","200 Atlantic Ave Unit 107, Lynbrook, NY 11563","299999","1","Stock Cooperative","Active","https://onekeymls.com/home-details/200-atlantic-ave-unit-107-lynbrook-ny-11563/9JSv6qCZj8u"
"lhxblpTDvSB","187 Westminster Rd, Lynbrook, NY 11563","550000","3","Single Family Residence","Pending","https://onekeymls.com/home-details/187-westminster-rd-lynbrook-ny-11563/lhxblpTDvSB"
"gscJo1DGBfA","161 Union Ave Unit 5, Lynbrook, NY 11563","699000","2","Condominium","Active","https://onekeymls.com/home-details/161-union-ave-unit-5-lynbrook-ny-11563/gscJo1DGBfA"
"2ss7sAtTOh4","32 Everett, Lynbrook, NY 11563","749990","3","Single Family Residence","Active","https://onekeymls.com/home-details/32-everett-lynbrook-ny-11563/2ss7sAtTOh4"
"kmZAYCCXtxF","21 Randall Ave, Lynbrook, NY 11563","699000","4","Single Family Residence","Active","https://onekeymls.com/home-details/21-randall-ave-lynbrook-ny-11563/kmZAYCCXtxF"
"4y282eLrerm","167 Lakeview Ave, Lynbrook, NY 11563","775000","3","Single Family Residence","Active","https://onekeymls.com/home-details/167-lakeview-ave-lynbrook-ny-11563/4y282eLrerm"
"kN4g5cFLvZW","485 Peninsula Blvd, Lynbrook, NY 11563","895000","4","Duplex","Active","https://onekeymls.com/home-details/485-peninsula-blvd-lynbrook-ny-11563/kN4g5cFLvZW"
"1d08NUWTnXJ","17 Piccadilly Downs, Lynbrook, NY 11563","899000","3","Single Family Residence","Active","https://onekeymls.com/home-details/17-piccadilly-downs-lynbrook-ny-11563/1d08NUWTnXJ"
"3OvkxmM0eg6","43 Elm St, Lynbrook, NY 11563","749000","3","Single Family Residence","Active","https://onekeymls.com/home-details/43-elm-st-lynbrook-ny-11563/3OvkxmM0eg6"
"lWuoJlhpQWB","198 Canterbury, Lynbrook, NY 11563","849000","4","Single Family Residence","Active","https://onekeymls.com/home-details/198-canterbury-lynbrook-ny-11563/lWuoJlhpQWB"
"3OU9CgyU8yo","63 Buckingham Pl, Lynbrook, NY 11563","849000","3","Single Family Residence","Active","https://onekeymls.com/home-details/63-buckingham-pl-lynbrook-ny-11563/3OU9CgyU8yo"
"atOhA3C80Br","34 Reyam Rd, Lynbrook, NY 11563","999700","3","Single Family Residence","Active","https://onekeymls.com/home-details/34-reyam-rd-lynbrook-ny-11563/atOhA3C80Br"
"i16AYeztgKt","9 Christabel St, Lynbrook, NY 11563","749900","3","Single Family Residence","Active","https://onekeymls.com/home-details/9-christabel-st-lynbrook-ny-11563/i16AYeztgKt"
"bt3UhdawpeC","375 Peninsula Blvd, Lynbrook, NY 11563","789000","3","Single Family Residence","Pending","https://onekeymls.com/home-details/375-peninsula-blvd-lynbrook-ny-11563/bt3UhdawpeC"
"afEmyxgqEqb","7 Lancaster St, Lynbrook, NY 11563","675000","2","Single Family Residence","Pending","https://onekeymls.com/home-details/7-lancaster-st-lynbrook-ny-11563/afEmyxgqEqb"
"8NRbWjdqCM0","30 Daley Pl Unit 136, Lynbrook, NY 11563","285000","1","Stock Cooperative","Pending","https://onekeymls.com/home-details/30-daley-pl-unit-136-lynbrook-ny-11563/8NRbWjdqCM0"
"ekBrw5tLDxs","31 Edward St, Lynbrook, NY 11563","799000","4","Single Family Residence","Pending","https://onekeymls.com/home-details/31-edward-st-lynbrook-ny-11563/ekBrw5tLDxs"
"8GIVGi2jb4q","144 Buckingham Pl, Lynbrook, NY 11563","849999","3","Single Family Residence","Active","https://onekeymls.com/home-details/144-buckingham-pl-lynbrook-ny-11563/8GIVGi2jb4q"
"3osmriemcc6","336 Scranton Ave, Lynbrook, NY 11563","949000","8","Duplex","Active","https://onekeymls.com/home-details/336-scranton-ave-lynbrook-ny-11563/3osmriemcc6"
"22WbavbQMhw","16 Devon St, Lynbrook, NY 11563","749999","3","Single Family Residence","Active","https://onekeymls.com/home-details/16-devon-st-lynbrook-ny-11563/22WbavbQMhw"
"fTS5AHGCir5","68 Shipherd Ave, Lynbrook, NY 11563","799800","3","Duplex","Active","https://onekeymls.com/home-details/68-shipherd-ave-lynbrook-ny-11563/fTS5AHGCir5"
"5CPX4ouVHY3","2 Wilson St, East Rockaway, NY 11518","799000","5","Single Family Residence","Active","https://onekeymls.com/home-details/2-wilson-st-east-rockaway-ny-11518/5CPX4ouVHY3"
"9GfXVRLXenh","320 Atlantic Ave Unit C1, East Rockaway, NY 11518","349000","2","Stock Cooperative","Active","https://onekeymls.com/home-details/320-atlantic-ave-unit-c1-east-rockaway-ny-11518/9GfXVRLXenh"
"gGBw2CUhVqo","131 Oceanview Rd, East Rockaway, NY 11518","849000","3","Single Family Residence","Active","https://onekeymls.com/home-details/131-oceanview-rd-east-rockaway-ny-11518/gGBw2CUhVqo"
"4lrjfYo3v8R","56 Denton Ave, East Rockaway, NY 11518","769000","3","Single Family Residence","Pending","https://onekeymls.com/home-details/56-denton-ave-east-rockaway-ny-11518/4lrjfYo3v8R"
"6V3ovnqH32D","2 Sampson St E, East Rockaway, NY 11518","429999","2","Single Family Residence","Coming Soon","https://onekeymls.com/home-details/2-sampson-st-e-east-rockaway-ny-11518/6V3ovnqH32D"
"ebFCq2sIHIj","631 Marina Pointe Dr Unit 631, East Rockaway, NY 11518","599000","2","Condominium","Pending","https://onekeymls.com/home-details/631-marina-pointe-dr-unit-631-east-rockaway-ny-11518/ebFCq2sIHIj"
"hM1559ryWDV","9 Prospect Ave, East Rockaway, NY 11518","639000","4","Single Family Residence","Pending","https://onekeymls.com/home-details/9-prospect-ave-east-rockaway-ny-11518/hM1559ryWDV"
"5k9R9LvAE9m","1 Rose Ln, East Rockaway, NY 11518","899000","3","Single Family Residence","Pending","https://onekeymls.com/home-details/1-rose-ln-east-rockaway-ny-11518/5k9R9LvAE9m"
"eTN1Vy4vIXp","19 Howland Rd, East Rockaway, NY 11518","936000","4","Single Family Residence","Pending","https://onekeymls.com/home-details/19-howland-rd-east-rockaway-ny-11518/eTN1Vy4vIXp"
"9ho8UMSvEOM","5 James Street, East Rockaway, NY 11518","395000","2","Single Family Residence","Active","https://onekeymls.com/home-details/5-james-street-east-rockaway-ny-11518/9ho8UMSvEOM"
"cuLLqdggJyu","176 Main St, East Rockaway, NY 11518","1500000","3","Single Family Residence","Active","https://onekeymls.com/home-details/176-main-st-east-rockaway-ny-11518/cuLLqdggJyu"
"3bj1i5BhgLD","58 Alexine Ave, East Rockaway, NY 11518","805000","3","Single Family Residence","Active","https://onekeymls.com/home-details/58-alexine-ave-east-rockaway-ny-11518/3bj1i5BhgLD"
"9goiNG7XRpD","31 Cail Dr, East Rockaway, NY 11518","999000","3","Single Family Residence","Active","https://onekeymls.com/home-details/31-cail-dr-east-rockaway-ny-11518/9goiNG7XRpD"
"dOu32imKN5p","121 Marina Pointe Dr Unit 121, East Rockaway, NY 11518","699000","2","Condominium","Active","https://onekeymls.com/home-details/121-marina-pointe-dr-unit-121-east-rockaway-ny-11518/dOu32imKN5p"
"bXr874iUXnr","333 Ocean Ave, East Rockaway, NY 11518","650000","3","Single Family Residence","Active","https://onekeymls.com/home-details/333-ocean-ave-east-rockaway-ny-11518/bXr874iUXnr"
"9NlUbExOGVz","315 Atlantic Ave Unit 1A, East Rockaway, NY 11518","275000","1","Stock Cooperative","Active","https://onekeymls.com/home-details/315-atlantic-ave-unit-1a-east-rockaway-ny-11518/9NlUbExOGVz"
"10e9ihd1aOe","28 Cammerer Ave, East Rockaway, NY 11518","649999","3","Single Family Residence","Active","https://onekeymls.com/home-details/28-cammerer-ave-east-rockaway-ny-11518/10e9ihd1aOe"
"6uNYtYhByCZ","16 Dewey St E, East Rockaway, NY 11518","649500","3","Single Family Residence","Active","https://onekeymls.com/home-details/16-dewey-st-e-east-rockaway-ny-11518/6uNYtYhByCZ"
"gORUhTIZKHZ","6 Grenville Ct, East Rockaway, NY 11518","699000","4","Single Family Residence","Pending","https://onekeymls.com/home-details/6-grenville-ct-east-rockaway-ny-11518/gORUhTIZKHZ"
"7efAZk8Vi19","290 Atlantic Ave Unit 211, East Rockaway, NY 11518","379000","2","Stock Cooperative","Active","https://onekeymls.com/home-details/290-atlantic-ave-unit-211-east-rockaway-ny-11518/7efAZk8Vi19"
"71earHLnPf4","27 Alice Ct, East Rockaway, NY 11518","799000","4","Single Family Residence","Pending","https://onekeymls.com/home-details/27-alice-ct-east-rockaway-ny-11518/71earHLnPf4"
"hKHLPpJz8Ca","147 Lawson Ave, East Rockaway, NY 11518","425000","1","Single Family Residence","Pending","https://onekeymls.com/home-details/147-lawson-ave-east-rockaway-ny-11518/hKHLPpJz8Ca"
"gMZSnwdiXF1","15 West Blvd, East Rockaway, NY 11518","859000","3","Single Family Residence","Active","https://onekeymls.com/home-details/15-west-blvd-east-rockaway-ny-11518/gMZSnwdiXF1"
"8Ika0lsxtdZ","54 Denton Ave, East Rockaway, NY 11518","889000","4","Single Family Residence","Active","https://onekeymls.com/home-details/54-denton-ave-east-rockaway-ny-11518/8Ika0lsxtdZ"
"iPxw6Lg6D2q","280 Atlantic Ave Unit 116, East Rockaway, NY 11518","495000","2","Stock Cooperative","Active","https://onekeymls.com/home-details/280-atlantic-ave-unit-116-east-rockaway-ny-11518/iPxw6Lg6D2q"
"4gP0kv0Sb0E","162 Baisley Ave, East Rockaway, NY 11518","495000","2","Single Family Residence","Pending","https://onekeymls.com/home-details/162-baisley-ave-east-rockaway-ny-11518/4gP0kv0Sb0E"
"6efmzGkirR0","16 Main St Unit 2K, East Rockaway, NY 11518","299999","1","Stock Cooperative","Active","https://onekeymls.com/home-details/16-main-st-unit-2k-east-rockaway-ny-11518/6efmzGkirR0"
"25JBfzM9WxJ","3 Fulton St E, East Rockaway, NY 11518","550000","2","Single Family Residence","Pending","https://onekeymls.com/home-details/3-fulton-st-e-east-rockaway-ny-11518/25JBfzM9WxJ"
"6Tm2n0GDXCC","490 Atlantic Ave Unit 115, East Rockaway, NY 11518","329000","1","Stock Cooperative","Active","https://onekeymls.com/home-details/490-atlantic-ave-unit-115-east-rockaway-ny-11518/6Tm2n0GDXCC"
"8CgaVHF9icM","725 Scranton Ave, East Rockaway, NY 11518","1149000","4","Single Family Residence","Pending","https://onekeymls.com/home-details/725-scranton-ave-east-rockaway-ny-11518/8CgaVHF9icM"
"5YZqAEdwcAr","74 Linmouth Rd, Malverne, NY 11565","949000","3","Single Family Residence","Active","https://onekeymls.com/home-details/74-linmouth-rd-malverne-ny-11565/5YZqAEdwcAr"
"aLjHwpwo8B","17 Oxford St, Malverne, NY 11565","929000","5","Single Family Residence","Active","https://onekeymls.com/home-details/17-oxford-st-malverne-ny-11565/aLjHwpwo8B"
"b5nCa8JXiCF","20 Voorhees Pl, Malverne, NY 11565","899000","4","Single Family Residence","Active","https://onekeymls.com/home-details/20-voorhees-pl-malverne-ny-11565/b5nCa8JXiCF"
"huhWJBgbFI8","99 Norwood Ave, Malverne, NY 11565","869000","4","Single Family Residence","Active","https://onekeymls.com/home-details/99-norwood-ave-malverne-ny-11565/huhWJBgbFI8"
"fkMqu2AaSDv","791 Cornwell Ave, Malverne, NY 11565","1299000","5","Single Family Residence","Active","https://onekeymls.com/home-details/791-cornwell-ave-malverne-ny-11565/fkMqu2AaSDv"
"iU2B3rGlzN1","118 Franklin Ave, Malverne, NY 11565","690000","3","Single Family Residence","Active","https://onekeymls.com/home-details/118-franklin-ave-malverne-ny-11565/iU2B3rGlzN1"
"gbFxnOBwLp7","42 Foster Ave, Malverne, NY 11565","809990","3","Single Family Residence","Pending","https://onekeymls.com/home-details/42-foster-ave-malverne-ny-11565/gbFxnOBwLp7"
"jk87g1tKfmk","49 Devon St, Malverne, NY 11565","699000","2","Single Family Residence","Pending","https://onekeymls.com/home-details/49-devon-st-malverne-ny-11565/jk87g1tKfmk"
"5kMAcO0Qkcm","43 Devon St, Malverne, NY 11565","730000","3","Single Family Residence","Pending","https://onekeymls.com/home-details/43-devon-st-malverne-ny-11565/5kMAcO0Qkcm"
"liptKIBF6g5","108 Woods Ave, Malverne, NY 11565","789000","4","Single Family Residence","Active","https://onekeymls.com/home-details/108-woods-ave-malverne-ny-11565/liptKIBF6g5"
"cfDFEigxGoH","125 Hanson Pl, Malverne, NY 11565","949000","4","Single Family Residence","Pending","https://onekeymls.com/home-details/125-hanson-pl-malverne-ny-11565/cfDFEigxGoH"
"bIuUVFKUucV","159 Church St, Malverne, NY 11565","675000","3","Single Family Residence","Active","https://onekeymls.com/home-details/159-church-st-malverne-ny-11565/bIuUVFKUucV"
"2B8vRnB4YK7","14 Beech Ct, Malverne, NY 11565","849000","4","Single Family Residence","Pending","https://onekeymls.com/home-details/14-beech-ct-malverne-ny-11565/2B8vRnB4YK7"
"9p1HBAOs49V","119 Norwood Ave, Malverne, NY 11565","729000","3","Single Family Residence","Pending","https://onekeymls.com/home-details/119-norwood-ave-malverne-ny-11565/9p1HBAOs49V"
"1Zk82U43iWz","52 Woods Ave, Malverne, NY 11565","769000","3","Single Family Residence","Pending","https://onekeymls.com/home-details/52-woods-ave-malverne-ny-11565/1Zk82U43iWz"
"3j4bO1DtLYz","179 Scarcliffe Dr, Malverne, NY 11565","799000","3","Single Family Residence","Pending","https://onekeymls.com/home-details/179-scarcliffe-dr-malverne-ny-11565/3j4bO1DtLYz"
"ejgsqOYSls6","165 Linmouth Rd, Malverne, NY 11565","870000","3","Single Family Residence","Active","https://onekeymls.com/home-details/165-linmouth-rd-malverne-ny-11565/ejgsqOYSls6"
"9Au283DNFGH","83 Scarcliffe Dr, Malverne, NY 11565","785000","3","Single Family Residence","Pending","https://onekeymls.com/home-details/83-scarcliffe-dr-malverne-ny-11565/9Au283DNFGH"
"jltwmTuOiiQ","78 Ambrose Ave, Malverne, NY 11565","819000","4","Single Family Residence","Pending","https://onekeymls.com/home-details/78-ambrose-ave-malverne-ny-11565/jltwmTuOiiQ"
"eMgXH19gAtH","109 Doncaster Rd, Malverne, NY 11565","899000","3","Single Family Residence","Pending","https://onekeymls.com/home-details/109-doncaster-rd-malverne-ny-11565/eMgXH19gAtH"
"csvKtD8TDfI","5 Cambridge St, Malverne, NY 11565","775000","4","Single Family Residence","Active","https://onekeymls.com/home-details/5-cambridge-st-malverne-ny-11565/csvKtD8TDfI"
"lucXUqaP87J","34 Drake St, Malverne, NY 11565","749999","3","Single Family Residence","Pending","https://onekeymls.com/home-details/34-drake-st-malverne-ny-11565/lucXUqaP87J"
"fR6r4Nd8ldb","40 Ogston Ter, Malverne, NY 11565","869000","4","Single Family Residence","Pending","https://onekeymls.com/home-details/40-ogston-ter-malverne-ny-11565/fR6r4Nd8ldb"
"f8jGLwc48Iv","53 Coolidge St, Malverne, NY 11565","849000","3","Single Family Residence","Pending","https://onekeymls.com/home-details/53-coolidge-st-malverne-ny-11565/f8jGLwc48Iv"
"eUfc0xnICU4","75 Wagg Ave, Malverne, NY 11565","775000","3","Single Family Residence","Pending","https://onekeymls.com/home-details/75-wagg-ave-malverne-ny-11565/eUfc0xnICU4"
"2rkU0lRwanS","10 Crimson Ave, Malverne, NY 11565","829000","3","Single Family Residence","Pending","https://onekeymls.com/home-details/10-crimson-ave-malverne-ny-11565/2rkU0lRwanS"
"eZUblhgizR8","30 Coolidge St, Malverne, NY 11565","779000","3","Single Family Residence","Pending","https://onekeymls.com/home-details/30-coolidge-st-malverne-ny-11565/eZUblhgizR8"
"Ab4QgHu977","21 Maple St, Malverne, NY 11565","699000","2","Single Family Residence","Pending","https://onekeymls.com/home-details/21-maple-st-malverne-ny-11565/Ab4QgHu977"
"2KcFO76jvhr","195 Scarcliffe Dr, Malverne, NY 11565","699999","3","Single Family Residence","Pending","https://onekeymls.com/home-details/195-scarcliffe-dr-malverne-ny-11565/2KcFO76jvhr"
"l7upEWOGRUE","23 Foster Ave, Malverne, NY 11565","1299000","4","Single Family Residence","Pending","https://onekeymls.com/home-details/23-foster-ave-malverne-ny-11565/l7upEWOGRUE"
